$date
	Sun Aug 30 15:04:57 2026
$end
$version
	Icarus Verilog
$end
$timescale
	1ps
$end
$scope module tb_ntt_top $end
$var wire 1 ! done $end
$var wire 12 " data_out [11:0] $end
$var reg 1 # clk $end
$var reg 12 $ data_in [11:0] $end
$var reg 1 % mode $end
$var reg 1 & rst_n $end
$var reg 1 ' start $end
$scope module dut $end
$var wire 1 # clk $end
$var wire 12 ( data_in [11:0] $end
$var wire 12 ) data_out [11:0] $end
$var wire 1 % mode $end
$var wire 1 & rst_n $end
$var wire 1 ' start $end
$var wire 12 * twiddle_data [11:0] $end
$var wire 7 + twiddle_addr [6:0] $end
$var wire 12 , reorder_out [11:0] $end
$var wire 12 - out_y1 [11:0] $end
$var wire 12 . out_y0 [11:0] $end
$var wire 1 ! done $end
$var wire 3 / current_stage [2:0] $end
$var wire 2 0 ctrl_d [1:0] $end
$scope module u_butterfly $end
$var wire 1 # clk $end
$var wire 12 1 in_b [11:0] $end
$var wire 1 % mode $end
$var wire 1 & rst_n $end
$var wire 12 2 pre_sub_res [11:0] $end
$var wire 12 3 pre_div2_res [11:0] $end
$var wire 12 4 pre_add_res [11:0] $end
$var wire 12 5 post_sub_res [11:0] $end
$var wire 12 6 post_div2_res [11:0] $end
$var wire 12 7 post_add_res [11:0] $end
$var wire 12 8 out_y1 [11:0] $end
$var wire 12 9 out_y0 [11:0] $end
$var wire 12 : mul_out [11:0] $end
$var wire 12 ; mul_op_b [11:0] $end
$var wire 12 < in_twiddle [11:0] $end
$var wire 12 = in_a [11:0] $end
$var reg 12 > div2_ff1 [11:0] $end
$var reg 12 ? div2_ff2 [11:0] $end
$var reg 12 @ in_a_ff1 [11:0] $end
$var reg 12 A in_a_ff2 [11:0] $end
$scope module u_mul $end
$var wire 1 # clk $end
$var wire 12 B in_b [11:0] $end
$var wire 1 & rst_n $end
$var wire 17 C t_sub [16:0] $end
$var wire 16 D t_high [15:0] $end
$var wire 32 E t [31:0] $end
$var wire 16 F m [15:0] $end
$var wire 12 G in_a [11:0] $end
$var parameter 16 H Q $end
$var parameter 16 I Q_INV $end
$var reg 24 J c [23:0] $end
$var reg 12 K out_res [11:0] $end
$upscope $end
$scope module u_post $end
$var wire 12 L in_a [11:0] $end
$var wire 12 M in_b [11:0] $end
$var wire 13 N sum_tmp [12:0] $end
$var wire 13 O sum_more_than_3329 [12:0] $end
$var wire 13 P sub_tmp [12:0] $end
$var wire 12 Q out_sub [11:0] $end
$var wire 12 R out_div2 [11:0] $end
$var wire 12 S out_add [11:0] $end
$var wire 13 T div_odd [12:0] $end
$var parameter 12 U Q $end
$upscope $end
$scope module u_pre $end
$var wire 12 V in_b [11:0] $end
$var wire 13 W sum_tmp [12:0] $end
$var wire 13 X sum_more_than_3329 [12:0] $end
$var wire 13 Y sub_tmp [12:0] $end
$var wire 12 Z out_sub [11:0] $end
$var wire 12 [ out_div2 [11:0] $end
$var wire 12 \ out_add [11:0] $end
$var wire 12 ] in_a [11:0] $end
$var wire 13 ^ div_odd [12:0] $end
$var parameter 12 _ Q $end
$upscope $end
$upscope $end
$scope module u_fsm $end
$var wire 1 # clk $end
$var wire 1 & rst_n $end
$var wire 1 ' start $end
$var wire 12 ` twiddle_data [11:0] $end
$var wire 7 a twiddle_addr [6:0] $end
$var parameter 2 b S_DONE $end
$var parameter 2 c S_IDLE $end
$var parameter 2 d S_RUN $end
$var reg 7 e base_addr [6:0] $end
$var reg 2 f ctrl_d [1:0] $end
$var reg 3 g current_stage [2:0] $end
$var reg 1 ! done $end
$var reg 7 h group_index [6:0] $end
$var reg 2 i state [1:0] $end
$var reg 7 j step_cnt [6:0] $end
$upscope $end
$scope module u_reorder $end
$var wire 1 # clk $end
$var wire 2 k ctrl_d [1:0] $end
$var wire 12 l data_in [11:0] $end
$var wire 1 m en $end
$var wire 12 n fb_in [11:0] $end
$var wire 1 & rst_n $end
$var wire 12 o mux1_out [11:0] $end
$var wire 12 p mux0_out [11:0] $end
$var reg 12 q data_out [11:0] $end
$var reg 12 r reg_1d_a [11:0] $end
$var reg 12 s reg_1d_b [11:0] $end
$var reg 12 t reg_2d_a [11:0] $end
$var reg 12 u reg_2d_b [11:0] $end
$upscope $end
$upscope $end
$upscope $end
$enddefinitions $end
$comment Show the parameter values. $end
$dumpall
b1 d
b0 c
b10 b
b110100000001 _
b110100000001 U
b110011111111 I
b110100000001 H
$end
#0
$dumpvars
b0 u
b0 t
b0 s
b0 r
b0 q
b0 p
b0 o
b0 n
1m
b0 l
b0 k
b0 j
b0 i
b0 h
b1 g
b0 f
b1 e
b0 a
b100011101100 `
b110100000010 ^
b0 ]
b1 \
b11010000001 [
b110100000000 Z
b1111111111111 Y
b1001100000000 X
b1 W
b1 V
b110100000001 T
b0 S
b0 R
b0 Q
b0 P
b1001011111111 O
b0 N
b0 M
b0 L
b0 K
b0 J
b100011101100 G
b0 F
b0 E
b0 D
b11111001011111111 C
b1 B
b0 A
b0 @
b0 ?
b0 >
b0 =
b100011101100 <
b1 ;
b0 :
b0 9
b0 8
b0 7
b0 6
b0 5
b1 4
b11010000001 3
b110100000000 2
b1 1
b0 0
b1 /
b0 .
b0 -
b0 ,
b0 +
b100011101100 *
b0 )
b1 (
0'
0&
0%
b1 $
0#
b0 "
0!
$end
#5000
1#
#10000
0#
#15000
1#
#20000
0#
1&
#25000
b1 3
b1 [
b11111111101011000 C
b110001011001 D
b110100000011 ^
b10 4
b10 \
b110011111111 2
b110011111111 Z
b1111001100010100 F
b10 ;
b10 B
b11010000001 >
b1100010110010000000000000000 E
b100011101100 J
b1001100000001 X
b10 W
b1111111111110 Y
b10 $
b10 (
b10 1
b10 V
1#
#30000
0#
#35000
b110010101101 6
b110010101101 R
b11010000010 3
b11010000010 [
b110001011001 .
b110001011001 9
b110001011001 l
b10101000 "
b10101000 )
b10101000 -
b10101000 8
b10101000 n
b11111111010110000 C
b101110110001 D
b1100101011010 T
b110001011001 7
b110001011001 S
b10101000 5
b10101000 Q
b110100000100 ^
b11 4
b11 \
b110011111110 2
b110011111110 Z
b1110011000101000 F
b11 ;
b11 B
b1011101100010000000000000000 E
b1000111011000 J
b1111101011000 O
b110001011001 N
b1001110100111 P
b110001011001 :
b110001011001 K
b110001011001 M
b11010000001 ?
b1 >
b1001100000010 X
b11 W
b1111111111101 Y
b11 $
b11 (
b11 1
b11 V
1#
#40000
0#
1'
#45000
b110001011001 6
b110001011001 R
b10 3
b10 [
b101110110001 .
b101110110001 9
b101110110001 l
b101010000 "
b101010000 )
b101010000 -
b101010000 8
b101010000 n
b1100010110010 T
b101110110001 7
b101110110001 S
b101010000 5
b101010000 Q
b11111111000001000 C
b101100001001 D
b110100000101 ^
b100 4
b100 \
b110011111101 2
b110011111101 Z
b110001011001 p
b1101100100111100 F
b101111011010 *
b101111011010 <
b101111011010 G
b101111011010 `
b1 +
b1 a
b100 ;
b100 B
b110001011001 r
b1 ?
b11010000010 >
b1111010110000 O
b101110110001 N
b1010001001111 P
b101110110001 :
b101110110001 K
b101110110001 M
b1011000010010000000000000000 E
b1101011000100 J
b1 i
b1001100000011 X
b100 W
b1111111111100 Y
b100 $
b100 (
b100 1
b100 V
1#
#50000
0#
0'
#55000
b110000000101 6
b110000000101 R
b11010000011 3
b11010000011 [
b101100001001 .
b101100001001 9
b101100001001 l
b111111000 "
b111111000 )
b111111000 -
b111111000 8
b111111000 n
b11111010000111111 C
b101000000 D
b1100000001010 T
b101100001001 7
b101100001001 S
b111111000 5
b111111000 Q
b110100000110 ^
b101 4
b101 \
b110011111100 2
b110011111100 Z
b1100010011000 F
b110001011001 o
b101110110001 p
b101 ;
b101 B
b1 j
b1010000000000000000000000 E
b10111101101000 J
b1111000001000 O
b101100001001 N
b1010011110111 P
b101100001001 :
b101100001001 K
b101100001001 M
b11010000010 ?
b10 >
b110001011001 s
b101110110001 r
b1001100000100 X
b101 W
b1111111111011 Y
b101 $
b101 (
b101 1
b101 V
1#
#60000
0#
#65000
b10100000 6
b10100000 R
b11 3
b11 [
b101000000 .
b101000000 9
b101000000 l
b101111000001 "
b101111000001 )
b101111000001 -
b101111000001 8
b101111000001 n
b111001000001 T
b101000000 7
b101000000 S
b101111000001 5
b101111000001 Q
b11111010010001111 C
b110010000 D
b110100000111 ^
b110 4
b110 \
b110011111011 2
b110011111011 Z
b101110110001 o
b101100001001 p
b1111010111110 F
b110 ;
b110 B
b110001011001 t
b101110110001 s
b101100001001 r
b10 ?
b11010000011 >
b1010000111111 O
b101000000 N
b1111011000000 P
b101000000 :
b101000000 K
b101000000 M
b1100100000000000000000000 E
b11101101000010 J
b10 j
b1001100000101 X
b110 W
b1111111111010 Y
b110 $
b110 (
b110 1
b110 V
1#
#70000
0#
#75000
b11001000 6
b11001000 R
b11000110000 3
b11000110000 [
b110010000 .
b110010000 9
b110010000 l
b101101110001 "
b101101110001 )
b101101110001 -
b101101110001 8
b101101110001 n
b11111010011011111 C
b111100000 D
b111010010001 T
b110010000 7
b110010000 S
b101101110001 5
b101101110001 Q
b1100101100001 ^
b110001100000 4
b110001100000 \
b110001010010 2
b110001010010 Z
b10010011100100 F
b101100001001 o
b110001011001 ,
b110001011001 =
b110001011001 ]
b110001011001 q
b101000000 p
b111 ;
b111 B
b11 j
b1111000000000000000000000 E
b100011100011100 J
b1010010001111 O
b110010000 N
b1111001110000 P
b110010000 :
b110010000 K
b110010000 M
b11010000011 ?
b11 >
b110001011001 u
b101110110001 t
b101100001001 s
b101000000 r
b1111101011111 X
b110001100000 W
b110001010010 Y
b111 $
b111 (
b111 1
b111 V
1#
#80000
0#
#85000
b11110000 6
b11110000 R
b110001011101 3
b110001011101 [
b111100000 .
b111100000 9
b111100000 l
b101100100001 "
b101100100001 )
b101100100001 -
b101100100001 8
b101100100001 n
b111011100001 T
b111100000 7
b111100000 S
b101100100001 5
b101100100001 Q
b11111010100101111 C
b1000110000 D
b1100010111010 ^
b101110111001 4
b101110111001 \
b101110101001 2
b101110101001 Z
b101000000 o
b101110110001 ,
b101110110001 =
b101110110001 ]
b101110110001 q
b110010000 p
b10101100001010 F
b1000 ;
b1000 B
b101110110001 u
b101100001001 t
b101000000 s
b110010000 r
b11 ?
b11000110000 >
b110001011001 @
b1010011011111 O
b111100000 N
b1111000100000 P
b111100000 :
b111100000 K
b111100000 M
b10001100000000000000000000 E
b101001011110110 J
b100 j
b1111010111000 X
b101110111001 W
b101110101001 Y
b1000 $
b1000 (
b1000 1
b1000 V
1#
#90000
0#
#95000
b11000100 6
b11000100 R
b10110001001 3
b10110001001 [
b110001000 .
b110001000 9
b110001000 l
b101000101001 "
b101000101001 )
b101000101001 -
b101000101001 8
b101000101001 n
b11111010101111111 C
b1010000000 D
b111010001001 T
b110001000 7
b110001000 S
b101000101001 5
b101000101001 Q
b1100000010011 ^
b101100010010 4
b101100010010 \
b101100000000 2
b101100000000 Z
b11000100110000 F
b110010000 o
b101100001001 ,
b101100001001 =
b101100001001 ]
b101100001001 q
b111100000 p
b1001 ;
b1001 B
b101 j
b10100000000000000000000000 E
b101111011010000 J
b1000110000 :
b1000110000 K
b1000110000 M
b11000110000 ?
b110001011101 >
b110001000 O
b111010001001 N
b101000101001 P
b110001011001 A
b110001011001 L
b101110110001 @
b101100001001 u
b101000000 t
b110010000 s
b111100000 r
b1111000010001 X
b101100010010 W
b101100000000 Y
b1001 $
b1001 (
b1001 1
b1001 V
1#
#100000
0#
#105000
b10011000 6
b10011000 R
b10100101 3
b10100101 [
b100110000 .
b100110000 9
b100110000 l
b100100110001 "
b100100110001 )
b100100110001 -
b100100110001 8
b100100110001 n
b111000110001 T
b100110000 7
b100110000 S
b100100110001 5
b100100110001 Q
b11111010111001111 C
b1011010000 D
b111001001011 ^
b101001010 4
b101001010 \
b100110110 2
b100110110 Z
b111100000 o
b101000000 ,
b101000000 =
b101000000 ]
b101000000 q
b110001000 p
b11011101010110 F
b1010 ;
b1010 B
b101000000 u
b110010000 t
b111100000 s
b110001000 r
b110001011101 ?
b10110001001 >
b101110110001 A
b101110110001 L
b101100001001 @
b100110000 O
b111000110001 N
b100100110001 P
b1010000000 :
b1010000000 K
b1010000000 M
b10110100000000000000000000 E
b110101010101010 J
b110 j
b1010001001001 X
b101001010 W
b100110110 Y
b1010 $
b1010 (
b1010 1
b1010 V
1#
#110000
0#
#115000
b1101100 6
b1101100 R
b11101001110 3
b11101001110 [
b11011000 .
b11011000 9
b11011000 l
b100000111001 "
b100000111001 )
b100000111001 -
b100000111001 8
b100000111001 n
b11111011000011111 C
b1100100000 D
b110111011001 T
b11011000 7
b11011000 S
b100000111001 5
b100000111001 Q
b111010011100 ^
b110011011 4
b110011011 \
b110000101 2
b110000101 Z
b11110101111100 F
b110001000 o
b110010000 ,
b110010000 =
b110010000 ]
b110010000 q
b100110000 p
b1011 ;
b1011 B
b111 j
b11001000000000000000000000 E
b111011010000100 J
b1011010000 :
b1011010000 K
b1011010000 M
b10110001001 ?
b10100101 >
b11011000 O
b110111011001 N
b100000111001 P
b101100001001 A
b101100001001 L
b101000000 @
b110010000 u
b111100000 t
b110001000 s
b100110000 r
b1010010011010 X
b110011011 W
b110000101 Y
b1011 $
b1011 (
b1011 1
b1011 V
1#
#120000
0#
#125000
b1000110000 6
b1000110000 R
b11110110 3
b11110110 [
b10001100000 .
b10001100000 9
b10001100000 l
b101100100001 "
b101100100001 )
b101100100001 -
b101100100001 8
b101100100001 n
b1000101100001 T
b10001100000 7
b10001100000 S
b101100100001 5
b101100100001 Q
b11111011001101111 C
b1101110000 D
b111011101101 ^
b111101100 4
b111101100 \
b111010100 2
b111010100 Z
b100110000 o
b111100000 ,
b111100000 =
b111100000 ]
b111100000 q
b11011000 p
b100001110100010 F
b1100 ;
b1100 B
b111100000 u
b110001000 t
b100110000 s
b11011000 r
b10100101 ?
b11101001110 >
b101000000 A
b101000000 L
b110010000 @
b1011101011111 O
b10001100000 N
b1111000100000 P
b1100100000 :
b1100100000 K
b1100100000 M
b11011100000000000000000000 E
b1000001001011110 J
b1000 j
b1010011101011 X
b111101100 W
b111010100 Y
b1100 $
b1100 (
b1100 1
b1100 V
1#
#130000
0#
#135000
b1010000000 6
b1010000000 R
b11101001011 3
b11101001011 [
b10100000000 .
b10100000000 9
b10100000000 l
b11111011010111111 C
b1111000000 D
b1001000000001 T
b10100000000 7
b10100000000 S
b111010010110 ^
b110010101 4
b110010101 \
b101111011 2
b101111011 Z
b100100111001000 F
b11011000 o
b110001000 ,
b110001000 =
b110001000 ]
b110001000 q
b10001100000 p
b1101 ;
b1101 B
b1001 j
b11110000000000000000000000 E
b1000111000111000 J
b1101110000 :
b1101110000 K
b1101110000 M
b11101001110 ?
b11110110 >
b1011111111111 O
b10100000000 N
b1111000100000 P
b110010000 A
b110010000 L
b111100000 @
b110001000 u
b100110000 t
b11011000 s
b10001100000 r
b1010010010100 X
b110010101 W
b101111011 Y
b1101 $
b1101 (
b1101 1
b1101 V
1#
#140000
0#
#145000
b1011010000 6
b1011010000 R
b10011111 3
b10011111 [
b10110100000 .
b10110100000 9
b10110100000 l
b1001010100001 T
b10110100000 7
b10110100000 S
b11111011100001111 C
b10000010000 D
b111000111111 ^
b100111110 4
b100111110 \
b100100010 2
b100100010 Z
b10001100000 o
b100110000 ,
b100110000 =
b100110000 ]
b100110000 q
b10100000000 p
b100111111101110 F
b1110 ;
b1110 B
b100110000 u
b11011000 t
b10001100000 s
b10100000000 r
b11110110 ?
b11101001011 >
b111100000 A
b111100000 L
b110001000 @
b1100010011111 O
b10110100000 N
b1111000100000 P
b1111000000 :
b1111000000 K
b1111000000 M
b100000100000000000000000000 E
b1001101000010010 J
b1010 j
b1010000111101 X
b100111110 W
b100100010 Y
b1110 $
b1110 (
b1110 1
b1110 V
1#
#150000
0#
#155000
b1011001100 6
b1011001100 R
b11011110100 3
b11011110100 [
b10110011000 .
b10110011000 9
b10110011000 l
b101001111001 "
b101001111001 )
b101001111001 -
b101001111001 8
b101001111001 n
b11111011101011111 C
b10001100000 D
b1001010011001 T
b10110011000 7
b10110011000 S
b101001111001 5
b101001111001 Q
b110111101000 ^
b11100111 4
b11100111 \
b11001001 2
b11001001 Z
b101011000010100 F
b10100000000 o
b11011000 ,
b11011000 =
b11011000 ]
b11011000 q
b10110100000 p
b1111 ;
b1111 B
b1011 j
b100011000000000000000000000 E
b1010010111101100 J
b10000010000 :
b10000010000 K
b10000010000 M
b11101001011 ?
b10011111 >
b1100010010111 O
b10110011000 N
b1110101111000 P
b110001000 A
b110001000 L
b100110000 @
b11011000 u
b10001100000 t
b10100000000 s
b10110100000 r
b1001111100110 X
b11100111 W
b11001001 Y
b1111 $
b1111 (
b1111 1
b1111 V
1#
#160000
0#
#165000
b1011001000 6
b1011001000 R
b1000111000 3
b1000111000 [
b10110010000 .
b10110010000 9
b10110010000 l
b100111010001 "
b100111010001 )
b100111010001 -
b100111010001 8
b100111010001 n
b1001010010001 T
b10110010000 7
b10110010000 S
b100111010001 5
b100111010001 Q
b11111011110101111 C
b10010110000 D
b1000101110001 ^
b10001110000 4
b10001110000 \
b10001010000 2
b10001010000 Z
b10110100000 o
b10001100000 ,
b10001100000 =
b10001100000 ]
b10001100000 q
b10110011000 p
b101110000111010 F
b10000 ;
b10000 B
b10001100000 u
b10100000000 t
b10110100000 s
b10110011000 r
b10011111 ?
b11011110100 >
b100110000 A
b100110000 L
b11011000 @
b1100010001111 O
b10110010000 N
b1110011010000 P
b10001100000 :
b10001100000 K
b10001100000 M
b100101100000000000000000000 E
b1011000111000110 J
b1100 j
b1011101101111 X
b10001110000 W
b10001010000 Y
b10000 $
b10000 (
b10000 1
b10000 V
1#
#170000
0#
#175000
b1011000100 6
b1011000100 R
b100100001001 3
b100100001001 [
b10110001000 .
b10110001000 9
b10110001000 l
b100100101001 "
b100100101001 )
b100100101001 -
b100100101001 8
b100100101001 n
b11111011111111111 C
b10100000000 D
b1001010001001 T
b10110001000 7
b10110001000 S
b100100101001 5
b100100101001 Q
b1001000010010 ^
b10100010001 4
b10100010001 \
b10011101111 2
b10011101111 Z
b110001001100000 F
b10110011000 o
b10100000000 ,
b10100000000 =
b10100000000 ]
b10100000000 q
b10110010000 p
b10001 ;
b10001 B
b1101 j
b101000000000000000000000000 E
b1011110110100000 J
b10010110000 :
b10010110000 K
b10010110000 M
b11011110100 ?
b1000111000 >
b1100010000111 O
b10110001000 N
b1110000101000 P
b11011000 A
b11011000 L
b10001100000 @
b10100000000 u
b10110100000 t
b10110011000 s
b10110010000 r
b1100000010000 X
b10100010001 W
b10011101111 Y
b10001 $
b10001 (
b10001 1
b10001 V
1#
#180000
0#
#185000
b10010110000 6
b10010110000 R
b1011011001 3
b1011011001 [
b100101100000 .
b100101100000 9
b100101100000 l
b110001100001 "
b110001100001 )
b110001100001 -
b110001100001 8
b110001100001 n
b1011001100001 T
b100101100000 7
b100101100000 S
b110001100001 5
b110001100001 Q
b11111100001001111 C
b10101010000 D
b1001010110011 ^
b10110110010 4
b10110110010 \
b10110001110 2
b10110001110 Z
b10110010000 o
b10110100000 ,
b10110100000 =
b10110100000 ]
b10110100000 q
b10110001000 p
b110100010000110 F
b10010 ;
b10010 B
b10110100000 u
b10110011000 t
b10110010000 s
b10110001000 r
b1000111000 ?
b100100001001 >
b10001100000 A
b10001100000 L
b10100000000 @
b1110001011111 O
b100101100000 N
b1111101100000 P
b10100000000 :
b10100000000 K
b10100000000 M
b101010100000000000000000000 E
b1100100101111010 J
b1110 j
b1100010110001 X
b10110110010 W
b10110001110 Y
b10010 $
b10010 (
b10010 1
b10010 V
1#
#190000
0#
#195000
b10100101000 6
b10100101000 R
b100101010110 3
b100101010110 [
b101001010000 .
b101001010000 9
b101001010000 l
b110010110001 "
b110010110001 )
b110010110001 -
b110010110001 8
b110010110001 n
b11111100010011111 C
b10110100000 D
b1011101010001 T
b101001010000 7
b101001010000 S
b110010110001 5
b110010110001 Q
b1001010101100 ^
b10110101011 4
b10110101011 \
b10110000101 2
b10110000101 Z
b110111010101100 F
b10110001000 o
b10110011000 ,
b10110011000 =
b10110011000 ]
b10110011000 q
b100101100000 p
b10011 ;
b10011 B
b1111 j
b101101000000000000000000000 E
b1101010101010100 J
b10101010000 :
b10101010000 K
b10101010000 M
b100100001001 ?
b1011011001 >
b1110101001111 O
b101001010000 N
b1111110110000 P
b10100000000 A
b10100000000 L
b10110100000 @
b10110011000 u
b10110010000 t
b10110001000 s
b100101100000 r
b1100010101010 X
b10110101011 W
b10110000101 Y
b10011 $
b10011 (
b10011 1
b10011 V
1#
#200000
0#
#205000
b10110100000 6
b10110100000 R
b1011010010 3
b1011010010 [
b101101000000 .
b101101000000 9
b101101000000 l
b0 "
b0 )
b0 -
b0 8
b0 n
b1100001000001 T
b101101000000 7
b101101000000 S
b0 5
b0 Q
b11111100011101111 C
b10111110000 D
b1001010100101 ^
b10110100100 4
b10110100100 \
b10101111100 2
b10101111100 Z
b100101100000 o
b10110010000 ,
b10110010000 =
b10110010000 ]
b10110010000 q
b101001010000 p
b111010011010010 F
b10100 ;
b10100 B
b10110010000 u
b10110001000 t
b100101100000 s
b101001010000 r
b1011011001 ?
b100101010110 >
b10110100000 A
b10110100000 L
b10110011000 @
b1111000111111 O
b101101000000 N
b0 P
b10110100000 :
b10110100000 K
b10110100000 M
b101111100000000000000000000 E
b1110000100101110 J
b10000 j
b1100010100011 X
b10110100100 W
b10101111100 Y
b10100 $
b10100 (
b10100 1
b10100 V
1#
#210000
0#
#215000
b10111000100 6
b10111000100 R
b100101001111 3
b100101001111 [
b101110001000 .
b101110001000 9
b101110001000 l
b110010101001 "
b110010101001 )
b110010101001 -
b110010101001 8
b110010101001 n
b11111100100111111 C
b11001000000 D
b1100010001001 T
b101110001000 7
b101110001000 S
b110010101001 5
b110010101001 Q
b1001010011110 ^
b10110011101 4
b10110011101 \
b10101110011 2
b10101110011 Z
b111101011111000 F
b101001010000 o
b10110001000 ,
b10110001000 =
b10110001000 ]
b10110001000 q
b101101000000 p
b10101 ;
b10101 B
b10001 j
b110010000000000000000000000 E
b1110110100001000 J
b10111110000 :
b10111110000 K
b10111110000 M
b100101010110 ?
b1011010010 >
b1111010000111 O
b101110001000 N
b1111110101000 P
b10110011000 A
b10110011000 L
b10110010000 @
b10110001000 u
b100101100000 t
b101001010000 s
b101101000000 r
b1100010011100 X
b10110011101 W
b10101110011 Y
b10101 $
b10101 (
b10101 1
b10101 V
1#
#220000
0#
#225000
b10111101000 6
b10111101000 R
b10010111011 3
b10010111011 [
b101111010000 .
b101111010000 9
b101111010000 l
b110001010001 "
b110001010001 )
b110001010001 -
b110001010001 8
b110001010001 n
b1100011010001 T
b101111010000 7
b101111010000 S
b110001010001 5
b110001010001 Q
b11111100110001111 C
b11010010000 D
b1011001110111 ^
b100101110110 4
b100101110110 \
b100101001010 2
b100101001010 Z
b101101000000 o
b100101100000 ,
b100101100000 =
b100101100000 ]
b100101100000 q
b101110001000 p
b1000000100011110 F
b10110 ;
b10110 B
b100101100000 u
b101001010000 t
b101101000000 s
b101110001000 r
b1011010010 ?
b100101001111 >
b10110010000 A
b10110010000 L
b10110001000 @
b1111011001111 O
b101111010000 N
b1111101010000 P
b11001000000 :
b11001000000 K
b11001000000 M
b110100100000000000000000000 E
b1111100011100010 J
b10010 j
b1110001110101 X
b100101110110 W
b100101001010 Y
b10110 $
b10110 (
b10110 1
b10110 V
1#
#230000
0#
#235000
b11000001100 6
b11000001100 R
b101110110100 3
b101110110100 [
b110000011000 .
b110000011000 9
b110000011000 l
b101111111001 "
b101111111001 )
b101111111001 -
b101111111001 8
b101111111001 n
b11111100111011111 C
b11011100000 D
b1100100011001 T
b110000011000 7
b110000011000 S
b101111111001 5
b101111111001 Q
b1011101101000 ^
b101001100111 4
b101001100111 \
b101000111001 2
b101000111001 Z
b1000011101000100 F
b101110001000 o
b101001010000 ,
b101001010000 =
b101001010000 ]
b101001010000 q
b101111010000 p
b10111 ;
b10111 B
b10011 j
b110111000000000000000000000 E
b10000010010111100 J
b11010010000 :
b11010010000 K
b11010010000 M
b100101001111 ?
b10010111011 >
b1111100010111 O
b110000011000 N
b1111011111000 P
b10110001000 A
b10110001000 L
b100101100000 @
b101001010000 u
b101101000000 t
b101110001000 s
b101111010000 r
b1110101100110 X
b101001100111 W
b101000111001 Y
b10111 $
b10111 (
b10111 1
b10111 V
1#
#240000
0#
#245000
b100000100000 6
b100000100000 R
b10110101100 3
b10110101100 [
b1100111111 .
b1100111111 9
b1100111111 l
b1010000000 "
b1010000000 )
b1010000000 -
b1010000000 8
b1010000000 n
b1000001000000 T
b1100111111 7
b1100111111 S
b1010000000 5
b1010000000 Q
b11111101000101111 C
b11100110000 D
b1100001011001 ^
b101101011000 4
b101101011000 \
b101100101000 2
b101100101000 Z
b101111010000 o
b101101000000 ,
b101101000000 =
b101101000000 ]
b101101000000 q
b110000011000 p
b1000110101101010 F
b11000 ;
b11000 B
b101101000000 u
b101110001000 t
b101111010000 s
b110000011000 r
b10010111011 ?
b101110110100 >
b100101100000 A
b100101100000 L
b101001010000 @
b1100111111 O
b1000001000000 N
b1010000000 P
b11011100000 :
b11011100000 K
b11011100000 M
b111001100000000000000000000 E
b10001000010010110 J
b10100 j
b1111001010111 X
b101101011000 W
b101100101000 Y
b11000 $
b11000 (
b11000 1
b11000 V
1#
#250000
0#
#255000
b100011000000 6
b100011000000 R
b110001010001 3
b110001010001 [
b10001111111 .
b10001111111 9
b10001111111 l
b1100100000 "
b1100100000 )
b1100100000 -
b1100100000 8
b1100100000 n
b11111101001111111 C
b11110000000 D
b1000110000000 T
b10001111111 7
b10001111111 S
b1100100000 5
b1100100000 Q
b1100010100010 ^
b101110100001 4
b101110100001 \
b101101101111 2
b101101101111 Z
b1001001110010000 F
b110000011000 o
b101110001000 ,
b101110001000 =
b101110001000 ]
b101110001000 q
b1100111111 p
b11001 ;
b11001 B
b10101 j
b111100000000000000000000000 E
b10001110001110000 J
b11100110000 :
b11100110000 K
b11100110000 M
b101110110100 ?
b10110101100 >
b10001111111 O
b1000110000000 N
b1100100000 P
b101001010000 A
b101001010000 L
b101101000000 @
b101110001000 u
b101111010000 t
b110000011000 s
b1100111111 r
b1111010100000 X
b101110100001 W
b101101101111 Y
b11001 $
b11001 (
b11001 1
b11001 V
1#
#260000
0#
#265000
b100101100000 6
b100101100000 R
b10111110101 3
b10111110101 [
b10110111111 .
b10110111111 9
b10110111111 l
b1111000000 "
b1111000000 )
b1111000000 -
b1111000000 8
b1111000000 n
b1001011000000 T
b10110111111 7
b10110111111 S
b1111000000 5
b1111000000 Q
b11111101011001111 C
b11111010000 D
b1100011101011 ^
b101111101010 4
b101111101010 \
b101110110110 2
b101110110110 Z
b1100111111 o
b101111010000 ,
b101111010000 =
b101111010000 ]
b101111010000 q
b10001111111 p
b1001100110110110 F
b11010 ;
b11010 B
b101111010000 u
b110000011000 t
b1100111111 s
b10001111111 r
b10110101100 ?
b110001010001 >
b101101000000 A
b101101000000 L
b101110001000 @
b10110111111 O
b1001011000000 N
b1111000000 P
b11110000000 :
b11110000000 K
b11110000000 M
b111110100000000000000000000 E
b10010100001001010 J
b10110 j
b1111011101001 X
b101111101010 W
b101110110110 Y
b11010 $
b11010 (
b11010 1
b11010 V
1#
#270000
0#
#275000
b100110101100 6
b100110101100 R
b110010011010 3
b110010011010 [
b11001010111 .
b11001010111 9
b11001010111 l
b1110111000 "
b1110111000 )
b1110111000 -
b1110111000 8
b1110111000 n
b11111101100011111 C
b100000100000 D
b1001101011000 T
b11001010111 7
b11001010111 S
b1110111000 5
b1110111000 Q
b1100100110100 ^
b110000110011 4
b110000110011 \
b101111111101 2
b101111111101 Z
b1001111111011100 F
b10001111111 o
b110000011000 ,
b110000011000 =
b110000011000 ]
b110000011000 q
b10110111111 p
b11011 ;
b11011 B
b10111 j
b1000001000000000000000000000 E
b10011010000100100 J
b11111010000 :
b11111010000 K
b11111010000 M
b110001010001 ?
b10111110101 >
b11001010111 O
b1001101011000 N
b1110111000 P
b101110001000 A
b101110001000 L
b101111010000 @
b110000011000 u
b1100111111 t
b10001111111 s
b10110111111 r
b1111100110010 X
b110000110011 W
b101111111101 Y
b11011 $
b11011 (
b11011 1
b11011 V
1#
#280000
0#
#285000
b100111111000 6
b100111111000 R
b100000101110 3
b100000101110 [
b11011101111 .
b11011101111 9
b11011101111 l
b1110110000 "
b1110110000 )
b1110110000 -
b1110110000 8
b1110110000 n
b1001111110000 T
b11011101111 7
b11011101111 S
b1110110000 5
b1110110000 Q
b11111101101101111 C
b100001110000 D
b1000001011100 ^
b1101011011 4
b1101011011 \
b1100100011 2
b1100100011 Z
b10110111111 o
b1100111111 ,
b1100111111 =
b1100111111 ]
b1100111111 q
b11001010111 p
b1010011000000010 F
b11100 ;
b11100 B
b1100111111 u
b10001111111 t
b10110111111 s
b11001010111 r
b10111110101 ?
b110010011010 >
b101111010000 A
b101111010000 L
b110000011000 @
b11011101111 O
b1001111110000 N
b1110110000 P
b100000100000 :
b100000100000 K
b100000100000 M
b1000011100000000000000000000 E
b10011111111111110 J
b11000 j
b1011001011010 X
b1101011011 W
b1100100011 Y
b11100 $
b11100 (
b11100 1
b11100 V
1#
#290000
0#
#295000
b101001000100 6
b101001000100 R
b1001001110 3
b1001001110 [
b11110000111 .
b11110000111 9
b11110000111 l
b1110101000 "
b1110101000 )
b1110101000 -
b1110101000 8
b1110101000 n
b11111101110111111 C
b100011000000 D
b1010010001000 T
b11110000111 7
b11110000111 S
b1110101000 5
b1110101000 Q
b1000110011101 ^
b10010011100 4
b10010011100 \
b10001100010 2
b10001100010 Z
b1010110000101000 F
b11001010111 o
b10001111111 ,
b10001111111 =
b10001111111 ]
b10001111111 q
b11011101111 p
b11101 ;
b11101 B
b11001 j
b1000110000000000000000000000 E
b10100101111011000 J
b100001110000 :
b100001110000 K
b100001110000 M
b110010011010 ?
b100000101110 >
b11110000111 O
b1010010001000 N
b1110101000 P
b110000011000 A
b110000011000 L
b1100111111 @
b10001111111 u
b10110111111 t
b11001010111 s
b11011101111 r
b1011110011011 X
b10010011100 W
b10001100010 Y
b11101 $
b11101 (
b11101 1
b11101 V
1#
#300000
0#
#305000
b110010000000 6
b110010000000 R
b100101101111 3
b100101101111 [
b101111111111 .
b101111111111 9
b101111111111 l
b11110000000 "
b11110000000 )
b11110000000 -
b11110000000 8
b11110000000 n
b1100100000000 T
b101111111111 7
b101111111111 S
b11110000000 5
b11110000000 Q
b11111110000001111 C
b100100010000 D
b1001011011110 ^
b10111011101 4
b10111011101 \
b10110100001 2
b10110100001 Z
b11011101111 o
b10110111111 ,
b10110111111 =
b10110111111 ]
b10110111111 q
b11110000111 p
b1011001001001110 F
b11110 ;
b11110 B
b10110111111 u
b11001010111 t
b11011101111 s
b11110000111 r
b100000101110 ?
b1001001110 >
b1100111111 A
b1100111111 L
b10001111111 @
b1111011111110 O
b101111111111 N
b1101001111111 P
b100011000000 :
b100011000000 K
b100011000000 M
b1001000100000000000000000000 E
b10101011110110010 J
b11010 j
b1100011011100 X
b10111011101 W
b10110100001 Y
b11110 $
b11110 (
b11110 1
b11110 V
1#
#310000
0#
#315000
b1000111 6
b1000111 R
b1100111011 3
b1100111011 [
b10001110 .
b10001110 9
b10001110 l
b100001110000 "
b100001110000 )
b100001110000 -
b100001110000 8
b100001110000 n
b11111110001011111 C
b100101100000 D
b110110001111 T
b10001110 7
b10001110 S
b100001110000 5
b100001110000 Q
b1001101110111 ^
b11001110110 4
b11001110110 \
b11000111000 2
b11000111000 Z
b1011100001110100 F
b11110000111 o
b11001010111 ,
b11001010111 =
b11001010111 ]
b11001010111 q
b101111111111 p
b11111 ;
b11111 B
b11011 j
b1001011000000000000000000000 E
b10110001110001100 J
b100100010000 :
b100100010000 K
b100100010000 M
b1001001110 ?
b100101101111 >
b10001110 O
b110110001111 N
b1101101101111 P
b10001111111 A
b10001111111 L
b10110111111 @
b11001010111 u
b11011101111 t
b11110000111 s
b101111111111 r
b1100101110101 X
b11001110110 W
b11000111000 Y
b11111 $
b11111 (
b11111 1
b11111 V
1#
#320000
0#
#325000
b100001111 6
b100001111 R
b101000001000 3
b101000001000 [
b1000011110 .
b1000011110 9
b1000011110 l
b100101100000 "
b100101100000 )
b100101100000 -
b100101100000 8
b100101100000 n
b111100011111 T
b1000011110 7
b1000011110 S
b100101100000 5
b100101100000 Q
b11111110010101111 C
b100110110000 D
b1010000010000 ^
b11100001111 4
b11100001111 \
b11011001111 2
b11011001111 Z
b101111111111 o
b11011101111 ,
b11011101111 =
b11011101111 ]
b11011101111 q
b10001110 p
b1011111010011010 F
b100000 ;
b100000 B
b11011101111 u
b11110000111 t
b101111111111 s
b10001110 r
b100101101111 ?
b1100111011 >
b10110111111 A
b10110111111 L
b11001010111 @
b1000011110 O
b111100011111 N
b1110001011111 P
b100101100000 :
b100101100000 K
b100101100000 M
b1001101100000000000000000000 E
b10110111101100110 J
b11100 j
b1101000001110 X
b11100001111 W
b11011001111 Y
b100000 $
b100000 (
b100000 1
b100000 V
1#
#330000
0#
#335000
b110000011 6
b110000011 R
b1111010100 3
b1111010100 [
b1100000110 .
b1100000110 9
b1100000110 l
b100110101000 "
b100110101000 )
b100110101000 -
b100110101000 8
b100110101000 n
b11111110011111111 C
b101000000000 D
b1000000000111 T
b1100000110 7
b1100000110 S
b100110101000 5
b100110101000 Q
b1010010101001 ^
b11110101000 4
b11110101000 \
b11101100110 2
b11101100110 Z
b1100010011000000 F
b10001110 o
b11110000111 ,
b11110000111 =
b11110000111 ]
b11110000111 q
b1000011110 p
b100001 ;
b100001 B
b11101 j
b1010000000000000000000000000 E
b10111101101000000 J
b100110110000 :
b100110110000 K
b100110110000 M
b1100111011 ?
b101000001000 >
b1100000110 O
b1000000000111 N
b1110010100111 P
b11001010111 A
b11001010111 L
b11011101111 @
b11110000111 u
b101111111111 t
b10001110 s
b1000011110 r
b1101010100111 X
b11110101000 W
b11101100110 Y
b100001 $
b100001 (
b100001 1
b100001 V
1#
#340000
0#
#345000
b111110111 6
b111110111 R
b110010010001 3
b110010010001 [
b1111101110 .
b1111101110 9
b1111101110 l
b100111110000 "
b100111110000 )
b100111110000 -
b100111110000 8
b100111110000 n
b1000011101111 T
b1111101110 7
b1111101110 S
b100111110000 5
b100111110000 Q
b11111110101001111 C
b101001010000 D
b1100100100010 ^
b110000100001 4
b110000100001 \
b101111011101 2
b101111011101 Z
b1000011110 o
b101111111111 ,
b101111111111 =
b101111111111 ]
b101111111111 q
b1100000110 p
b1100101011100110 F
b100010 ;
b100010 B
b101111111111 u
b10001110 t
b1000011110 s
b1100000110 r
b101000001000 ?
b1111010100 >
b11011101111 A
b11011101111 L
b11110000111 @
b1111101110 O
b1000011101111 N
b1110011101111 P
b101000000000 :
b101000000000 K
b101000000000 M
b1010010100000000000000000000 E
b11000011100011010 J
b11110 j
b1111100100000 X
b110000100001 W
b101111011101 Y
b100010 $
b100010 (
b100010 1
b100010 V
1#
#350000
0#
#355000
b1001101011 6
b1001101011 R
b11011011001 3
b11011011001 [
b10011010110 .
b10011010110 9
b10011010110 l
b101000111000 "
b101000111000 )
b101000111000 -
b101000111000 8
b101000111000 n
b11111110110011111 C
b101010100000 D
b1000111010111 T
b10011010110 7
b10011010110 S
b101000111000 5
b101000111000 Q
b110110110010 ^
b10110001 4
b10110001 \
b1101011 2
b1101011 Z
b1101000100001100 F
b1100000110 o
b10001110 ,
b10001110 =
b10001110 ]
b10001110 q
b1111101110 p
b100011 ;
b100011 B
b11111 j
b1010101000000000000000000000 E
b11001001011110100 J
b101001010000 :
b101001010000 K
b101001010000 M
b1111010100 ?
b110010010001 >
b10011010110 O
b1000111010111 N
b1110100110111 P
b11110000111 A
b11110000111 L
b101111111111 @
b10001110 u
b1000011110 t
b1100000110 s
b1111101110 r
b1001110110000 X
b10110001 W
b1101011 Y
b100011 $
b100011 (
b100011 1
b100011 V
1#
#360000
0#
#365000
b10011001111 6
b10011001111 R
b100100001 3
b100100001 [
b100110011110 .
b100110011110 9
b100110011110 l
b101011111 "
b101011111 )
b101011111 -
b101011111 8
b101011111 n
b1011010011111 T
b100110011110 7
b100110011110 S
b101011111 5
b101011111 Q
b11111110111101111 C
b101011110000 D
b111101000011 ^
b1001000010 4
b1001000010 \
b111111010 2
b111111010 Z
b1111101110 o
b1000011110 ,
b1000011110 =
b1000011110 ]
b1000011110 q
b10011010110 p
b1101011100110010 F
b100100 ;
b100100 B
b1000011110 u
b1100000110 t
b1111101110 s
b10011010110 r
b110010010001 ?
b11011011001 >
b101111111111 A
b101111111111 L
b10001110 @
b100110011110 O
b1011010011111 N
b101011111 P
b101010100000 :
b101010100000 K
b101010100000 M
b1010111100000000000000000000 E
b11001111011001110 J
b100000 j
b1010101000001 X
b1001000010 W
b111111010 Y
b100100 $
b100100 (
b100100 1
b100100 V
1#
#370000
0#
#375000
b10110111111 6
b10110111111 R
b100000010110 3
b100000010110 [
b101101111110 .
b101101111110 9
b101101111110 l
b1010011111 "
b1010011111 )
b1010011111 -
b1010011111 8
b1010011111 n
b11111111000111111 C
b101101000000 D
b1100001111111 T
b101101111110 7
b101101111110 S
b1010011111 5
b1010011111 Q
b1000000101100 ^
b1100101011 4
b1100101011 \
b1011100001 2
b1011100001 Z
b1101110101011000 F
b10011010110 o
b1100000110 ,
b1100000110 =
b1100000110 ]
b1100000110 q
b100110011110 p
b100101 ;
b100101 B
b100001 j
b1011010000000000000000000000 E
b11010101010101000 J
b101011110000 :
b101011110000 K
b101011110000 M
b11011011001 ?
b100100001 >
b1111001111101 O
b101101111110 N
b1010110011110 P
b10001110 A
b10001110 L
b1000011110 @
b1100000110 u
b1111101110 t
b10011010110 s
b100110011110 r
b1011000101010 X
b1100101011 W
b1011100001 Y
b100101 $
b100101 (
b100101 1
b100101 V
1#
#380000
0#
#385000
b11010101111 6
b11010101111 R
b1000001010 3
b1000001010 [
b1011101 .
b1011101 9
b1011101 l
b1111011111 "
b1111011111 )
b1111011111 -
b1111011111 8
b1111011111 n
b110101011110 T
b1011101 7
b1011101 S
b1111011111 5
b1111011111 Q
b11111111010001111 C
b101110010000 D
b1000100010101 ^
b10000010100 4
b10000010100 \
b1111001000 2
b1111001000 Z
b100110011110 o
b1111101110 ,
b1111101110 =
b1111101110 ]
b1111101110 q
b101101111110 p
b1110001101111110 F
b100110 ;
b100110 B
b1111101110 u
b10011010110 t
b100110011110 s
b101101111110 r
b100100001 ?
b100000010110 >
b1000011110 A
b1000011110 L
b1100000110 @
b1011101 O
b110101011110 N
b1011011011110 P
b101101000000 :
b101101000000 K
b101101000000 M
b1011100100000000000000000000 E
b11011011010000010 J
b100010 j
b1011100010011 X
b10000010100 W
b1111001000 Y
b100110 $
b100110 (
b100110 1
b100110 V
1#
#390000
0#
#395000
b11101001011 6
b11101001011 R
b100011111111 3
b100011111111 [
b110010101 .
b110010101 9
b110010101 l
b10001110111 "
b10001110111 )
b10001110111 -
b10001110111 8
b10001110111 n
b11111111011011111 C
b101111100000 D
b111010010110 T
b110010101 7
b110010101 S
b10001110111 5
b10001110111 Q
b1000111111110 ^
b10011111101 4
b10011111101 \
b10010101111 2
b10010101111 Z
b1110100110100100 F
b101101111110 o
b10011010110 ,
b10011010110 =
b10011010110 ]
b10011010110 q
b1011101 p
b100111 ;
b100111 B
b100011 j
b1011111000000000000000000000 E
b11100001001011100 J
b101110010000 :
b101110010000 K
b101110010000 M
b100000010110 ?
b1000001010 >
b110010101 O
b111010010110 N
b1011101110110 P
b1100000110 A
b1100000110 L
b1111101110 @
b10011010110 u
b100110011110 t
b101101111110 s
b1011101 r
b1011111111100 X
b10011111101 W
b10010101111 Y
b100111 $
b100111 (
b100111 1
b100111 V
1#
#400000
0#
#405000
b11111100111 6
b11111100111 R
b10011100011 3
b10011100011 [
b1011001101 .
b1011001101 9
b1011001101 l
b10100001111 "
b10100001111 )
b10100001111 -
b10100001111 8
b10100001111 n
b111111001110 T
b1011001101 7
b1011001101 S
b10100001111 5
b10100001111 Q
b11111111100101111 C
b110000110000 D
b1011011000111 ^
b100111000110 4
b100111000110 \
b100101110110 2
b100101110110 Z
b1011101 o
b100110011110 ,
b100110011110 =
b100110011110 ]
b100110011110 q
b110010101 p
b1110111111001010 F
b101000 ;
b101000 B
b100110011110 u
b101101111110 t
b1011101 s
b110010101 r
b1000001010 ?
b100011111111 >
b1111101110 A
b1111101110 L
b10011010110 @
b1011001101 O
b111111001110 N
b1100000001110 P
b101111100000 :
b101111100000 K
b101111100000 M
b1100001100000000000000000000 E
b11100111000110110 J
b100100 j
b1110011000101 X
b100111000110 W
b100101110110 Y
b101000 $
b101000 (
b101000 1
b101000 V
1#
#410000
0#
#415000
b100010000011 6
b100010000011 R
b110001010100 3
b110001010100 [
b10000000101 .
b10000000101 9
b10000000101 l
b10110100111 "
b10110100111 )
b10110100111 -
b10110100111 8
b10110100111 n
b11111111101111111 C
b110010000000 D
b1000100000110 T
b10000000101 7
b10000000101 S
b10110100111 5
b10110100111 Q
b1100010101000 ^
b101110100111 4
b101110100111 \
b101101010101 2
b101101010101 Z
b1111010111110000 F
b110010101 o
b101101111110 ,
b101101111110 =
b101101111110 ]
b101101111110 q
b1011001101 p
b101001 ;
b101001 B
b100101 j
b1100100000000000000000000000 E
b11101101000010000 J
b110000110000 :
b110000110000 K
b110000110000 M
b100011111111 ?
b10011100011 >
b10000000101 O
b1000100000110 N
b1100010100110 P
b10011010110 A
b10011010110 L
b100110011110 @
b101101111110 u
b1011101 t
b110010101 s
b1011001101 r
b1111010100110 X
b101110100111 W
b101101010101 Y
b101001 $
b101001 (
b101001 1
b101001 V
1#
#420000
0#
#425000
b101100001111 6
b101100001111 R
b11011000100 3
b11011000100 [
b100100011101 .
b100100011101 9
b100100011101 l
b101000011111 "
b101000011111 )
b101000011111 -
b101000011111 8
b101000011111 n
b1011000011110 T
b100100011101 7
b100100011101 S
b101000011111 5
b101000011111 Q
b11111111111001111 C
b110011010000 D
b110110001000 ^
b10000111 4
b10000111 \
b110011 2
b110011 Z
b1011001101 o
b1011101 ,
b1011101 =
b1011101 ]
b1011101 q
b10000000101 p
b1111110000010110 F
b101010 ;
b101010 B
b1011101 u
b110010101 t
b1011001101 s
b10000000101 r
b10011100011 ?
b110001010100 >
b100110011110 A
b100110011110 L
b101101111110 @
b100100011101 O
b1011000011110 N
b1110100011110 P
b110010000000 :
b110010000000 K
b110010000000 M
b1100110100000000000000000000 E
b11110010111101010 J
b100110 j
b1001110000110 X
b10000111 W
b110011 Y
b101010 $
b101010 (
b101010 1
b101010 V
1#
#430000
0#
#435000
b110000100111 6
b110000100111 R
b11100000 3
b11100000 [
b101101001101 .
b101101001101 9
b101101001101 l
b101110101111 "
b101110101111 )
b101110101111 -
b101110101111 8
b101110101111 n
b11111001100011110 C
b11111 D
b1100001001110 T
b101101001101 7
b101101001101 S
b101110101111 5
b101110101111 Q
b111011000001 ^
b111000000 4
b111000000 \
b101101010 2
b101101010 Z
b1000111100 F
b10000000101 o
b110010101 ,
b110010101 =
b110010101 ]
b110010101 q
b100100011101 p
b101011 ;
b101011 B
b100111 j
b111110000000000000000 E
b11111000111000100 J
b110011010000 :
b110011010000 K
b110011010000 M
b110001010100 ?
b11011000100 >
b101101001101 O
b1100001001110 N
b1111010101110 P
b101101111110 A
b101101111110 L
b1011101 @
b110010101 u
b1011001101 t
b10000000101 s
b100100011101 r
b1010010111111 X
b111000000 W
b101101010 Y
b101011 $
b101011 (
b101011 1
b101011 V
1#
#440000
0#
#445000
b111110 6
b111110 R
b11111111101 3
b11111111101 [
b1111100 .
b1111100 9
b1111100 l
b111110 "
b111110 )
b111110 -
b111110 8
b111110 n
b110101111101 T
b1111100 7
b1111100 S
b111110 5
b111110 Q
b11111001101101110 C
b1101111 D
b111111111010 ^
b1011111001 4
b1011111001 \
b1010100001 2
b1010100001 Z
b100100011101 o
b1011001101 ,
b1011001101 =
b1011001101 ]
b1011001101 q
b101101001101 p
b100001100010 F
b101100 ;
b101100 B
b1011001101 u
b10000000101 t
b100100011101 s
b101101001101 r
b11011000100 ?
b11100000 >
b1011101 A
b1011101 L
b110010101 @
b1001101111011 O
b1111100 N
b111110 P
b11111 :
b11111 K
b11111 M
b11011110000000000000000 E
b11111110110011110 J
b101000 j
b1010111111000 X
b1011111001 W
b1010100001 Y
b101100 $
b101100 (
b101100 1
b101100 V
1#
#450000
0#
#455000
b100000010 6
b100000010 R
b1000011001 3
b1000011001 [
b1000000100 .
b1000000100 9
b1000000100 l
b100100110 "
b100100110 )
b100100110 -
b100100110 8
b100100110 n
b11111001110111110 C
b10111111 D
b111100000101 T
b1000000100 7
b1000000100 S
b100100110 5
b100100110 Q
b1000100110011 ^
b10000110010 4
b10000110010 \
b1111011000 2
b1111011000 Z
b111010001000 F
b101101001101 o
b10000000101 ,
b10000000101 =
b10000000101 ]
b10000000101 q
b1111100 p
b101101 ;
b101101 B
b101001 j
b101111110000000000000000 E
b100000100101111000 J
b1101111 :
b1101111 K
b1101111 M
b11100000 ?
b11111111101 >
b1010100000011 O
b1000000100 N
b100100110 P
b110010101 A
b110010101 L
b1011001101 @
b10000000101 u
b100100011101 t
b101101001101 s
b1111100 r
b1011100110001 X
b10000110010 W
b1111011000 Y
b101101 $
b101101 (
b101101 1
b101101 V
1#
#460000
0#
#465000
b111000110 6
b111000110 R
b101100100110 3
b101100100110 [
b1110001100 .
b1110001100 9
b1110001100 l
b1000001110 "
b1000001110 )
b1000001110 -
b1000001110 8
b1000001110 n
b1000010001101 T
b1110001100 7
b1110001100 S
b1000001110 5
b1000001110 Q
b11111010000001110 C
b100001111 D
b1011001001100 ^
b100101001011 4
b100101001011 \
b100011101111 2
b100011101111 Z
b1111100 o
b100100011101 ,
b100100011101 =
b100100011101 ]
b100100011101 q
b1000000100 p
b1010010101110 F
b101110 ;
b101110 B
b100100011101 u
b101101001101 t
b1111100 s
b1000000100 r
b11111111101 ?
b1000011001 >
b1011001101 A
b1011001101 L
b10000000101 @
b1011010001011 O
b1110001100 N
b1000001110 P
b10111111 :
b10111111 K
b10111111 M
b1000011110000000000000000 E
b100001010101010010 J
b101010 j
b1110001001010 X
b100101001011 W
b100011101111 Y
b101110 $
b101110 (
b101110 1
b101110 V
1#
#470000
0#
#475000
b1010001010 6
b1010001010 R
b10110111110 3
b10110111110 [
b10100010100 .
b10100010100 9
b10100010100 l
b1011110110 "
b1011110110 )
b1011110110 -
b1011110110 8
b1011110110 n
b11111010001011110 C
b101011111 D
b1001000010101 T
b10100010100 7
b10100010100 S
b1011110110 5
b1011110110 Q
b1100001111101 ^
b101101111100 4
b101101111100 \
b101100011110 2
b101100011110 Z
b1101011010100 F
b1000000100 o
b101101001101 ,
b101101001101 =
b101101001101 ]
b101101001101 q
b1110001100 p
b101111 ;
b101111 B
b101011 j
b1010111110000000000000000 E
b100010000100101100 J
b100001111 :
b100001111 K
b100001111 M
b1000011001 ?
b101100100110 >
b1100000010011 O
b10100010100 N
b1011110110 P
b10000000101 A
b10000000101 L
b100100011101 @
b101101001101 u
b1111100 t
b1000000100 s
b1110001100 r
b1111001111011 X
b101101111100 W
b101100011110 Y
b101111 $
b101111 (
b101111 1
b101111 V
1#
#480000
0#
#485000
b10100111110 6
b10100111110 R
b1010110 3
b1010110 [
b101001111100 .
b101001111100 9
b101001111100 l
b11110111110 "
b11110111110 )
b11110111110 -
b11110111110 8
b11110111110 n
b1011101111101 T
b101001111100 7
b101001111100 S
b11110111110 5
b11110111110 Q
b11111010010101110 C
b110101111 D
b110110101101 ^
b10101100 4
b10101100 \
b1001100 2
b1001100 Z
b1110001100 o
b1111100 ,
b1111100 =
b1111100 ]
b1111100 q
b10100010100 p
b10000011111010 F
b110000 ;
b110000 B
b1111100 u
b1000000100 t
b1110001100 s
b10100010100 r
b101100100110 ?
b10110111110 >
b100100011101 A
b100100011101 L
b101101001101 @
b1110101111011 O
b101001111100 N
b11110111110 P
b101011111 :
b101011111 K
b101011111 M
b1101011110000000000000000 E
b100010110100000110 J
b101100 j
b1001110101011 X
b10101100 W
b1001100 Y
b110000 $
b110000 (
b110000 1
b110000 V
1#
#490000
0#
#495000
b11001111110 6
b11001111110 R
b11110011011 3
b11110011011 [
b110011111100 .
b110011111100 9
b110011111100 l
b100110011110 "
b100110011110 )
b100110011110 -
b100110011110 8
b100110011110 n
b11111010011111110 C
b111111111 D
b1100111111101 T
b110011111100 7
b110011111100 S
b100110011110 5
b100110011110 Q
b111100110110 ^
b1000110101 4
b1000110101 \
b111010011 2
b111010011 Z
b10011100100000 F
b10100010100 o
b1000000100 ,
b1000000100 =
b1000000100 ]
b1000000100 q
b101001111100 p
b110001 ;
b110001 B
b101101 j
b1111111110000000000000000 E
b100011100011100000 J
b110101111 :
b110101111 K
b110101111 M
b10110111110 ?
b1010110 >
b1111111111011 O
b110011111100 N
b100110011110 P
b101101001101 A
b101101001101 L
b1111100 @
b1000000100 u
b1110001100 t
b10100010100 s
b101001111100 r
b1010100110100 X
b1000110101 W
b111010011 Y
b110001 $
b110001 (
b110001 1
b110001 V
1#
#500000
0#
#505000
b11110111110 6
b11110111110 R
b111011111 3
b111011111 [
b1001111011 .
b1001111011 9
b1001111011 l
b101101111110 "
b101101111110 )
b101101111110 -
b101101111110 8
b101101111110 n
b111101111100 T
b1001111011 7
b1001111011 S
b101101111110 5
b101101111110 Q
b11111010101001110 C
b1001001111 D
b1000010111111 ^
b1110111110 4
b1110111110 \
b1101011010 2
b1101011010 Z
b101001111100 o
b1110001100 ,
b1110001100 =
b1110001100 ]
b1110001100 q
b110011111100 p
b10110101000110 F
b110010 ;
b110010 B
b1110001100 u
b10100010100 t
b101001111100 s
b110011111100 r
b1010110 ?
b11110011011 >
b1111100 A
b1111100 L
b1000000100 @
b1010101111010 O
b1001111011 N
b1111001111101 P
b111111111 :
b111111111 K
b111111111 M
b10010011110000000000000000 E
b100100010010111010 J
b101110 j
b1011010111101 X
b1110111110 W
b1101011010 Y
b110010 $
b110010 (
b110010 1
b110010 V
1#
#510000
0#
#515000
b100010101010 6
b100010101010 R
b100100100100 3
b100100100100 [
b10001010011 .
b10001010011 9
b10001010011 l
b110010110110 "
b110010110110 )
b110010110110 -
b110010110110 8
b110010110110 n
b11111010110011110 C
b1010011111 D
b1000101010100 T
b10001010011 7
b10001010011 S
b110010110110 5
b110010110110 Q
b1001001001000 ^
b10101000111 4
b10101000111 \
b10011100001 2
b10011100001 Z
b11001101101100 F
b110011111100 o
b10100010100 ,
b10100010100 =
b10100010100 ]
b10100010100 q
b1001111011 p
b110011 ;
b110011 B
b101111 j
b10100111110000000000000000 E
b100101000010010100 J
b1001001111 :
b1001001111 K
b1001001111 M
b11110011011 ?
b111011111 >
b1011101010010 O
b10001010011 N
b1111110110101 P
b1000000100 A
b1000000100 L
b1110001100 @
b10100010100 u
b101001111100 t
b110011111100 s
b1001111011 r
b1100001000110 X
b10101000111 W
b10011100001 Y
b110011 $
b110011 (
b110011 1
b110011 V
1#
#520000
0#
#525000
b100110010110 6
b100110010110 R
b10101011000 3
b10101011000 [
b11000101011 .
b11000101011 9
b11000101011 l
b11101101 "
b11101101 )
b11101101 -
b11101101 8
b11101101 n
b1001100101100 T
b11000101011 7
b11000101011 S
b11101101 5
b11101101 Q
b11111010111101110 C
b1011101111 D
b1011110110001 ^
b101010110000 4
b101010110000 \
b101001001000 2
b101001001000 Z
b1001111011 o
b101001111100 ,
b101001111100 =
b101001111100 ]
b101001111100 q
b10001010011 p
b11100110010010 F
b110100 ;
b110100 B
b101001111100 u
b110011111100 t
b1001111011 s
b10001010011 r
b111011111 ?
b100100100100 >
b1110001100 A
b1110001100 L
b10100010100 @
b1100100101010 O
b11000101011 N
b11101101 P
b1010011111 :
b1010011111 K
b1010011111 M
b10111011110000000000000000 E
b100101110001101110 J
b110000 j
b1110110101111 X
b101010110000 W
b101001001000 Y
b110100 $
b110100 (
b110100 1
b110100 V
1#
#530000
0#
#535000
b101010000010 6
b101010000010 R
b11000 3
b11000 [
b100000000011 .
b100000000011 9
b100000000011 l
b1000100101 "
b1000100101 )
b1000100101 -
b1000100101 8
b1000100101 n
b11111011000111110 C
b1100111111 D
b1010100000100 T
b100000000011 7
b100000000011 S
b1000100101 5
b1000100101 Q
b110100110001 ^
b110000 4
b110000 \
b110011000111 2
b110011000111 Z
b11111110111000 F
b10001010011 o
b110011111100 ,
b110011111100 =
b110011111100 ]
b110011111100 q
b11000101011 p
b110101 ;
b110101 B
b110001 j
b11001111110000000000000000 E
b100110100001001000 J
b1011101111 :
b1011101111 K
b1011101111 M
b100100100100 ?
b10101011000 >
b1101100000010 O
b100000000011 N
b1000100101 P
b10100010100 A
b10100010100 L
b101001111100 @
b110011111100 u
b1001111011 t
b10001010011 s
b11000101011 r
b110000 X
b110100110001 W
b110011000111 Y
b110101 $
b110101 (
b110101 1
b110101 V
1#
#540000
0#
#545000
b1011101 6
b1011101 R
b11111011001 3
b11111011001 [
b10111010 .
b10111010 9
b10111010 l
b11100111101 "
b11100111101 )
b11100111101 -
b11100111101 8
b11100111101 n
b110110111011 T
b10111010 7
b10111010 S
b11100111101 5
b11100111101 Q
b11111011010001110 C
b1110001111 D
b111110110010 ^
b1010110001 4
b1010110001 \
b1001000101 2
b1001000101 Z
b11000101011 o
b1001111011 ,
b1001111011 =
b1001111011 ]
b1001111011 q
b100000000011 p
b100010111011110 F
b110110 ;
b110110 B
b1001111011 u
b10001010011 t
b11000101011 s
b100000000011 r
b10101011000 ?
b11000 >
b101001111100 A
b101001111100 L
b110011111100 @
b10111010 O
b110110111011 N
b11100111101 P
b1100111111 :
b1100111111 K
b1100111111 M
b11100011110000000000000000 E
b100111010000100010 J
b110010 j
b1010110110000 X
b1010110001 W
b1001000101 Y
b110110 $
b110110 (
b110110 1
b110110 V
1#
#550000
0#
#555000
b111000101 6
b111000101 R
b1001000101 3
b1001000101 [
b1110001010 .
b1110001010 9
b1110001010 l
b100101101101 "
b100101101101 )
b100101101101 -
b100101101101 8
b100101101101 n
b11111011011011110 C
b1111011111 D
b1000010001011 T
b1110001010 7
b1110001010 S
b100101101101 5
b100101101101 Q
b1000110001011 ^
b10010001010 4
b10010001010 \
b10000011100 2
b10000011100 Z
b100110000000100 F
b100000000011 o
b10001010011 ,
b10001010011 =
b10001010011 ]
b10001010011 q
b10111010 p
b110111 ;
b110111 B
b110011 j
b11110111110000000000000000 E
b100111111111111100 J
b1110001111 :
b1110001111 K
b1110001111 M
b11000 ?
b11111011001 >
b1110001010 O
b1000010001011 N
b100101101101 P
b110011111100 A
b110011111100 L
b1001111011 @
b10001010011 u
b11000101011 t
b100000000011 s
b10111010 r
b1011110001001 X
b10010001010 W
b10000011100 Y
b110111 $
b110111 (
b110111 1
b110111 V
1#
#560000
0#
#565000
b1100101101 6
b1100101101 R
b100110110010 3
b100110110010 [
b11001011010 .
b11001011010 9
b11001011010 l
b101110011101 "
b101110011101 )
b101110011101 -
b101110011101 8
b101110011101 n
b1001101011011 T
b11001011010 7
b11001011010 S
b101110011101 5
b101110011101 Q
b11111011100101110 C
b10000101111 D
b1001101100100 ^
b11001100011 4
b11001100011 \
b10111110011 2
b10111110011 Z
b10111010 o
b11000101011 ,
b11000101011 =
b11000101011 ]
b11000101011 q
b1110001010 p
b101001000101010 F
b111000 ;
b111000 B
b11000101011 u
b100000000011 t
b10111010 s
b1110001010 r
b11111011001 ?
b1001000101 >
b1001111011 A
b1001111011 L
b10001010011 @
b1100101011001 O
b11001011010 N
b1111010011100 P
b1111011111 :
b1111011111 K
b1111011111 M
b100001011110000000000000000 E
b101000101111010110 J
b110100 j
b1100101100010 X
b11001100011 W
b10111110011 Y
b111000 $
b111000 (
b111000 1
b111000 V
1#
#570000
0#
#575000
b10001000001 6
b10001000001 R
b10000011110 3
b10000011110 [
b100010000010 .
b100010000010 9
b100010000010 l
b100100 "
b100100 )
b100100 -
b100100 8
b100100 n
b11111011101111110 C
b10001111111 D
b1010110000011 T
b100010000010 7
b100010000010 S
b100100 5
b100100 Q
b1010100111101 ^
b100000111100 4
b100000111100 \
b11111001010 2
b11111001010 Z
b101100001010000 F
b1110001010 o
b100000000011 ,
b100000000011 =
b100000000011 ]
b100000000011 q
b11001011010 p
b111001 ;
b111001 B
b110101 j
b100011111110000000000000000 E
b101001011110110000 J
b10000101111 :
b10000101111 K
b10000101111 M
b1001000101 ?
b100110110010 >
b1101110000001 O
b100010000010 N
b100100 P
b10001010011 A
b10001010011 L
b11000101011 @
b100000000011 u
b10111010 t
b1110001010 s
b11001011010 r
b1101100111011 X
b100000111100 W
b11111001010 Y
b111001 $
b111001 (
b111001 1
b111001 V
1#
#580000
0#
#585000
b10101010101 6
b10101010101 R
b1111010 3
b1111010 [
b101010101010 .
b101010101010 9
b101010101010 l
b110101100 "
b110101100 )
b110101100 -
b110101100 8
b110101100 n
b1011110101011 T
b101010101010 7
b101010101010 S
b110101100 5
b110101100 Q
b11111011111001110 C
b10011001111 D
b110111110101 ^
b11110100 4
b11110100 \
b10000000 2
b10000000 Z
b11001011010 o
b10111010 ,
b10111010 =
b10111010 ]
b10111010 q
b100010000010 p
b101111001110110 F
b111010 ;
b111010 B
b10111010 u
b1110001010 t
b11001011010 s
b100010000010 r
b100110110010 ?
b10000011110 >
b11000101011 A
b11000101011 L
b100000000011 @
b1110110101001 O
b101010101010 N
b110101100 P
b10001111111 :
b10001111111 K
b10001111111 M
b100110011110000000000000000 E
b101010001110001010 J
b110110 j
b1001111110011 X
b11110100 W
b10000000 Y
b111010 $
b111010 (
b111010 1
b111010 V
1#
#590000
0#
#595000
b11001101001 6
b11001101001 R
b100001100011 3
b100001100011 [
b110011010010 .
b110011010010 9
b110011010010 l
b1100110100 "
b1100110100 )
b1100110100 -
b1100110100 8
b1100110100 n
b11111100000011110 C
b10100011111 D
b1100111010011 T
b110011010010 7
b110011010010 S
b1100110100 5
b1100110100 Q
b1000011000110 ^
b1111000101 4
b1111000101 \
b1101001111 2
b1101001111 Z
b110010010011100 F
b100010000010 o
b1110001010 ,
b1110001010 =
b1110001010 ]
b1110001010 q
b101010101010 p
b111011 ;
b111011 B
b110111 j
b101000111110000000000000000 E
b101010111101100100 J
b10011001111 :
b10011001111 K
b10011001111 M
b10000011110 ?
b1111010 >
b1111111010001 O
b110011010010 N
b1100110100 P
b100000000011 A
b100000000011 L
b10111010 @
b1110001010 u
b11001011010 t
b100010000010 s
b101010101010 r
b1011011000100 X
b1111000101 W
b1101001111 Y
b111011 $
b111011 (
b111011 1
b111011 V
1#
#600000
0#
#605000
b100101101101 6
b100101101101 R
b1101001011 3
b1101001011 [
b10111011001 .
b10111011001 9
b10111011001 l
b100010011100 "
b100010011100 )
b100010011100 -
b100010011100 8
b100010011100 n
b1001011011010 T
b10111011001 7
b10111011001 S
b100010011100 5
b100010011100 Q
b11111100001101110 C
b10101101111 D
b1001110010111 ^
b11010010110 4
b11010010110 \
b11000011110 2
b11000011110 Z
b101010101010 o
b11001011010 ,
b11001011010 =
b11001011010 ]
b11001011010 q
b110011010010 p
b110101011000010 F
b111100 ;
b111100 B
b11001011010 u
b100010000010 t
b101010101010 s
b110011010010 r
b1111010 ?
b100001100011 >
b10111010 A
b10111010 L
b1110001010 @
b1100011011000 O
b10111011001 N
b1101110011011 P
b10100011111 :
b10100011111 K
b10100011111 M
b101011011110000000000000000 E
b101011101100111110 J
b111000 j
b1100110010101 X
b11010010110 W
b11000011110 Y
b111100 $
b111100 (
b111100 1
b111100 V
1#
#610000
0#
#615000
b101011111101 6
b101011111101 R
b101011100000 3
b101011100000 [
b100011111001 .
b100011111001 9
b100011111001 l
b101100011100 "
b101100011100 )
b101100011100 -
b101100011100 8
b101100011100 n
b11111100010111110 C
b10110111111 D
b1010111111010 T
b100011111001 7
b100011111001 S
b101100011100 5
b101100011100 Q
b1010111000000 ^
b100010111111 4
b100010111111 \
b100001000101 2
b100001000101 Z
b111000011101000 F
b110011010010 o
b100010000010 ,
b100010000010 =
b100010000010 ]
b100010000010 q
b10111011001 p
b111101 ;
b111101 B
b111001 j
b101101111110000000000000000 E
b101100011100011000 J
b10101101111 :
b10101101111 K
b10101101111 M
b100001100011 ?
b1101001011 >
b1101111111000 O
b100011111001 N
b1111000011011 P
b1110001010 A
b1110001010 L
b11001011010 @
b100010000010 u
b101010101010 t
b110011010010 s
b10111011001 r
b1101110111110 X
b100010111111 W
b100001000101 Y
b111101 $
b111101 (
b111101 1
b111101 V
1#
#620000
0#
#625000
b110010001101 6
b110010001101 R
b10101110100 3
b10101110100 [
b110000011001 .
b110000011001 9
b110000011001 l
b10011011 "
b10011011 )
b10011011 -
b10011011 8
b10011011 n
b1100100011010 T
b110000011001 7
b110000011001 S
b10011011 5
b10011011 Q
b11111100100001110 C
b11000001111 D
b1011111101001 ^
b101011101000 4
b101011101000 \
b101001101100 2
b101001101100 Z
b10111011001 o
b101010101010 ,
b101010101010 =
b101010101010 ]
b101010101010 q
b100011111001 p
b111011100001110 F
b111110 ;
b111110 B
b101010101010 u
b110011010010 t
b10111011001 s
b100011111001 r
b1101001011 ?
b101011100000 >
b11001011010 A
b11001011010 L
b100010000010 @
b1111100011000 O
b110000011001 N
b10011011 P
b10110111111 :
b10110111111 K
b10110111111 M
b110000011110000000000000000 E
b101101001011110010 J
b111010 j
b1110111100111 X
b101011101000 W
b101001101100 Y
b111110 $
b111110 (
b111110 1
b111110 V
1#
#630000
0#
#635000
b11001000 6
b11001000 R
b1000 3
b1000 [
b110010000 .
b110010000 9
b110010000 l
b1001110011 "
b1001110011 )
b1001110011 -
b1001110011 8
b1001110011 n
b11111100101011110 C
b11001011111 D
b111010010001 T
b110010000 7
b110010000 S
b1001110011 5
b1001110011 Q
b110100010001 ^
b10000 4
b10000 \
b110010010011 2
b110010010011 Z
b111110100110100 F
b100011111001 o
b110011010010 ,
b110011010010 =
b110011010010 ]
b110011010010 q
b110000011001 p
b111111 ;
b111111 B
b111011 j
b110010111110000000000000000 E
b101101111011001100 J
b11000001111 :
b11000001111 K
b11000001111 M
b101011100000 ?
b10101110100 >
b110010000 O
b111010010001 N
b1001110011 P
b100010000010 A
b100010000010 L
b101010101010 @
b110011010010 u
b10111011001 t
b100011111001 s
b110000011001 r
b10000 X
b110100010001 W
b110010010011 Y
b111111 $
b111111 (
b111111 1
b111111 V
1#
#640000
0#
#645000
b1000000100 6
b1000000100 R
b100110001101 3
b100110001101 [
b10000001000 .
b10000001000 9
b10000001000 l
b10001001011 "
b10001001011 )
b10001001011 -
b10001001011 8
b10001001011 n
b1000100001001 T
b10000001000 7
b10000001000 S
b10001001011 5
b10001001011 Q
b11111100110101110 C
b11010101111 D
b1001100011010 ^
b11000011001 4
b11000011001 \
b10110011001 2
b10110011001 Z
b110000011001 o
b10111011001 ,
b10111011001 =
b10111011001 ]
b10111011001 q
b110010000 p
b1000001101011010 F
b1000000 ;
b1000000 B
b10111011001 u
b100011111001 t
b110000011001 s
b110010000 r
b10101110100 ?
b1000 >
b101010101010 A
b101010101010 L
b110011010010 @
b10000001000 O
b1000100001001 N
b10001001011 P
b11001011111 :
b11001011111 K
b11001011111 M
b110101011110000000000000000 E
b101110101010100110 J
b111100 j
b1100100011000 X
b11000011001 W
b10110011001 Y
b1000000 $
b1000000 (
b1000000 1
b1000000 V
1#
#650000
0#
#655000
b1101000000 6
b1101000000 R
b10010011101 3
b10010011101 [
b11010000000 .
b11010000000 9
b11010000000 l
b11000100011 "
b11000100011 )
b11000100011 -
b11000100011 8
b11000100011 n
b11111100111111110 C
b11011111111 D
b1001110000001 T
b11010000000 7
b11010000000 S
b11000100011 5
b11000100011 Q
b1011000111011 ^
b100100111010 4
b100100111010 \
b100010111000 2
b100010111000 Z
b1000100110000000 F
b110010000 o
b100011111001 ,
b100011111001 =
b100011111001 ]
b100011111001 q
b10000001000 p
b1000001 ;
b1000001 B
b111101 j
b110111111110000000000000000 E
b101111011010000000 J
b11010101111 :
b11010101111 K
b11010101111 M
b1000 ?
b100110001101 >
b11010000000 O
b1001110000001 N
b11000100011 P
b110011010010 A
b110011010010 L
b10111011001 @
b100011111001 u
b110000011001 t
b110010000 s
b10000001000 r
b1110000111001 X
b100100111010 W
b100010111000 Y
b1000001 $
b1000001 (
b1000001 1
b1000001 V
1#
#660000
0#
#665000
b11001101100 6
b11001101100 R
b110010101110 3
b110010101110 [
b110011011000 .
b110011011000 9
b110011011000 l
b101111011011 "
b101111011011 )
b101111011011 -
b101111011011 8
b101111011011 n
b1100111011001 T
b110011011000 7
b110011011000 S
b101111011011 5
b101111011011 Q
b11111101001001110 C
b11101001111 D
b1100101011100 ^
b110001011011 4
b110001011011 \
b101111010111 2
b101111010111 Z
b10000001000 o
b110000011001 ,
b110000011001 =
b110000011001 ]
b110000011001 q
b11010000000 p
b1000111110100110 F
b1000010 ;
b1000010 B
b110000011001 u
b110010000 t
b10000001000 s
b11010000000 r
b100110001101 ?
b10010011101 >
b10111011001 A
b10111011001 L
b100011111001 @
b1111111010111 O
b110011011000 N
b1111011011010 P
b11011111111 :
b11011111111 K
b11011111111 M
b111010011110000000000000000 E
b110000001001011010 J
b111110 j
b1111101011010 X
b110001011011 W
b101111010111 Y
b1000010 $
b1000010 (
b1000010 1
b1000010 V
1#
#670000
0#
#675000
b100000100100 6
b100000100100 R
b11101101010 3
b11101101010 [
b1101000111 .
b1101000111 9
b1101000111 l
b110101010 "
b110101010 )
b110101010 -
b110101010 8
b110101010 n
b11111101010011110 C
b11110011111 D
b1000001001000 T
b1101000111 7
b1101000111 S
b110101010 5
b110101010 Q
b111011010100 ^
b111010011 4
b111010011 \
b101001101 2
b101001101 Z
b1001010111001100 F
b11010000000 o
b110010000 ,
b110010000 =
b110010000 ]
b110010000 q
b110011011000 p
b1000011 ;
b1000011 B
b111111 j
b111100111110000000000000000 E
b110000111000110100 J
b11101001111 :
b11101001111 K
b11101001111 M
b10010011101 ?
b110010101110 >
b1101000111 O
b1000001001000 N
b110101010 P
b100011111001 A
b100011111001 L
b110000011001 @
b110010000 u
b10000001000 t
b11010000000 s
b110011011000 r
b1010011010010 X
b111010011 W
b101001101 Y
b1000011 $
b1000011 (
b1000011 1
b1000011 V
1#
#680000
0#
#685000
b100111011100 6
b100111011100 R
b1000100110 3
b1000100110 [
b11010110111 .
b11010110111 9
b11010110111 l
b10001111010 "
b10001111010 )
b10001111010 -
b10001111010 8
b10001111010 n
b1001110111000 T
b11010110111 7
b11010110111 S
b10001111010 5
b10001111010 Q
b11111101011101110 C
b11111101111 D
b1000101001101 ^
b10001001100 4
b10001001100 \
b1111000100 2
b1111000100 Z
b110011011000 o
b10000001000 ,
b10000001000 =
b10000001000 ]
b10000001000 q
b1101000111 p
b1001101111110010 F
b1000100 ;
b1000100 B
b10000001000 u
b11010000000 t
b110011011000 s
b1101000111 r
b110010101110 ?
b11101101010 >
b110000011001 A
b110000011001 L
b110010000 @
b11010110111 O
b1001110111000 N
b10001111010 P
b11110011111 :
b11110011111 K
b11110011111 M
b111111011110000000000000000 E
b110001101000001110 J
b1000000 j
b1011101001011 X
b10001001100 W
b1111000100 Y
b1000100 $
b1000100 (
b1000100 1
b1000100 V
1#
#690000
0#
#695000
b101101000000 6
b101101000000 R
b100111100011 3
b100111100011 [
b100101111111 .
b100101111111 9
b100101111111 l
b11010100010 "
b11010100010 )
b11010100010 -
b11010100010 8
b11010100010 n
b11111101100111110 C
b100000111111 D
b1011010000000 T
b100101111111 7
b100101111111 S
b11010100010 5
b11010100010 Q
b1001111000110 ^
b11011000101 4
b11011000101 \
b11000111011 2
b11000111011 Z
b1010001000011000 F
b1101000111 o
b11010000000 ,
b11010000000 =
b11010000000 ]
b11010000000 q
b11010110111 p
b1000101 ;
b1000101 B
b1000001 j
b1000001111110000000000000000 E
b110010010111101000 J
b11111101111 :
b11111101111 K
b11111101111 M
b11101101010 ?
b1000100110 >
b1110001111110 O
b100101111111 N
b1100110100001 P
b110010000 A
b110010000 L
b10000001000 @
b11010000000 u
b110011011000 t
b1101000111 s
b11010110111 r
b1100111000100 X
b11011000101 W
b11000111011 Y
b1000101 $
b1000101 (
b1000101 1
b1000101 V
1#
#700000
0#
#705000
b110010100100 6
b110010100100 R
b11010001111 3
b11010001111 [
b110001000111 .
b110001000111 9
b110001000111 l
b100011001010 "
b100011001010 )
b100011001010 -
b100011001010 8
b100011001010 n
b1100101001000 T
b110001000111 7
b110001000111 S
b100011001010 5
b100011001010 Q
b11111101110001110 C
b100010001111 D
b110100011110 ^
b11101 4
b11101 \
b110010010010 2
b110010010010 Z
b11010110111 o
b110011011000 ,
b110011011000 =
b110011011000 ]
b110011011000 q
b100101111111 p
b1010100000111110 F
b1000110 ;
b1000110 B
b110011011000 u
b1101000111 t
b11010110111 s
b100101111111 r
b1000100110 ?
b100111100011 >
b10000001000 A
b10000001000 L
b11010000000 @
b1111101000110 O
b110001000111 N
b1101111001001 P
b100000111111 :
b100000111111 K
b100000111111 M
b1000100011110000000000000000 E
b110011000111000010 J
b1000010 j
b11101 X
b110100011110 W
b110010010010 Y
b1000110 $
b1000110 (
b1000110 1
b1000110 V
1#
#710000
0#
#715000
b100000111 6
b100000111 R
b111000111 3
b111000111 [
b1000001110 .
b1000001110 9
b1000001110 l
b101011110010 "
b101011110010 )
b101011110010 -
b101011110010 8
b101011110010 n
b11111101111011110 C
b100011011111 D
b111100001111 T
b1000001110 7
b1000001110 S
b101011110010 5
b101011110010 Q
b1000010001111 ^
b1110001110 4
b1110001110 \
b1100000000 2
b1100000000 Z
b1010111001100100 F
b100101111111 o
b1101000111 ,
b1101000111 =
b1101000111 ]
b1101000111 q
b110001000111 p
b1000111 ;
b1000111 B
b1000011 j
b1000110111110000000000000000 E
b110011110110011100 J
b100010001111 :
b100010001111 K
b100010001111 M
b100111100011 ?
b11010001111 >
b1000001110 O
b111100001111 N
b1110111110001 P
b11010000000 A
b11010000000 L
b110011011000 @
b1101000111 u
b11010110111 t
b100101111111 s
b110001000111 r
b1011010001101 X
b1110001110 W
b1100000000 Y
b1000111 $
b1000111 (
b1000111 1
b1000111 V
1#
#720000
0#
#725000
b10001011011 6
b10001011011 R
b101000000000 3
b101000000000 [
b100010110110 .
b100010110110 9
b100010110110 l
b1111111001 "
b1111111001 )
b1111111001 -
b1111111001 8
b1111111001 n
b1010110110111 T
b100010110110 7
b100010110110 S
b1111111001 5
b1111111001 Q
b11111110000101110 C
b100100101111 D
b1010000000000 ^
b11011111111 4
b11011111111 \
b11001101111 2
b11001101111 Z
b110001000111 o
b11010110111 ,
b11010110111 =
b11010110111 ]
b11010110111 q
b1000001110 p
b1011010010001010 F
b1001000 ;
b1001000 B
b11010110111 u
b100101111111 t
b110001000111 s
b1000001110 r
b11010001111 ?
b111000111 >
b110011011000 A
b110011011000 L
b1101000111 @
b100010110110 O
b1010110110111 N
b1111111001 P
b100011011111 :
b100011011111 K
b100011011111 M
b1001001011110000000000000000 E
b110100100101110110 J
b1000100 j
b1100111111110 X
b11011111111 W
b11001101111 Y
b1001000 $
b1001000 (
b1001000 1
b1001000 V
1#
#730000
0#
#735000
b11000111011 6
b11000111011 R
b10011100100 3
b10011100100 [
b110001110110 .
b110001110110 9
b110001110110 l
b11100011001 "
b11100011001 )
b11100011001 -
b11100011001 8
b11100011001 n
b11111110001111110 C
b100101111111 D
b1100101110111 T
b110001110110 7
b110001110110 S
b11100011001 5
b11100011001 Q
b1011011001001 ^
b100111001000 4
b100111001000 \
b100100110110 2
b100100110110 Z
b1011101010110000 F
b1000001110 o
b100101111111 ,
b100101111111 =
b100101111111 ]
b100101111111 q
b100010110110 p
b1001001 ;
b1001001 B
b1000101 j
b1001011111110000000000000000 E
b110101010101010000 J
b100100101111 :
b100100101111 K
b100100101111 M
b111000111 ?
b101000000000 >
b1111101110101 O
b110001110110 N
b1101000011000 P
b1101000111 A
b1101000111 L
b11010110111 @
b100101111111 u
b110001000111 t
b1000001110 s
b100010110110 r
b1110011000111 X
b100111001000 W
b100100110110 Y
b1001001 $
b1001001 (
b1001001 1
b1001001 V
1#
#740000
0#
#745000
b100000011011 6
b100000011011 R
b110011001001 3
b110011001001 [
b1100110101 .
b1100110101 9
b1100110101 l
b101000111001 "
b101000111001 )
b101000111001 -
b101000111001 8
b101000111001 n
b1000000110110 T
b1100110101 7
b1100110101 S
b101000111001 5
b101000111001 Q
b11111110011001110 C
b100111001111 D
b1100110010010 ^
b110010010001 4
b110010010001 \
b101111111101 2
b101111111101 Z
b100010110110 o
b110001000111 ,
b110001000111 =
b110001000111 ]
b110001000111 q
b110001110110 p
b1100000011010110 F
b1001010 ;
b1001010 B
b110001000111 u
b1000001110 t
b100010110110 s
b110001110110 r
b101000000000 ?
b10011100100 >
b11010110111 A
b11010110111 L
b100101111111 @
b1100110101 O
b1000000110110 N
b1110100111000 P
b100101111111 :
b100101111111 K
b100101111111 M
b1001110011110000000000000000 E
b110110000100101010 J
b1000110 j
b1111110010000 X
b110010010001 W
b101111111101 Y
b1001010 $
b1001010 (
b1001010 1
b1001010 V
1#
#750000
0#
#755000
b100110100111 6
b100110100111 R
b11110101101 3
b11110101101 [
b11001001101 .
b11001001101 9
b11001001101 l
b110010110001 "
b110010110001 )
b110010110001 -
b110010110001 8
b110010110001 n
b11111110100011110 C
b101000011111 D
b1001101001110 T
b11001001101 7
b11001001101 S
b110010110001 5
b110010110001 Q
b111101011010 ^
b1001011001 4
b1001011001 \
b111000011 2
b111000011 Z
b1100011011111100 F
b110001110110 o
b1000001110 ,
b1000001110 =
b1000001110 ]
b1000001110 q
b1100110101 p
b1001011 ;
b1001011 B
b1000111 j
b1010000111110000000000000000 E
b110110110100000100 J
b100111001111 :
b100111001111 K
b100111001111 M
b10011100100 ?
b110011001001 >
b11001001101 O
b1001101001110 N
b1111110110000 P
b100101111111 A
b100101111111 L
b110001000111 @
b1000001110 u
b100010110110 t
b110001110110 s
b1100110101 r
b1010101011000 X
b1001011001 W
b111000011 Y
b1001011 $
b1001011 (
b1001011 1
b1001011 V
1#
#760000
0#
#765000
b101100110011 6
b101100110011 R
b10010000001 3
b10010000001 [
b100101100101 .
b100101100101 9
b100101100101 l
b1000101000 "
b1000101000 )
b1000101000 -
b1000101000 8
b1000101000 n
b1011001100110 T
b100101100101 7
b100101100101 S
b1000101000 5
b1000101000 Q
b11111110101101110 C
b101001101111 D
b1011000000011 ^
b100100000010 4
b100100000010 \
b100001101010 2
b100001101010 Z
b1100110101 o
b100010110110 ,
b100010110110 =
b100010110110 ]
b100010110110 q
b11001001101 p
b1100110100100010 F
b1001100 ;
b1001100 B
b100010110110 u
b110001110110 t
b1100110101 s
b11001001101 r
b110011001001 ?
b11110101101 >
b110001000111 A
b110001000111 L
b1000001110 @
b100101100101 O
b1011001100110 N
b1000101000 P
b101000011111 :
b101000011111 K
b101000011111 M
b1010011011110000000000000000 E
b110111100011011110 J
b1001000 j
b1110000000001 X
b100100000010 W
b100001101010 Y
b1001100 $
b1001100 (
b1001100 1
b1001100 V
1#
#770000
0#
#775000
b110010111111 6
b110010111111 R
b110011100010 3
b110011100010 [
b110001111101 .
b110001111101 9
b110001111101 l
b10010100000 "
b10010100000 )
b10010100000 -
b10010100000 8
b10010100000 n
b11111110110111110 C
b101010111111 D
b1100101111110 T
b110001111101 7
b110001111101 S
b10010100000 5
b10010100000 Q
b1100111000100 ^
b110011000011 4
b110011000011 \
b110000101001 2
b110000101001 Z
b1101001101001000 F
b11001001101 o
b110001110110 ,
b110001110110 =
b110001110110 ]
b110001110110 q
b100101100101 p
b1001101 ;
b1001101 B
b1001001 j
b1010101111110000000000000000 E
b111000010010111000 J
b101001101111 :
b101001101111 K
b101001101111 M
b11110101101 ?
b10010000001 >
b1111101111100 O
b110001111101 N
b1011110011111 P
b1000001110 A
b1000001110 L
b100010110110 @
b110001110110 u
b1100110101 t
b11001001101 s
b100101100101 r
b1111111000010 X
b110011000011 W
b110000101001 Y
b1001101 $
b1001101 (
b1001101 1
b1001101 V
1#
#780000
0#
#785000
b1100111010 6
b1100111010 R
b100001000010 3
b100001000010 [
b11001110100 .
b11001110100 9
b11001110100 l
b101011111000 "
b101011111000 )
b101011111000 -
b101011111000 8
b101011111000 n
b1001101110101 T
b11001110100 7
b11001110100 S
b101011111000 5
b101011111000 Q
b11111111000001110 C
b101100001111 D
b1000010000100 ^
b1110000011 4
b1110000011 \
b1011100111 2
b1011100111 Z
b100101100101 o
b1100110101 ,
b1100110101 =
b1100110101 ]
b1100110101 q
b110001111101 p
b1101100101101110 F
b1001110 ;
b1001110 B
b1100110101 u
b11001001101 t
b100101100101 s
b110001111101 r
b10010000001 ?
b110011100010 >
b100010110110 A
b100010110110 L
b110001110110 @
b11001110100 O
b1001101110101 N
b1110111110111 P
b101010111111 :
b101010111111 K
b101010111111 M
b1011000011110000000000000000 E
b111001000010010010 J
b1001010 j
b1011010000010 X
b1110000011 W
b1011100111 Y
b1001110 $
b1001110 (
b1001110 1
b1001110 V
1#
#790000
0#
#795000
b10101000010 6
b10101000010 R
b1101001110 3
b1101001110 [
b101010000100 .
b101010000100 9
b101010000100 l
b101100111 "
b101100111 )
b101100111 -
b101100111 8
b101100111 n
b11111111001011110 C
b101101011111 D
b1011110000101 T
b101010000100 7
b101010000100 S
b101100111 5
b101100111 Q
b1001110011101 ^
b11010011100 4
b11010011100 \
b10111111110 2
b10111111110 Z
b1101111110010100 F
b110001111101 o
b11001001101 ,
b11001001101 =
b11001001101 ]
b11001001101 q
b11001110100 p
b1001111 ;
b1001111 B
b1001011 j
b1011010111110000000000000000 E
b111001110001101100 J
b101100001111 :
b101100001111 K
b101100001111 M
b110011100010 ?
b100001000010 >
b101010000100 O
b1011110000101 N
b101100111 P
b110001110110 A
b110001110110 L
b1100110101 @
b11001001101 u
b100101100101 t
b110001111101 s
b11001110100 r
b1100110011011 X
b11010011100 W
b10111111110 Y
b1001111 $
b1001111 (
b1001111 1
b1001111 V
1#
#800000
0#
#805000
b11101001010 6
b11101001010 R
b101101011011 3
b101101011011 [
b110010011 .
b110010011 9
b110010011 l
b10011010111 "
b10011010111 )
b10011010111 -
b10011010111 8
b10011010111 n
b111010010100 T
b110010011 7
b110010011 S
b10011010111 5
b10011010111 Q
b11111111010101110 C
b101110101111 D
b1011010110110 ^
b100110110101 4
b100110110101 \
b100100010101 2
b100100010101 Z
b11001110100 o
b100101100101 ,
b100101100101 =
b100101100101 ]
b100101100101 q
b101010000100 p
b1110010110111010 F
b1010000 ;
b1010000 B
b100101100101 u
b110001111101 t
b11001110100 s
b101010000100 r
b100001000010 ?
b1101001110 >
b1100110101 A
b1100110101 L
b11001001101 @
b110010011 O
b111010010100 N
b1011111010110 P
b101101011111 :
b101101011111 K
b101101011111 M
b1011101011110000000000000000 E
b111010100001000110 J
b1001100 j
b1110010110100 X
b100110110101 W
b100100010101 Y
b1010000 $
b1010000 (
b1010000 1
b1010000 V
1#
#810000
0#
#815000
b100011111110 6
b100011111110 R
b11001100111 3
b11001100111 [
b10011111011 .
b10011111011 9
b10011111011 l
b11110011111 "
b11110011111 )
b11110011111 -
b11110011111 8
b11110011111 n
b11111111011111110 C
b101111111111 D
b1000111111100 T
b10011111011 7
b10011111011 S
b11110011111 5
b11110011111 Q
b1100111001111 ^
b110011001110 4
b110011001110 \
b110000101100 2
b110000101100 Z
b1110101111100000 F
b101010000100 o
b110001111101 ,
b110001111101 =
b110001111101 ]
b110001111101 q
b110010011 p
b1010001 ;
b1010001 B
b1001101 j
b1011111111110000000000000000 E
b111011010000100000 J
b101110101111 :
b101110101111 K
b101110101111 M
b1101001110 ?
b101101011011 >
b10011111011 O
b1000111111100 N
b1101010011110 P
b11001001101 A
b11001001101 L
b100101100101 @
b110001111101 u
b11001110100 t
b101010000100 s
b110010011 r
b1111111001101 X
b110011001110 W
b110000101100 Y
b1010001 $
b1010001 (
b1010001 1
b1010001 V
1#
#820000
0#
#825000
b101010110010 6
b101010110010 R
b1101100011 3
b1101100011 [
b100001100011 .
b100001100011 9
b100001100011 l
b101001100111 "
b101001100111 )
b101001100111 -
b101001100111 8
b101001100111 n
b1010101100100 T
b100001100011 7
b100001100011 S
b101001100111 5
b101001100111 Q
b11111111101001110 C
b110001001111 D
b1001111000111 ^
b11011000110 4
b11011000110 \
b11000100010 2
b11000100010 Z
b110010011 o
b11001110100 ,
b11001110100 =
b11001110100 ]
b11001110100 q
b10011111011 p
b1111001000000110 F
b1010010 ;
b1010010 B
b11001110100 u
b101010000100 t
b110010011 s
b10011111011 r
b101101011011 ?
b11001100111 >
b100101100101 A
b100101100101 L
b110001111101 @
b100001100011 O
b1010101100100 N
b1110101100110 P
b101111111111 :
b101111111111 K
b101111111111 M
b1100010011110000000000000000 E
b111011111111111010 J
b1001110 j
b1100111000101 X
b11011000110 W
b11000100010 Y
b1010010 $
b1010010 (
b1010010 1
b1010010 V
1#
#830000
0#
#835000
b110001100110 6
b110001100110 R
b101111101100 3
b101111101100 [
b101111001011 .
b101111001011 9
b101111001011 l
b101110 "
b101110 )
b101110 -
b101110 8
b101110 n
b11111111110011110 C
b110010011111 D
b1100011001100 T
b101111001011 7
b101111001011 S
b101110 5
b101110 Q
b1011111011000 ^
b101011010111 4
b101011010111 \
b101000110001 2
b101000110001 Z
b1111100000101100 F
b10011111011 o
b101010000100 ,
b101010000100 =
b101010000100 ]
b101010000100 q
b100001100011 p
b1010011 ;
b1010011 B
b1001111 j
b1100100111110000000000000000 E
b111100101111010100 J
b110001001111 :
b110001001111 K
b110001001111 M
b11001100111 ?
b1101100011 >
b101111001011 O
b1100011001100 N
b101110 P
b110001111101 A
b110001111101 L
b11001110100 @
b101010000100 u
b110010011 t
b10011111011 s
b100001100011 r
b1110111010110 X
b101011010111 W
b101000110001 Y
b1010011 $
b1010011 (
b1010011 1
b1010011 V
1#
#840000
0#
#845000
b1100001001 6
b1100001001 R
b11101110100 3
b11101110100 [
b11000010010 .
b11000010010 9
b11000010010 l
b11011010110 "
b11011010110 )
b11011010110 -
b11011010110 8
b11011010110 n
b1001100010011 T
b11000010010 7
b11000010010 S
b11011010110 5
b11011010110 Q
b11111111111101110 C
b110011101111 D
b111011101000 ^
b111100111 4
b111100111 \
b100111111 2
b100111111 Z
b100001100011 o
b110010011 ,
b110010011 =
b110010011 ]
b110010011 q
b101111001011 p
b1111111001010010 F
b1010100 ;
b1010100 B
b110010011 u
b10011111011 t
b100001100011 s
b101111001011 r
b1101100011 ?
b101111101100 >
b11001110100 A
b11001110100 L
b101010000100 @
b11000010010 O
b1001100010011 N
b1100111010101 P
b110010011111 :
b110010011111 K
b110010011111 M
b1100111011110000000000000000 E
b111101011110101110 J
b1010000 j
b1010011100110 X
b111100111 W
b100111111 Y
b1010100 $
b1010100 (
b1010100 1
b1010100 V
1#
#850000
0#
#855000
b10100111001 6
b10100111001 R
b1010101000 3
b1010101000 [
b101001110010 .
b101001110010 9
b101001110010 l
b101010010110 "
b101010010110 )
b101010010110 -
b101010010110 8
b101010010110 n
b11111001100111101 C
b111110 D
b1011101110011 T
b101001110010 7
b101001110010 S
b101010010110 5
b101010010110 Q
b1001001010001 ^
b10101010000 4
b10101010000 \
b10010100110 2
b10010100110 Z
b10001111000 F
b101111001011 o
b10011111011 ,
b10011111011 =
b10011111011 ]
b10011111011 q
b11000010010 p
b1010101 ;
b1010101 B
b1010001 j
b1111100000000000000000 E
b111110001110001000 J
b110011101111 :
b110011101111 K
b110011101111 M
b101111101100 ?
b11101110100 >
b101001110010 O
b1011101110011 N
b1110110010101 P
b101010000100 A
b101010000100 L
b110010011 @
b10011111011 u
b100001100011 t
b101111001011 s
b11000010010 r
b1100001001111 X
b10101010000 W
b10010100110 Y
b1010101 $
b1010101 (
b1010101 1
b1010101 V
1#
#860000
0#
#865000
b11101101001 6
b11101101001 R
b101011011101 3
b101011011101 [
b111010001 .
b111010001 9
b111010001 l
b101010101 "
b101010101 )
b101010101 -
b101010101 8
b101010101 n
b111011010010 T
b111010001 7
b111010001 S
b101010101 5
b101010101 Q
b11111001110001101 C
b10001110 D
b1010110111010 ^
b100010111001 4
b100010111001 \
b100000001101 2
b100000001101 Z
b11000010010 o
b100001100011 ,
b100001100011 =
b100001100011 ]
b100001100011 q
b101001110010 p
b101010011110 F
b1010110 ;
b1010110 B
b100001100011 u
b101111001011 t
b11000010010 s
b101001110010 r
b11101110100 ?
b1010101000 >
b110010011 A
b110010011 L
b10011111011 @
b1010011010000 O
b111010001 N
b101010101 P
b111110 :
b111110 K
b111110 M
b100011100000000000000000 E
b111110111101100010 J
b1010010 j
b1101110111000 X
b100010111001 W
b100000001101 Y
b1010110 $
b1010110 (
b1010110 1
b1010110 V
1#
#870000
0#
#875000
b100101000101 6
b100101000101 R
b11000010001 3
b11000010001 [
b10110001001 .
b10110001001 9
b10110001001 l
b10001101101 "
b10001101101 )
b10001101101 -
b10001101101 8
b10001101101 n
b11111001111011101 C
b11011110 D
b1001010001010 T
b10110001001 7
b10110001001 S
b10001101101 5
b10001101101 Q
b1100100100011 ^
b110000100010 4
b110000100010 \
b101101110100 2
b101101110100 Z
b1000011000100 F
b101001110010 o
b101111001011 ,
b101111001011 =
b101111001011 ]
b101111001011 q
b111010001 p
b1010111 ;
b1010111 B
b1010011 j
b110111100000000000000000 E
b111111101100111100 J
b10001110 :
b10001110 K
b10001110 M
b1010101000 ?
b101011011101 >
b1100010001000 O
b10110001001 N
b10001101101 P
b10011111011 A
b10011111011 L
b100001100011 @
b101111001011 u
b11000010010 t
b101001110010 s
b111010001 r
b1111100100001 X
b110000100010 W
b101101110100 Y
b1010111 $
b1010111 (
b1010111 1
b1010111 V
1#
#880000
0#
#885000
b101100100001 6
b101100100001 R
b1100110101 3
b1100110101 [
b100101000001 .
b100101000001 9
b100101000001 l
b11110000101 "
b11110000101 )
b11110000101 -
b11110000101 8
b11110000101 n
b1011001000010 T
b100101000001 7
b100101000001 S
b11110000101 5
b11110000101 Q
b11111010000101101 C
b100101110 D
b1001101101011 ^
b11001101010 4
b11001101010 \
b10110111010 2
b10110111010 Z
b111010001 o
b11000010010 ,
b11000010010 =
b11000010010 ]
b11000010010 q
b10110001001 p
b1011011101010 F
b1011000 ;
b1011000 B
b11000010010 u
b101001110010 t
b111010001 s
b10110001001 r
b101011011101 ?
b11000010001 >
b100001100011 A
b100001100011 L
b101111001011 @
b1110001000000 O
b100101000001 N
b11110000101 P
b11011110 :
b11011110 K
b11011110 M
b1001011100000000000000000 E
b1000000011100010110 J
b1010100 j
b1100101101001 X
b11001101010 W
b10110111010 Y
b1011000 $
b1011000 (
b1011000 1
b1011000 V
1#
#890000
0#
#895000
b110011111101 6
b110011111101 R
b101111100110 3
b101111100110 [
b110011111001 .
b110011111001 9
b110011111001 l
b101010011101 "
b101010011101 )
b101010011101 -
b101010011101 8
b101010011101 n
b11111010001111101 C
b101111110 D
b1100111111010 T
b110011111001 7
b110011111001 S
b101010011101 5
b101010011101 Q
b1011111001100 ^
b101011001011 4
b101011001011 \
b101000011001 2
b101000011001 Z
b1110100010000 F
b10110001001 o
b101001110010 ,
b101001110010 =
b101001110010 ]
b101001110010 q
b100101000001 p
b1011001 ;
b1011001 B
b1010101 j
b1011111100000000000000000 E
b1000001001011110000 J
b100101110 :
b100101110 K
b100101110 M
b11000010001 ?
b1100110101 >
b1111111111000 O
b110011111001 N
b101010011101 P
b101111001011 A
b101111001011 L
b11000010010 @
b101001110010 u
b111010001 t
b10110001001 s
b100101000001 r
b1110111001010 X
b101011001011 W
b101000011001 Y
b1011001 $
b1011001 (
b1011001 1
b1011001 V
1#
#900000
0#
#905000
b1111001000 6
b1111001000 R
b11110010110 3
b11110010110 [
b11110010000 .
b11110010000 9
b11110010000 l
b10010010100 "
b10010010100 )
b10010010100 -
b10010010100 8
b10010010100 n
b1010010010001 T
b11110010000 7
b11110010000 S
b10010010100 5
b10010010100 Q
b11111010011001101 C
b111001110 D
b111100101100 ^
b1000101011 4
b1000101011 \
b101110111 2
b101110111 Z
b100101000001 o
b111010001 ,
b111010001 =
b111010001 ]
b111010001 q
b110011111001 p
b10001100110110 F
b1011010 ;
b1011010 B
b111010001 u
b10110001001 t
b100101000001 s
b110011111001 r
b1100110101 ?
b101111100110 >
b11000010010 A
b11000010010 L
b101001110010 @
b1101010001111 O
b11110010000 N
b10010010100 P
b101111110 :
b101111110 K
b101111110 M
b1110011100000000000000000 E
b1000001111011001010 J
b1010110 j
b1010100101010 X
b1000101011 W
b101110111 Y
b1011010 $
b1011010 (
b1011010 1
b1011010 V
1#
#910000
0#
#915000
b11000100000 6
b11000100000 R
b1011110010 3
b1011110010 [
b110001000000 .
b110001000000 9
b110001000000 l
b100010100100 "
b100010100100 )
b100010100100 -
b100010100100 8
b100010100100 n
b11111010100011101 C
b1000011110 D
b1100101000001 T
b110001000000 7
b110001000000 S
b100010100100 5
b100010100100 Q
b1001011100101 ^
b10111100100 4
b10111100100 \
b10100101110 2
b10100101110 Z
b10100101011100 F
b110011111001 o
b10110001001 ,
b10110001001 =
b10110001001 ]
b10110001001 q
b11110010000 p
b1011011 ;
b1011011 B
b1010111 j
b10000111100000000000000000 E
b1000010101010100100 J
b111001110 :
b111001110 K
b111001110 M
b101111100110 ?
b11110010110 >
b1111100111111 O
b110001000000 N
b100010100100 P
b101001110010 A
b101001110010 L
b111010001 @
b10110001001 u
b100101000001 t
b110011111001 s
b11110010000 r
b1100011100011 X
b10111100100 W
b10100101110 Y
b1011011 $
b1011011 (
b1011011 1
b1011011 V
1#
#920000
0#
#925000
b100001111000 6
b100001111000 R
b101101001111 3
b101101001111 [
b1111101111 .
b1111101111 9
b1111101111 l
b110010110100 "
b110010110100 )
b110010110100 -
b110010110100 8
b110010110100 n
b1000011110000 T
b1111101111 7
b1111101111 S
b110010110100 5
b110010110100 Q
b11111010101101101 C
b1001101110 D
b1011010011110 ^
b100110011101 4
b100110011101 \
b100011100101 2
b100011100101 Z
b11110010000 o
b100101000001 ,
b100101000001 =
b100101000001 ]
b100101000001 q
b110001000000 p
b10111110000010 F
b1011100 ;
b1011100 B
b100101000001 u
b110011111001 t
b11110010000 s
b110001000000 r
b11110010110 ?
b1011110010 >
b111010001 A
b111010001 L
b10110001001 @
b1011011101110 O
b1111101111 N
b1111110110011 P
b1000011110 :
b1000011110 K
b1000011110 M
b10011011100000000000000000 E
b1000011011001111110 J
b1011000 j
b1110010011100 X
b100110011101 W
b100011100101 Y
b1011100 $
b1011100 (
b1011100 1
b1011100 V
1#
#930000
0#
#935000
b101001111100 6
b101001111100 R
b11010101011 3
b11010101011 [
b11111110111 .
b11111110111 9
b11111110111 l
b1100011011 "
b1100011011 )
b1100011011 -
b1100011011 8
b1100011011 n
b11111010110111101 C
b1010111110 D
b1010011111000 T
b11111110111 7
b11111110111 S
b1100011011 5
b1100011011 Q
b110101010110 ^
b1010101 4
b1010101 \
b110010011100 2
b110010011100 Z
b11010110101000 F
b110001000000 o
b110011111001 ,
b110011111001 =
b110011111001 ]
b110011111001 q
b1111101111 p
b1011101 ;
b1011101 B
b1011001 j
b10101111100000000000000000 E
b1000100001001011000 J
b1001101110 :
b1001101110 K
b1001101110 M
b1011110010 ?
b101101001111 >
b1101011110110 O
b11111110111 N
b1100011011 P
b10110001001 A
b10110001001 L
b100101000001 @
b110011111001 u
b11110010000 t
b110001000000 s
b1111101111 r
b1010101 X
b110101010110 W
b110010011100 Y
b1011101 $
b1011101 (
b1011101 1
b1011101 V
1#
#940000
0#
#945000
b110010000000 6
b110010000000 R
b1111110111 3
b1111110111 [
b101111111111 .
b101111111111 9
b101111111111 l
b11010000011 "
b11010000011 )
b11010000011 -
b11010000011 8
b11010000011 n
b1100100000000 T
b101111111111 7
b101111111111 S
b11010000011 5
b11010000011 Q
b11111011000001101 C
b1100001110 D
b1010011101111 ^
b11111101110 4
b11111101110 \
b11100110010 2
b11100110010 Z
b1111101111 o
b11110010000 ,
b11110010000 =
b11110010000 ]
b11110010000 q
b11111110111 p
b11101111001110 F
b1011110 ;
b1011110 B
b11110010000 u
b110001000000 t
b1111101111 s
b11111110111 r
b101101001111 ?
b11010101011 >
b100101000001 A
b100101000001 L
b110011111001 @
b1111011111110 O
b101111111111 N
b11010000011 P
b1010111110 :
b1010111110 K
b1010111110 M
b11000011100000000000000000 E
b1000100111000110010 J
b1011010 j
b1101011101101 X
b11111101110 W
b11100110010 Y
b1011110 $
b1011110 (
b1011110 1
b1011110 V
1#
#950000
0#
#955000
b110000011 6
b110000011 R
b110011010000 3
b110011010000 [
b1100000110 .
b1100000110 9
b1100000110 l
b100111101011 "
b100111101011 )
b100111101011 -
b100111101011 8
b100111101011 n
b11111011001011101 C
b1101011110 D
b1000000000111 T
b1100000110 7
b1100000110 S
b100111101011 5
b100111101011 Q
b1100110100000 ^
b110010011111 4
b110010011111 \
b101111100001 2
b101111100001 Z
b100000111110100 F
b11111110111 o
b110001000000 ,
b110001000000 =
b110001000000 ]
b110001000000 q
b101111111111 p
b1011111 ;
b1011111 B
b1011011 j
b11010111100000000000000000 E
b1000101101000001100 J
b1100001110 :
b1100001110 K
b1100001110 M
b11010101011 ?
b1111110111 >
b1100000110 O
b1000000000111 N
b100111101011 P
b110011111001 A
b110011111001 L
b11110010000 @
b110001000000 u
b1111101111 t
b11111110111 s
b101111111111 r
b1111110011110 X
b110010011111 W
b101111100001 Y
b1011111 $
b1011111 (
b1011111 1
b1011111 V
1#
#960000
0#
#965000
b10101110111 6
b10101110111 R
b100010101000 3
b100010101000 [
b101011101110 .
b101011101110 9
b101011101110 l
b10000110010 "
b10000110010 )
b10000110010 -
b10000110010 8
b10000110010 n
b1011111101111 T
b101011101110 7
b101011101110 S
b10000110010 5
b10000110010 Q
b11111011010101101 C
b1110101110 D
b1000101010000 ^
b10001001111 4
b10001001111 \
b1110001111 2
b1110001111 Z
b101111111111 o
b1111101111 ,
b1111101111 =
b1111101111 ]
b1111101111 q
b1100000110 p
b100100000011010 F
b1100000 ;
b1100000 B
b1111101111 u
b11111110111 t
b101111111111 s
b1100000110 r
b1111110111 ?
b110011010000 >
b11110010000 A
b11110010000 L
b110001000000 @
b1110111101101 O
b101011101110 N
b10000110010 P
b1101011110 :
b1101011110 K
b1101011110 M
b11101011100000000000000000 E
b1000110010111100110 J
b1011100 j
b1011101001110 X
b10001001111 W
b1110001111 Y
b1100000 $
b1100000 (
b1100000 1
b1100000 V
1#
#970000
0#
#975000
b11111110111 6
b11111110111 R
b10000101100 3
b10000101100 [
b1011101101 .
b1011101101 9
b1011101101 l
b100010010010 "
b100010010010 )
b100010010010 -
b100010010010 8
b100010010010 n
b11111011011111101 C
b1111111110 D
b111111101110 T
b1011101101 7
b1011101101 S
b100010010010 5
b100010010010 Q
b1010101011001 ^
b100001011000 4
b100001011000 \
b11110010110 2
b11110010110 Z
b100111001000000 F
b1100000110 o
b11111110111 ,
b11111110111 =
b11111110111 ]
b11111110111 q
b101011101110 p
b1100001 ;
b1100001 B
b1011101 j
b11111111100000000000000000 E
b1000111000111000000 J
b1110101110 :
b1110101110 K
b1110101110 M
b110011010000 ?
b100010101000 >
b1011101101 O
b111111101110 N
b100010010010 P
b110001000000 A
b110001000000 L
b1111101111 @
b11111110111 u
b101111111111 t
b1100000110 s
b101011101110 r
b1101101010111 X
b100001011000 W
b11110010110 Y
b1100001 $
b1100001 (
b1100001 1
b1100001 V
1#
#980000
0#
#985000
b101001110111 6
b101001110111 R
b110010110001 3
b110010110001 [
b11111101101 .
b11111101101 9
b11111101101 l
b110011110010 "
b110011110010 )
b110011110010 -
b110011110010 8
b110011110010 n
b1010011101110 T
b11111101101 7
b11111101101 S
b110011110010 5
b110011110010 Q
b11111011101001101 C
b10001001110 D
b1100101100010 ^
b110001100001 4
b110001100001 \
b101110011101 2
b101110011101 Z
b101011101110 o
b101111111111 ,
b101111111111 =
b101111111111 ]
b101111111111 q
b1011101101 p
b101010001100110 F
b1100010 ;
b1100010 B
b101111111111 u
b1100000110 t
b101011101110 s
b1011101101 r
b100010101000 ?
b10000101100 >
b1111101111 A
b1111101111 L
b11111110111 @
b1101011101100 O
b11111101101 N
b1111111110001 P
b1111111110 :
b1111111110 K
b1111111110 M
b100010011100000000000000000 E
b1000111110110011010 J
b1011110 j
b1111101100000 X
b110001100001 W
b101110011101 Y
b1100010 $
b1100010 (
b1100010 1
b1100010 V
1#
#990000
0#
#995000
b110010100011 6
b110010100011 R
b100000110101 3
b100000110101 [
b110001000101 .
b110001000101 9
b110001000101 l
b1110101001 "
b1110101001 )
b1110101001 -
b1110101001 8
b1110101001 n
b11111011110011101 C
b10010011110 D
b1100101000110 T
b110001000101 7
b110001000101 S
b1110101001 5
b1110101001 Q
b1000001101010 ^
b1101101001 4
b1101101001 \
b1010100011 2
b1010100011 Z
b101101010001100 F
b1011101101 o
b1100000110 ,
b1100000110 =
b1100000110 ]
b1100000110 q
b11111101101 p
b1100011 ;
b1100011 B
b1011111 j
b100100111100000000000000000 E
b1001000100101110100 J
b10001001110 :
b10001001110 K
b10001001110 M
b10000101100 ?
b110010110001 >
b1111101000100 O
b110001000101 N
b1110101001 P
b11111110111 A
b11111110111 L
b101111111111 @
b1100000110 u
b101011101110 t
b1011101101 s
b11111101101 r
b1011001101000 X
b1101101001 W
b1010100011 Y
b1100011 $
b1100011 (
b1100011 1
b1100011 V
1#
#1000000
0#
#1005000
b111001110 6
b111001110 R
b10110101001 3
b10110101001 [
b1110011100 .
b1110011100 9
b1110011100 l
b11101100001 "
b11101100001 )
b11101100001 -
b11101100001 8
b11101100001 n
b1000010011101 T
b1110011100 7
b1110011100 S
b11101100001 5
b11101100001 Q
b11111011111101101 C
b10011101110 D
b1100001010011 ^
b101101010010 4
b101101010010 \
b101010001010 2
b101010001010 Z
b11111101101 o
b101011101110 ,
b101011101110 =
b101011101110 ]
b101011101110 q
b110001000101 p
b110000010110010 F
b1100100 ;
b1100100 B
b101011101110 u
b1011101101 t
b11111101101 s
b110001000101 r
b110010110001 ?
b100000110101 >
b101111111111 A
b101111111111 L
b1100000110 @
b1110011100 O
b1000010011101 N
b11101100001 P
b10010011110 :
b10010011110 K
b10010011110 M
b100111011100000000000000000 E
b1001001010101001110 J
b1100000 j
b1111001010001 X
b101101010010 W
b101010001010 Y
b1100100 $
b1100100 (
b1100100 1
b1100100 V
1#
#1010000
0#
#1015000
b1111111010 6
b1111111010 R
b110101001 3
b110101001 [
b11111110100 .
b11111110100 9
b11111110100 l
b101100011001 "
b101100011001 )
b101100011001 -
b101100011001 8
b101100011001 n
b11111100000111101 C
b10100111110 D
b1010011110101 T
b11111110100 7
b11111110100 S
b101100011001 5
b101100011001 Q
b1000001010011 ^
b1101010010 4
b1101010010 \
b1010001000 2
b1010001000 Z
b110011011011000 F
b110001000101 o
b1011101101 ,
b1011101101 =
b1011101101 ]
b1011101101 q
b1110011100 p
b1100101 ;
b1100101 B
b1100001 j
b101001111100000000000000000 E
b1001010000100101000 J
b10011101110 :
b10011101110 K
b10011101110 M
b100000110101 ?
b10110101001 >
b1101011110011 O
b11111110100 N
b1111000011000 P
b1100000110 A
b1100000110 L
b101011101110 @
b1011101101 u
b11111101101 t
b110001000101 s
b1110011100 r
b1011001010001 X
b1101010010 W
b1010001000 Y
b1100101 $
b1100101 (
b1100101 1
b1100101 V
1#
#1020000
0#
#1025000
b100000010110 6
b100000010110 R
b101010101010 3
b101010101010 [
b1100101011 .
b1100101011 9
b1100101011 l
b10110110000 "
b10110110000 )
b10110110000 -
b10110110000 8
b10110110000 n
b1000000101100 T
b1100101011 7
b1100101011 S
b10110110000 5
b10110110000 Q
b11111100010001101 C
b10110001110 D
b1010101010100 ^
b100001010011 4
b100001010011 \
b11110000111 2
b11110000111 Z
b1110011100 o
b11111101101 ,
b11111101101 =
b11111101101 ]
b11111101101 q
b11111110100 p
b110110011111110 F
b1100110 ;
b1100110 B
b11111101101 u
b110001000101 t
b1110011100 s
b11111110100 r
b10110101001 ?
b110101001 >
b101011101110 A
b101011101110 L
b1011101101 @
b1100101011 O
b1000000101100 N
b10110110000 P
b10100111110 :
b10100111110 K
b10100111110 M
b101100011100000000000000000 E
b1001010110100000010 J
b1100010 j
b1101101010010 X
b100001010011 W
b11110000111 Y
b1100110 $
b1100110 (
b1100110 1
b1100110 V
1#
#1030000
0#
#1035000
b101010111110 6
b101010111110 R
b11001010110 3
b11001010110 [
b100001111011 .
b100001111011 9
b100001111011 l
b101001100000 "
b101001100000 )
b101001100000 -
b101001100000 8
b101001100000 n
b11111100011011101 C
b10111011110 D
b1010101111100 T
b100001111011 7
b100001111011 S
b101001100000 5
b101001100000 Q
b1100110101101 ^
b110010101100 4
b110010101100 \
b101111011110 2
b101111011110 Z
b111001100100100 F
b11111110100 o
b110001000101 ,
b110001000101 =
b110001000101 ]
b110001000101 q
b1100101011 p
b1100111 ;
b1100111 B
b1100011 j
b101110111100000000000000000 E
b1001011100011011100 J
b10110001110 :
b10110001110 K
b10110001110 M
b110101001 ?
b101010101010 >
b1101101111010 O
b100001111011 N
b1110101011111 P
b1011101101 A
b1011101101 L
b11111101101 @
b110001000101 u
b1110011100 t
b11111110100 s
b1100101011 r
b1111110101011 X
b110010101100 W
b101111011110 Y
b1100111 $
b1100111 (
b1100111 1
b1100111 V
1#
#1040000
0#
#1045000
b1100101 6
b1100101 R
b1000000010 3
b1000000010 [
b11001010 .
b11001010 9
b11001010 l
b1000001111 "
b1000001111 )
b1000001111 -
b1000001111 8
b1000001111 n
b110111001011 T
b11001010 7
b11001010 S
b1000001111 5
b1000001111 Q
b11111100100101101 C
b11000101110 D
b1000100000101 ^
b10000000100 4
b10000000100 \
b1100110100 2
b1100110100 Z
b1100101011 o
b1110011100 ,
b1110011100 =
b1110011100 ]
b1110011100 q
b100001111011 p
b111100101001010 F
b1101000 ;
b1101000 B
b1110011100 u
b11111110100 t
b1100101011 s
b100001111011 r
b101010101010 ?
b11001010110 >
b11111101101 A
b11111101101 L
b110001000101 @
b11001010 O
b110111001011 N
b1000001111 P
b10111011110 :
b10111011110 K
b10111011110 M
b110001011100000000000000000 E
b1001100010010110110 J
b1100100 j
b1011100000011 X
b10000000100 W
b1100110100 Y
b1101000 $
b1101000 (
b1101000 1
b1101000 V
1#
#1050000
0#
#1055000
b1010111001 6
b1010111001 R
b101010101111 3
b101010101111 [
b10101110010 .
b10101110010 9
b10101110010 l
b11000010111 "
b11000010111 )
b11000010111 -
b11000010111 8
b11000010111 n
b11111100101111101 C
b11001111110 D
b1001001110011 T
b10101110010 7
b10101110010 S
b11000010111 5
b11000010111 Q
b1010101011110 ^
b100001011101 4
b100001011101 \
b11110001011 2
b11110001011 Z
b111111101110000 F
b100001111011 o
b11111110100 ,
b11111110100 =
b11111110100 ]
b11111110100 q
b11001010 p
b1101001 ;
b1101001 B
b1100101 j
b110011111100000000000000000 E
b1001101000010010000 J
b11000101110 :
b11000101110 K
b11000101110 M
b11001010110 ?
b1000000010 >
b10101110010 O
b1001001110011 N
b11000010111 P
b110001000101 A
b110001000101 L
b1110011100 @
b11111110100 u
b1100101011 t
b100001111011 s
b11001010 r
b1101101011100 X
b100001011101 W
b11110001011 Y
b1101001 $
b1101001 (
b1101001 1
b1101001 V
1#
#1060000
0#
#1065000
b10100001101 6
b10100001101 R
b100001001011 3
b100001001011 [
b101000011010 .
b101000011010 9
b101000011010 l
b101000011111 "
b101000011111 )
b101000011111 -
b101000011111 8
b101000011111 n
b1011100011011 T
b101000011010 7
b101000011010 S
b101000011111 5
b101000011111 Q
b11111100111001101 C
b11011001110 D
b1000010010110 ^
b1110010101 4
b1110010101 \
b1011000001 2
b1011000001 Z
b11001010 o
b1100101011 ,
b1100101011 =
b1100101011 ]
b1100101011 q
b10101110010 p
b1000010110010110 F
b1101010 ;
b1101010 B
b1100101011 u
b100001111011 t
b11001010 s
b10101110010 r
b1000000010 ?
b101010101111 >
b1110011100 A
b1110011100 L
b11111110100 @
b1110100011001 O
b101000011010 N
b1110100011110 P
b11001111110 :
b11001111110 K
b11001111110 M
b110110011100000000000000000 E
b1001101110001101010 J
b1100110 j
b1011010010100 X
b1110010101 W
b1011000001 Y
b1101010 $
b1101010 (
b1101010 1
b1101010 V
1#
#1070000
0#
#1075000
b11101100001 6
b11101100001 R
b10001110011 3
b10001110011 [
b111000001 .
b111000001 9
b111000001 l
b100100110 "
b100100110 )
b100100110 -
b100100110 8
b100100110 n
b11111101000011101 C
b11100011110 D
b111011000010 T
b111000001 7
b111000001 S
b100100110 5
b100100110 Q
b1010111100111 ^
b100011100110 4
b100011100110 \
b100000010000 2
b100000010000 Z
b1000101110111100 F
b10101110010 o
b100001111011 ,
b100001111011 =
b100001111011 ]
b100001111011 q
b101000011010 p
b1101011 ;
b1101011 B
b1100111 j
b111000111100000000000000000 E
b1001110100001000100 J
b11011001110 :
b11011001110 K
b11011001110 M
b101010101111 ?
b100001001011 >
b111000001 O
b111011000010 N
b100100110 P
b11111110100 A
b11111110100 L
b1100101011 @
b100001111011 u
b11001010 t
b10101110010 s
b101000011010 r
b1101111100101 X
b100011100110 W
b100000010000 Y
b1101011 $
b1101011 (
b1101011 1
b1101011 V
1#
#1080000
0#
#1085000
b101110100101 6
b101110100101 R
b10011011 3
b10011011 [
b101001001001 .
b101001001001 9
b101001001001 l
b100100001110 "
b100100001110 )
b100100001110 -
b100100001110 8
b100100001110 n
b1011101001010 T
b101001001001 7
b101001001001 S
b100100001110 5
b100100001110 Q
b11111101001101101 C
b11101101110 D
b111000110111 ^
b100110110 4
b100110110 \
b1011110 2
b1011110 Z
b101000011010 o
b11001010 ,
b11001010 =
b11001010 ]
b11001010 q
b111000001 p
b1001000111100010 F
b1101100 ;
b1101100 B
b11001010 u
b10101110010 t
b101000011010 s
b111000001 r
b100001001011 ?
b10001110011 >
b1100101011 A
b1100101011 L
b100001111011 @
b1110101001000 O
b101001001001 N
b1110000001101 P
b11100011110 :
b11100011110 K
b11100011110 M
b111011011100000000000000000 E
b1001111010000011110 J
b1101000 j
b1010000110101 X
b100110110 W
b1011110 Y
b1101100 $
b1101100 (
b1101100 1
b1101100 V
1#
#1090000
0#
#1095000
b101110100 6
b101110100 R
b100101110000 3
b100101110000 [
b1011101000 .
b1011101000 9
b1011101000 l
b100001101 "
b100001101 )
b100001101 -
b100001101 8
b100001101 n
b11111101010111101 C
b11110111110 D
b111111101001 T
b1011101000 7
b1011101000 S
b100001101 5
b100001101 Q
b1001011100000 ^
b10111011111 4
b10111011111 \
b10100000101 2
b10100000101 Z
b1001100000001000 F
b111000001 o
b10101110010 ,
b10101110010 =
b10101110010 ]
b10101110010 q
b101001001001 p
b1101101 ;
b1101101 B
b1101001 j
b111101111100000000000000000 E
b1001111111111111000 J
b11101101110 :
b11101101110 K
b11101101110 M
b10001110011 ?
b10011011 >
b1011101000 O
b111111101001 N
b100001101 P
b100001111011 A
b100001111011 L
b11001010 @
b10101110010 u
b101000011010 t
b111000001 s
b101001001001 r
b1100011011110 X
b10111011111 W
b10100000101 Y
b1101101 $
b1101101 (
b1101101 1
b1101101 V
1#
#1100000
0#
#1105000
b10001000100 6
b10001000100 R
b10101000100 3
b10101000100 [
b100010001000 .
b100010001000 9
b100010001000 l
b11000001101 "
b11000001101 )
b11000001101 -
b11000001101 8
b11000001101 n
b1010110001001 T
b100010001000 7
b100010001000 S
b11000001101 5
b11000001101 Q
b11111101100001101 C
b100000001110 D
b1011110001001 ^
b101010001000 4
b101010001000 \
b100110101100 2
b100110101100 Z
b101001001001 o
b101000011010 ,
b101000011010 =
b101000011010 ]
b101000011010 q
b1011101000 p
b1001111000101110 F
b1101110 ;
b1101110 B
b101000011010 u
b111000001 t
b101001001001 s
b1011101000 r
b10011011 ?
b100101110000 >
b11001010 A
b11001010 L
b10101110010 @
b1101110000111 O
b100010001000 N
b1100100001100 P
b11110111110 :
b11110111110 K
b11110111110 M
b1000000011100000000000000000 E
b1010000101111010010 J
b1101010 j
b1110110000111 X
b101010001000 W
b100110101100 Y
b1101110 $
b1101110 (
b1101110 1
b1101110 V
1#
#1110000
0#
#1115000
b11011000000 6
b11011000000 R
b100011000 3
b100011000 [
b1111111 .
b1111111 9
b1111111 l
b101001100101 "
b101001100101 )
b101001100101 -
b101001100101 8
b101001100101 n
b11111101101011101 C
b100001011110 D
b110110000000 T
b1111111 7
b1111111 S
b101001100101 5
b101001100101 Q
b111100110001 ^
b1000110000 4
b1000110000 \
b101010010 2
b101010010 Z
b1010010001010100 F
b1011101000 o
b111000001 ,
b111000001 =
b111000001 ]
b111000001 q
b100010001000 p
b1101111 ;
b1101111 B
b1101011 j
b1000010111100000000000000000 E
b1010001011110101100 J
b100000001110 :
b100000001110 K
b100000001110 M
b100101110000 ?
b10101000100 >
b1111111 O
b110110000000 N
b1110101100100 P
b10101110010 A
b10101110010 L
b101000011010 @
b111000001 u
b101001001001 t
b1011101000 s
b100010001000 r
b1010100101111 X
b1000110000 W
b101010010 Y
b1101111 $
b1101111 (
b1101111 1
b1101111 V
1#
#1120000
0#
#1125000
b100100111100 6
b100100111100 R
b101111011101 3
b101111011101 [
b10101110111 .
b10101110111 9
b10101110111 l
b110111100 "
b110111100 )
b110111100 -
b110111100 8
b110111100 n
b1001001111000 T
b10101110111 7
b10101110111 S
b110111100 5
b110111100 Q
b11111101110101101 C
b100010101110 D
b1011110111010 ^
b101010111001 4
b101010111001 \
b100111011001 2
b100111011001 Z
b100010001000 o
b101001001001 ,
b101001001001 =
b101001001001 ]
b101001001001 q
b1111111 p
b1010101001111010 F
b1110000 ;
b1110000 B
b101001001001 u
b1011101000 t
b100010001000 s
b1111111 r
b10101000100 ?
b100011000 >
b101000011010 A
b101000011010 L
b111000001 @
b10101110111 O
b1001001111000 N
b110111100 P
b100001011110 :
b100001011110 K
b100001011110 M
b1000101011100000000000000000 E
b1010010001110000110 J
b1101100 j
b1110110111000 X
b101010111001 W
b100111011001 Y
b1110000 $
b1110000 (
b1110000 1
b1110000 V
1#
#1130000
0#
#1135000
b101110111000 6
b101110111000 R
b100000101101 3
b100000101101 [
b101001101111 .
b101001101111 9
b101001101111 l
b11000010100 "
b11000010100 )
b11000010100 -
b11000010100 8
b11000010100 n
b11111101111111101 C
b100011111110 D
b1011101110000 T
b101001101111 7
b101001101111 S
b11000010100 5
b11000010100 Q
b1000001011010 ^
b1101011001 4
b1101011001 \
b1001110111 2
b1001110111 Z
b1011000010100000 F
b1111111 o
b1011101000 ,
b1011101000 =
b1011101000 ]
b1011101000 q
b10101110111 p
b1110001 ;
b1110001 B
b1101101 j
b1000111111100000000000000000 E
b1010010111101100000 J
b100010101110 :
b100010101110 K
b100010101110 M
b100011000 ?
b101111011101 >
b1110101101110 O
b101001101111 N
b1100100010011 P
b111000001 A
b111000001 L
b101001001001 @
b1011101000 u
b100010001000 t
b1111111 s
b10101110111 r
b1011001011000 X
b1101011001 W
b1001110111 Y
b1110001 $
b1110001 (
b1110001 1
b1110001 V
1#
#1140000
0#
#1145000
b1100100011 6
b1100100011 R
b10001111101 3
b10001111101 [
b11001000110 .
b11001000110 9
b11001000110 l
b101001011 "
b101001011 )
b101001011 -
b101001011 8
b101001011 n
b1001101000111 T
b11001000110 7
b11001000110 S
b101001011 5
b101001011 Q
b11111110001001101 C
b100101001110 D
b1010111111011 ^
b100011111010 4
b100011111010 \
b100000010110 2
b100000010110 Z
b10101110111 o
b100010001000 ,
b100010001000 =
b100010001000 ]
b100010001000 q
b101001101111 p
b1011011011000110 F
b1110010 ;
b1110010 B
b100010001000 u
b1111111 t
b10101110111 s
b101001101111 r
b101111011101 ?
b100000101101 >
b101001001001 A
b101001001001 L
b1011101000 @
b11001000110 O
b1001101000111 N
b101001011 P
b100011111110 :
b100011111110 K
b100011111110 M
b1001010011100000000000000000 E
b1010011101100111010 J
b1101110 j
b1101111111001 X
b100011111010 W
b100000010110 Y
b1110010 $
b1110010 (
b1110010 1
b1110010 V
1#
#1150000
0#
#1155000
b11000011011 6
b11000011011 R
b1111001 3
b1111001 [
b110000110110 .
b110000110110 9
b110000110110 l
b11010011011 "
b11010011011 )
b11010011011 -
b11010011011 8
b11010011011 n
b11111110010011101 C
b100110011110 D
b1100100110111 T
b110000110110 7
b110000110110 S
b11010011011 5
b11010011011 Q
b110111110011 ^
b11110010 4
b11110010 \
b1100 2
b1100 Z
b1011110011101100 F
b101001101111 o
b1111111 ,
b1111111 =
b1111111 ]
b1111111 q
b11001000110 p
b1110011 ;
b1110011 B
b1101111 j
b1001100111100000000000000000 E
b1010100011100010100 J
b100101001110 :
b100101001110 K
b100101001110 M
b100000101101 ?
b10001111101 >
b1111100110101 O
b110000110110 N
b1100110011010 P
b1011101000 A
b1011101000 L
b100010001000 @
b1111111 u
b10101110111 t
b101001101111 s
b11001000110 r
b1001111110001 X
b11110010 W
b1100 Y
b1110011 $
b1110011 (
b1110011 1
b1110011 V
1#
#1160000
0#
#1165000
b100100010011 6
b100100010011 R
b100101110110 3
b100101110110 [
b10100100101 .
b10100100101 9
b10100100101 l
b101111101011 "
b101111101011 )
b101111101011 -
b101111101011 8
b101111101011 n
b1001000100110 T
b10100100101 7
b10100100101 S
b101111101011 5
b101111101011 Q
b11111110011101101 C
b100111101110 D
b1001011101100 ^
b10111101011 4
b10111101011 \
b10100000011 2
b10100000011 Z
b11001000110 o
b10101110111 ,
b10101110111 =
b10101110111 ]
b10101110111 q
b110000110110 p
b1100001100010010 F
b1110100 ;
b1110100 B
b10101110111 u
b101001101111 t
b11001000110 s
b110000110110 r
b10001111101 ?
b1111001 >
b100010001000 A
b100010001000 L
b1111111 @
b10100100101 O
b1001000100110 N
b1111011101010 P
b100110011110 :
b100110011110 K
b100110011110 M
b1001111011100000000000000000 E
b1010101001011101110 J
b1110000 j
b1100011101010 X
b10111101011 W
b10100000011 Y
b1110100 $
b1110100 (
b1110100 1
b1110100 V
1#
#1170000
0#
#1175000
b101110110111 6
b101110110111 R
b10101110010 3
b10101110010 [
b101001101101 .
b101001101101 9
b101001101101 l
b1110010010 "
b1110010010 )
b1110010010 -
b1110010010 8
b1110010010 n
b11111110100111101 C
b101000111110 D
b1011101101110 T
b101001101101 7
b101001101101 S
b1110010010 5
b1110010010 Q
b1011111100101 ^
b101011100100 4
b101011100100 \
b100111111010 2
b100111111010 Z
b1100100100111000 F
b110000110110 o
b101001101111 ,
b101001101111 =
b101001101111 ]
b101001101111 q
b10100100101 p
b1110101 ;
b1110101 B
b1110001 j
b1010001111100000000000000000 E
b1010101111011001000 J
b100111101110 :
b100111101110 K
b100111101110 M
b1111001 ?
b100101110110 >
b1110101101100 O
b101001101101 N
b1011010010001 P
b1111111 A
b1111111 L
b10101110111 @
b101001101111 u
b11001000110 t
b110000110110 s
b10100100101 r
b1110111100011 X
b101011100100 W
b100111111010 Y
b1110101 $
b1110101 (
b1110101 1
b1110101 V
1#
#1180000
0#
#1185000
b101011010 6
b101011010 R
b1101011110 3
b1101011110 [
b1010110100 .
b1010110100 9
b1010110100 l
b100000111010 "
b100000111010 )
b100000111010 -
b100000111010 8
b100000111010 n
b111110110101 T
b1010110100 7
b1010110100 S
b100000111010 5
b100000111010 Q
b11111110110001101 C
b101010001110 D
b1001110111101 ^
b11010111100 4
b11010111100 \
b10111010000 2
b10111010000 Z
b10100100101 o
b11001000110 ,
b11001000110 =
b11001000110 ]
b11001000110 q
b101001101101 p
b1100111101011110 F
b1110110 ;
b1110110 B
b11001000110 u
b110000110110 t
b10100100101 s
b101001101101 r
b100101110110 ?
b10101110010 >
b10101110111 A
b10101110111 L
b101001101111 @
b1010110100 O
b111110110101 N
b1101100111001 P
b101000111110 :
b101000111110 K
b101000111110 M
b1010100011100000000000000000 E
b1010110101010100010 J
b1110010 j
b1100110111011 X
b11010111100 W
b10111010000 Y
b1110110 $
b1110110 (
b1110110 1
b1110110 V
1#
#1190000
0#
#1195000
b1111111110 6
b1111111110 R
b110011010111 3
b110011010111 [
b11111111100 .
b11111111100 9
b11111111100 l
b110011100010 "
b110011100010 )
b110011100010 -
b110011100010 8
b110011100010 n
b11111110111011101 C
b101011011110 D
b1010011111101 T
b11111111100 7
b11111111100 S
b110011100010 5
b110011100010 Q
b1100110101110 ^
b110010101101 4
b110010101101 \
b101110111111 2
b101110111111 Z
b1101010110000100 F
b101001101101 o
b110000110110 ,
b110000110110 =
b110000110110 ]
b110000110110 q
b1010110100 p
b1110111 ;
b1110111 B
b1110011 j
b1010110111100000000000000000 E
b1010111011001111100 J
b101010001110 :
b101010001110 K
b101010001110 M
b10101110010 ?
b1101011110 >
b11111111100 O
b1010011111101 N
b1111111100001 P
b101001101111 A
b101001101111 L
b11001000110 @
b110000110110 u
b10100100101 t
b101001101101 s
b1010110100 r
b1111110101100 X
b110010101101 W
b101110111111 Y
b1110111 $
b1110111 (
b1110111 1
b1110111 V
1#
#1200000
0#
#1205000
b100010010010 6
b100010010010 R
b100101001111 3
b100101001111 [
b10000100011 .
b10000100011 9
b10000100011 l
b100001101001 "
b100001101001 )
b100001101001 -
b100001101001 8
b100001101001 n
b1000100100100 T
b10000100011 7
b10000100011 S
b100001101001 5
b100001101001 Q
b11111111000101101 C
b101100101110 D
b1001010011110 ^
b10110011101 4
b10110011101 \
b10010101101 2
b10010101101 Z
b1010110100 o
b10100100101 ,
b10100100101 =
b10100100101 ]
b10100100101 q
b11111111100 p
b1101101110101010 F
b1111000 ;
b1111000 B
b10100100101 u
b101001101101 t
b1010110100 s
b11111111100 r
b1101011110 ?
b110011010111 >
b11001000110 A
b11001000110 L
b110000110110 @
b10000100011 O
b1000100100100 N
b1101101101000 P
b101011011110 :
b101011011110 K
b101011011110 M
b1011001011100000000000000000 E
b1011000001001010110 J
b1110100 j
b1100010011100 X
b10110011101 W
b10010101101 Y
b1111000 $
b1111000 (
b1111000 1
b1111000 V
1#
#1210000
0#
#1215000
b101110110010 6
b101110110010 R
b10101110011 3
b10101110011 [
b101001100011 .
b101001100011 9
b101001100011 l
b100001000 "
b100001000 )
b100001000 -
b100001000 8
b100001000 n
b11111111001111101 C
b101101111110 D
b1011101100100 T
b101001100011 7
b101001100011 S
b100001000 5
b100001000 Q
b1011111100111 ^
b101011100110 4
b101011100110 \
b100111110100 2
b100111110100 Z
b1110000111010000 F
b11111111100 o
b101001101101 ,
b101001101101 =
b101001101101 ]
b101001101101 q
b10000100011 p
b1111001 ;
b1111001 B
b1110101 j
b1011011111100000000000000000 E
b1011000111000110000 J
b101100101110 :
b101100101110 K
b101100101110 M
b110011010111 ?
b100101001111 >
b101001100011 O
b1011101100100 N
b100001000 P
b110000110110 A
b110000110110 L
b10100100101 @
b101001101101 u
b1010110100 t
b11111111100 s
b10000100011 r
b1110111100101 X
b101011100110 W
b100111110100 Y
b1111001 $
b1111001 (
b1111001 1
b1111001 V
1#
#1220000
0#
#1225000
b111010001 6
b111010001 R
b110010111 3
b110010111 [
b1110100010 .
b1110100010 9
b1110100010 l
b11010101000 "
b11010101000 )
b11010101000 -
b11010101000 8
b11010101000 n
b1000010100011 T
b1110100010 7
b1110100010 S
b11010101000 5
b11010101000 Q
b11111111011001101 C
b101111001110 D
b1000000101111 ^
b1100101110 4
b1100101110 \
b1000111010 2
b1000111010 Z
b10000100011 o
b1010110100 ,
b1010110100 =
b1010110100 ]
b1010110100 q
b101001100011 p
b1110011111110110 F
b1111010 ;
b1111010 B
b1010110100 u
b11111111100 t
b10000100011 s
b101001100011 r
b100101001111 ?
b10101110011 >
b10100100101 A
b10100100101 L
b101001101101 @
b1110100010 O
b1000010100011 N
b1100110100111 P
b101101111110 :
b101101111110 K
b101101111110 M
b1011110011100000000000000000 E
b1011001101000001010 J
b1110110 j
b1011000101101 X
b1100101110 W
b1000111010 Y
b1111010 $
b1111010 (
b1111010 1
b1111010 V
1#
#1230000
0#
#1235000
b10010011101 6
b10010011101 R
b101010111100 3
b101010111100 [
b100100111010 .
b100100111010 9
b100100111010 l
b101110100000 "
b101110100000 )
b101110100000 -
b101110100000 8
b101110100000 n
b11111111100011101 C
b110000011110 D
b1011000111011 T
b100100111010 7
b100100111010 S
b101110100000 5
b101110100000 Q
b1010101111000 ^
b100001110111 4
b100001110111 \
b11110000001 2
b11110000001 Z
b1110111000011100 F
b101001100011 o
b11111111100 ,
b11111111100 =
b11111111100 ]
b11111111100 q
b1110100010 p
b1111011 ;
b1111011 B
b1110111 j
b1100000111100000000000000000 E
b1011010010111100100 J
b101111001110 :
b101111001110 K
b101111001110 M
b10101110011 ?
b110010111 >
b100100111010 O
b1011000111011 N
b1111010011111 P
b101001101101 A
b101001101101 L
b1010110100 @
b11111111100 u
b10000100011 t
b101001100011 s
b1110100010 r
b1101101110110 X
b100001110111 W
b11110000001 Y
b1111011 $
b1111011 (
b1111011 1
b1111011 V
1#
#1240000
0#
#1245000
b11101101001 6
b11101101001 R
b100011010000 3
b100011010000 [
b111010001 .
b111010001 9
b111010001 l
b1110010111 "
b1110010111 )
b1110010111 -
b1110010111 8
b1110010111 n
b111011010010 T
b111010001 7
b111010001 S
b1110010111 5
b1110010111 Q
b11111111101101101 C
b110001101110 D
b1000110100000 ^
b10010011111 4
b10010011111 \
b1110100111 2
b1110100111 Z
b1110100010 o
b10000100011 ,
b10000100011 =
b10000100011 ]
b10000100011 q
b100100111010 p
b1111010001000010 F
b1111100 ;
b1111100 B
b10000100011 u
b101001100011 t
b1110100010 s
b100100111010 r
b110010111 ?
b101010111100 >
b1010110100 A
b1010110100 L
b11111111100 @
b111010001 O
b111011010010 N
b1011010010110 P
b110000011110 :
b110000011110 K
b110000011110 M
b1100011011100000000000000000 E
b1011011000110111110 J
b1111000 j
b1011110011110 X
b10010011111 W
b1110100111 Y
b1111100 $
b1111100 (
b1111100 1
b1111100 V
1#
#1250000
0#
#1255000
b101000110101 6
b101000110101 R
b10101110000 3
b10101110000 [
b11101101001 .
b11101101001 9
b11101101001 l
b100010001111 "
b100010001111 )
b100010001111 -
b100010001111 8
b100010001111 n
b11111111110111101 C
b110010111110 D
b1010001101010 T
b11101101001 7
b11101101001 S
b100010001111 5
b100010001111 Q
b1011111100001 ^
b101011100000 4
b101011100000 \
b100111100110 2
b100111100110 Z
b1111101001101000 F
b100100111010 o
b101001100011 ,
b101001100011 =
b101001100011 ]
b101001100011 q
b111010001 p
b1111101 ;
b1111101 B
b1111001 j
b1100101111100000000000000000 E
b1011011110110011000 J
b110001101110 :
b110001101110 K
b110001101110 M
b101010111100 ?
b100011010000 >
b11101101001 O
b1010001101010 N
b1101110001110 P
b11111111100 A
b11111111100 L
b10000100011 @
b101001100011 u
b1110100010 t
b100100111010 s
b111010001 r
b1110111011111 X
b101011100000 W
b100111100110 Y
b1111101 $
b1111101 (
b1111101 1
b1111101 V
1#
#1260000
0#
#1265000
b111110000 6
b111110000 R
b1000010000 3
b1000010000 [
b1111100000 .
b1111100000 9
b1111100000 l
b10001100110 "
b10001100110 )
b10001100110 -
b10001100110 8
b10001100110 n
b1000011100001 T
b1111100000 7
b1111100000 S
b10001100110 5
b10001100110 Q
b11111001100001100 C
b1101 D
b1000100100001 ^
b10000100000 4
b10000100000 \
b1100100100 2
b1100100100 Z
b111010001 o
b1110100010 ,
b1110100010 =
b1110100010 ]
b1110100010 q
b11101101001 p
b10001110 F
b1111110 ;
b1111110 B
b1110100010 u
b100100111010 t
b111010001 s
b11101101001 r
b100011010000 ?
b10101110000 >
b10000100011 A
b10000100011 L
b101001100011 @
b1111100000 O
b1000011100001 N
b1011101100101 P
b110010111110 :
b110010111110 K
b110010111110 M
b11010000000000000000 E
b1011100100101110010 J
b1111010 j
b1011100011111 X
b10000100000 W
b1100100100 Y
b1111110 $
b1111110 (
b1111110 1
b1111110 V
1#
#1270000
0#
#1275000
b10100111000 6
b10100111000 R
b101101011101 3
b101101011101 [
b101001110000 .
b101001110000 9
b101001110000 l
b101001010110 "
b101001010110 )
b101001010110 -
b101001010110 8
b101001010110 n
b11111001101011100 C
b1011101 D
b1011101110001 T
b101001110000 7
b101001110000 S
b101001010110 5
b101001010110 Q
b1011010111010 ^
b100110111001 4
b100110111001 \
b100010111011 2
b100010111011 Z
b11010110100 F
b11101101001 o
b100100111010 ,
b100100111010 =
b100100111010 ]
b100100111010 q
b1111100000 p
b1111111 ;
b1111111 B
b1111011 j
b10111010000000000000000 E
b1011101010101001100 J
b1101 :
b1101 K
b1101 M
b10101110000 ?
b1000010000 >
b1110101101111 O
b101001110000 N
b101001010110 P
b101001100011 A
b101001100011 L
b1110100010 @
b100100111010 u
b111010001 t
b11101101001 s
b1111100000 r
b1110010111000 X
b100110111001 W
b100010111011 Y
b1111111 $
b1111111 (
b1111111 1
b1111111 V
1#
#1280000
0#
#1285000
b100010000000 6
b100010000000 R
b11110101001 3
b11110101001 [
b1111111111 .
b1111111111 9
b1111111111 l
b1101000101 "
b1101000101 )
b1101000101 -
b1101000101 8
b1101000101 n
b1000100000000 T
b1111111111 7
b1111111111 S
b1101000101 5
b1101000101 Q
b11111001110101100 C
b10101101 D
b111101010010 ^
b1001010001 4
b1001010001 \
b101010001 2
b101010001 Z
b1111100000 o
b111010001 ,
b111010001 =
b111010001 ]
b111010001 q
b101001110000 p
b110011011010 F
b10000000 ;
b10000000 B
b111010001 u
b11101101001 t
b1111100000 s
b101001110000 r
b1000010000 ?
b101101011101 >
b1110100010 A
b1110100010 L
b100100111010 @
b1011011111110 O
b1111111111 N
b1101000101 P
b1011101 :
b1011101 K
b1011101 M
b101011010000000000000000 E
b1011110000100100110 J
b1111100 j
b1010101010000 X
b1001010001 W
b101010001 Y
b10000000 $
b10000000 (
b10000000 1
b10000000 V
1#
#1290000
0#
#1295000
b101101110100 6
b101101110100 R
b1111110101 3
b1111110101 [
b100111100111 .
b100111100111 9
b100111100111 l
b100010001101 "
b100010001101 )
b100010001101 -
b100010001101 8
b100010001101 n
b11111001111111100 C
b11111101 D
b1011011101000 T
b100111100111 7
b100111100111 S
b100010001101 5
b100010001101 Q
b1010011101011 ^
b11111101010 4
b11111101010 \
b11011101000 2
b11011101000 Z
b1001100000000 F
b101001110000 o
b11101101001 ,
b11101101001 =
b11101101001 ]
b11101101001 q
b1111111111 p
b10000001 ;
b10000001 B
b1111101 j
b111111010000000000000000 E
b1011110110100000000 J
b10101101 :
b10101101 K
b10101101 M
b101101011101 ?
b11110101001 >
b1110011100110 O
b100111100111 N
b100010001101 P
b100100111010 A
b100100111010 L
b111010001 @
b11101101001 u
b1111100000 t
b101001110000 s
b1111111111 r
b1101011101001 X
b11111101010 W
b11011101000 Y
b10000001 $
b10000001 (
b10000001 1
b10000001 V
1#
#1300000
0#
#1305000
b101100111 6
b101100111 R
b1000110001 3
b1000110001 [
b1011001110 .
b1011001110 9
b1011001110 l
b11010100 "
b11010100 )
b11010100 -
b11010100 8
b11010100 n
b111111001111 T
b1011001110 7
b1011001110 S
b11010100 5
b11010100 Q
b11111010001001100 C
b101001101 D
b1000101100011 ^
b10001100010 4
b10001100010 \
b1101011110 2
b1101011110 Z
b1111111111 o
b1111100000 ,
b1111100000 =
b1111100000 ]
b1111100000 q
b100111100111 p
b1100100100110 F
b10000010 ;
b10000010 B
b1111100000 u
b101001110000 t
b1111111111 s
b100111100111 r
b11110101001 ?
b1111110101 >
b111010001 A
b111010001 L
b11101101001 @
b1010111001101 O
b1011001110 N
b11010100 P
b11111101 :
b11111101 K
b11111101 M
b1010011010000000000000000 E
b1011111100011011010 J
b1111110 j
b1011101100001 X
b10001100010 W
b1101011110 Y
b10000010 $
b10000010 (
b10000010 1
b10000010 V
1#
#1310000
0#
#1315000
b10001011011 6
b10001011011 R
b101111111010 3
b101111111010 [
b100010110110 .
b100010110110 9
b100010110110 l
b11000011100 "
b11000011100 )
b11000011100 -
b11000011100 8
b11000011100 n
b11111010010011100 C
b110011101 D
b1010110110111 T
b100010110110 7
b100010110110 S
b11000011100 5
b11000011100 Q
b1011111110100 ^
b101011110011 4
b101011110011 \
b100111101101 2
b100111101101 Z
b1111101001100 F
b100111100111 o
b101001110000 ,
b101001110000 =
b101001110000 ]
b101001110000 q
b1011001110 p
b10000011 ;
b10000011 B
b1111111 j
b1100111010000000000000000 E
b1100000010010110100 J
b101001101 :
b101001101 K
b101001101 M
b1111110101 ?
b1000110001 >
b1101110110101 O
b100010110110 N
b11000011100 P
b11101101001 A
b11101101001 L
b1111100000 @
b101001110000 u
b1111111111 t
b100111100111 s
b1011001110 r
b1110111110010 X
b101011110011 W
b100111101101 Y
b10000011 $
b10000011 (
b10000011 1
b10000011 V
1#
#1320000
0#
#1325000
b100100111111 6
b100100111111 R
b110101001 3
b110101001 [
b10101111101 .
b10101111101 9
b10101111101 l
b1001000011 "
b1001000011 )
b1001000011 -
b1001000011 8
b1001000011 n
b1001001111110 T
b10101111101 7
b10101111101 S
b1001000011 5
b1001000011 Q
b11111010011101100 C
b111101101 D
b100110101110 *
b100110101110 <
b100110101110 G
b100110101110 `
b10 +
b10 a
b1000001010011 ^
b1101010010 4
b1101010010 \
b1001001010 2
b1001001010 Z
b1001000011 o
b1011001110 ,
b1011001110 =
b1011001110 ]
b1011001110 q
b100010110110 p
b10010101110010 F
b1 0
b1 f
b1 k
b10 e
b10000100 ;
b10000100 B
b1111111111 u
b100111100111 t
b1011001110 s
b100010110110 r
b1000110001 ?
b101111111010 >
b1111100000 A
b1111100000 L
b101001110000 @
b1100001111100 O
b10101111101 N
b1001000011 P
b110011101 :
b110011101 K
b110011101 M
b1111011010000000000000000 E
b1100001000010001110 J
b10 /
b10 g
b0 j
b1011001010001 X
b1101010010 W
b1001001010 Y
b10000100 $
b10000100 (
b10000100 1
b10000100 V
1#
#1330000
0#
#1335000
b110010101111 6
b110010101111 R
b100010000011 o
b101100011110 3
b101100011110 [
b110001011101 .
b110001011101 9
b110001011101 l
b100010000011 "
b100010000011 )
b100010000011 -
b100010000011 8
b100010000011 n
b1100101011110 T
b110001011101 7
b110001011101 S
b100010000011 5
b100010000011 Q
b1011000111100 ^
b100100111011 4
b100100111011 \
b100000110001 2
b100000110001 Z
b101101001001000 F
b11111011110011010 C
b10010011011 D
b100010110110 ,
b100010110110 =
b100010110110 ]
b100010110110 q
b10101111101 p
b10000101 ;
b10000101 B
b1 j
b100100110110000000000000000 E
b1001111110110111000 J
b111101101 :
b111101101 K
b111101101 M
b101111111010 ?
b110101001 >
b1111101011100 O
b110001011101 N
b100010000011 P
b101001110000 A
b101001110000 L
b1011001110 @
b100111100111 u
b1001000011 t
b100010110110 s
b10101111101 r
b1110000111010 X
b100100111011 W
b100000110001 Y
b10000101 $
b10000101 (
b10000101 1
b10000101 V
1#
#1340000
0#
#1345000
b101000110101 6
b101000110101 R
b101100110100 o
b100110000010 3
b100110000010 [
b11101101001 .
b11101101001 9
b11101101001 l
b101100110100 "
b101100110100 )
b101100110100 -
b101100110100 8
b101100110100 n
b1010001101010 T
b11101101001 7
b11101101001 S
b101100110100 5
b101100110100 Q
b11111010011111010 C
b111111011 D
b1001100000100 ^
b11000000011 4
b11000000011 \
b10011110111 2
b10011110111 Z
b10101111101 ,
b10101111101 =
b10101111101 ]
b10101111101 q
b110001011101 p
b10011010011010 F
b10000110 ;
b10000110 B
b1001000011 u
b100010000011 t
b10101111101 s
b110001011101 r
b110101001 ?
b101100011110 >
b1011001110 A
b1011001110 L
b100010110110 @
b1101001101000 O
b11101101001 N
b1111000110011 P
b10010011011 :
b10010011011 K
b10010011011 M
b1111110110000000000000000 E
b1010000011101100110 J
b10 j
b1100100000010 X
b11000000011 W
b10011110111 Y
b10000110 $
b10000110 (
b10000110 1
b10000110 V
1#
#1350000
0#
#1355000
b101111011001 6
b101111011001 R
b11010111011 o
b11001110010 3
b11001110010 [
b101010110001 .
b101010110001 9
b101010110001 l
b11010111011 "
b11010111011 )
b11010111011 -
b11010111011 8
b11010111011 n
b11111111101011011 C
b110001011100 D
b1011110110010 T
b101010110001 7
b101010110001 S
b11010111011 5
b11010111011 Q
b1100111100101 ^
b110011100100 4
b110011100100 \
b101111010110 2
b101111010110 Z
b1111001011101100 F
b110001011101 ,
b110001011101 =
b110001011101 ]
b110001011101 q
b11101101001 p
b10000111 ;
b10000111 B
b11 j
b1100010111000000000000000000 E
b1010001000100010100 J
b111111011 :
b111111011 K
b111111011 M
b101100011110 ?
b100110000010 >
b1110110110000 O
b101010110001 N
b11010111011 P
b100010110110 A
b100010110110 L
b10101111101 @
b100010000011 u
b101100110100 t
b110001011101 s
b11101101001 r
b1111111100011 X
b110011100100 W
b101111010110 Y
b10000111 $
b10000111 (
b10000111 1
b10000111 V
1#
#1360000
0#
#1365000
b1001101100 6
b1001101100 R
b11000100010 o
b101001111001 3
b101001111001 [
b10011011000 .
b10011011000 9
b10011011000 l
b11000100010 "
b11000100010 )
b11000100010 -
b11000100010 8
b11000100010 n
b1000111011001 T
b10011011000 7
b10011011000 S
b11000100010 5
b11000100010 Q
b11111110010111011 C
b100110111100 D
b1010011110010 ^
b11111110001 4
b11111110001 \
b11011100001 2
b11011100001 Z
b11101101001 ,
b11101101001 =
b11101101001 ]
b11101101001 q
b101010110001 p
b1011111100111110 F
b10001000 ;
b10001000 B
b101100110100 u
b11010111011 t
b11101101001 s
b101010110001 r
b100110000010 ?
b11001110010 >
b10101111101 A
b10101111101 L
b110001011101 @
b10011011000 O
b1000111011001 N
b1100100100001 P
b110001011100 :
b110001011100 K
b110001011100 M
b1001101111000000000000000000 E
b1010001101011000010 J
b100 j
b1101011110000 X
b11111110001 W
b11011100001 Y
b10001000 $
b10001000 (
b10001000 1
b10001000 V
1#
#1370000
0#
#1375000
b10010001100 6
b10010001100 R
b1010100001 o
b10110011101 3
b10110011101 [
b100100011000 .
b100100011000 9
b100100011000 l
b1010100001 "
b1010100001 )
b1010100001 -
b1010100001 8
b1010100001 n
b11111101000011011 C
b11100011100 D
b1011000011001 T
b100100011000 7
b100100011000 S
b1010100001 5
b1010100001 Q
b1100000111011 ^
b101100111010 4
b101100111010 \
b101000101000 2
b101000101000 Z
b1000101110010000 F
b101010110001 ,
b101010110001 =
b101010110001 ]
b101010110001 q
b10011011000 p
b10001001 ;
b10001001 B
b101 j
b111000111000000000000000000 E
b1010010010001110000 J
b100110111100 :
b100110111100 K
b100110111100 M
b11001110010 ?
b101001111001 >
b100100011000 O
b1011000011001 N
b1010100001 P
b110001011101 A
b110001011101 L
b11101101001 @
b11010111011 u
b11000100010 t
b101010110001 s
b10011011000 r
b1111000111001 X
b101100111010 W
b101000101000 Y
b10001001 $
b10001001 (
b10001001 1
b10001001 V
1#
#1380000
0#
#1385000
b11000010 6
b11000010 R
b1001101 o
b1010110001 3
b1010110001 [
b110000100 .
b110000100 9
b110000100 l
b1001101 "
b1001101 )
b1001101 -
b1001101 8
b1001101 n
b111010000101 T
b110000100 7
b110000100 S
b1001101 5
b1001101 Q
b11111011101111011 C
b10001111100 D
b1001001100011 ^
b10101100010 4
b10101100010 \
b10001001110 2
b10001001110 Z
b10011011000 ,
b10011011000 =
b10011011000 ]
b10011011000 q
b100100011000 p
b101011111100010 F
b10001010 ;
b10001010 B
b11000100010 u
b1010100001 t
b10011011000 s
b100100011000 r
b101001111001 ?
b10110011101 >
b11101101001 A
b11101101001 L
b101010110001 @
b110000100 O
b111010000101 N
b1001101 P
b11100011100 :
b11100011100 K
b11100011100 M
b100011111000000000000000000 E
b1010010111000011110 J
b110 j
b1100001100001 X
b10101100010 W
b10001001110 Y
b10001010 $
b10001010 (
b10001010 1
b10001010 V
1#
#1390000
0#
#1395000
b100010110 6
b100010110 R
b11000110101 o
b101101010010 3
b101101010010 [
b1000101100 .
b1000101100 9
b1000101100 l
b11000110101 "
b11000110101 )
b11000110101 -
b11000110101 8
b11000110101 n
b11111010011011011 C
b111011100 D
b111100101101 T
b1000101100 7
b1000101100 S
b11000110101 5
b11000110101 Q
b1011010100100 ^
b100110100011 4
b100110100011 \
b100010001101 2
b100010001101 Z
b10010000110100 F
b100100011000 ,
b100100011000 =
b100100011000 ]
b100100011000 q
b110000100 p
b10001011 ;
b10001011 B
b111 j
b1110111000000000000000000 E
b1010011011111001100 J
b10001111100 :
b10001111100 K
b10001111100 M
b10110011101 ?
b1010110001 >
b1000101100 O
b111100101101 N
b11000110101 P
b101010110001 A
b101010110001 L
b10011011000 @
b1010100001 u
b1001101 t
b100100011000 s
b110000100 r
b1110010100010 X
b100110100011 W
b100010001101 Y
b10001011 $
b10001011 (
b10001011 1
b10001011 V
1#
#1400000
0#
#1405000
b1101011010 6
b1101011010 R
b1011111100 o
b100001000 3
b100001000 [
b11010110100 .
b11010110100 9
b11010110100 l
b1011111100 "
b1011111100 )
b1011111100 -
b1011111100 8
b1011111100 n
b1001110110101 T
b11010110100 7
b11010110100 S
b1011111100 5
b1011111100 Q
b11111111100111100 C
b110000111101 D
b111100010001 ^
b1000010000 4
b1000010000 \
b11111000 2
b11111000 Z
b110000100 ,
b110000100 =
b110000100 ]
b110000100 q
b1000101100 p
b1111000010000110 F
b10001100 ;
b10001100 B
b1001101 u
b11000110101 t
b110000100 s
b1000101100 r
b1010110001 ?
b101101010010 >
b10011011000 A
b10011011000 L
b100100011000 @
b1100110110011 O
b11010110100 N
b1011111100 P
b111011100 :
b111011100 K
b111011100 M
b1100001111010000000000000000 E
b1010100000101111010 J
b1000 j
b1010100001111 X
b1000010000 W
b11111000 Y
b10001100 $
b10001100 (
b10001100 1
b10001100 V
1#
#1410000
0#
#1415000
b10000101010 6
b10000101010 R
b100111011100 o
b11111011101 3
b11111011101 [
b100001010100 .
b100001010100 9
b100001010100 l
b100111011100 "
b100111011100 )
b100111011100 -
b100111011100 8
b100111011100 n
b11111110010011100 C
b100110011101 D
b1010101010101 T
b100001010100 7
b100001010100 S
b100111011100 5
b100111011100 Q
b111110111010 ^
b1010111001 4
b1010111001 \
b110011111 2
b110011111 Z
b1011110011011000 F
b1000101100 ,
b1000101100 =
b1000101100 ]
b1000101100 q
b11010110100 p
b10001101 ;
b10001101 B
b1001 j
b1001100111010000000000000000 E
b1010100101100101000 J
b110000111101 :
b110000111101 K
b110000111101 M
b101101010010 ?
b100001000 >
b100001010100 O
b1010101010101 N
b1110011011011 P
b100100011000 A
b100100011000 L
b110000100 @
b11000110101 u
b1011111100 t
b1000101100 s
b11010110100 r
b1010110111000 X
b1010111001 W
b110011111 Y
b10001101 $
b10001101 (
b10001101 1
b10001101 V
1#
#1420000
0#
#1425000
b110000010001 6
b110000010001 R
b10011101000 o
b1110100001 3
b1110100001 [
b101100100001 .
b101100100001 9
b101100100001 l
b10011101000 "
b10011101000 )
b10011101000 -
b10011101000 8
b10011101000 n
b1100000100010 T
b101100100001 7
b101100100001 S
b10011101000 5
b10011101000 Q
b11111100111111100 C
b11011111101 D
b1010001000011 ^
b11101000010 4
b11101000010 \
b11000100110 2
b11000100110 Z
b11010110100 ,
b11010110100 =
b11010110100 ]
b11010110100 q
b100001010100 p
b1000100100101010 F
b10001110 ;
b10001110 B
b1011111100 u
b100111011100 t
b11010110100 s
b100001010100 r
b100001000 ?
b11111011101 >
b110000100 A
b110000100 L
b1000101100 @
b1111000100000 O
b101100100001 N
b1011111100111 P
b100110011101 :
b100110011101 K
b100110011101 M
b110111111010000000000000000 E
b1010101010011010110 J
b1010 j
b1101001000001 X
b11101000010 W
b11000100110 Y
b10001110 $
b10001110 (
b10001110 1
b10001110 V
1#
#1430000
0#
#1435000
b101100010101 6
b101100010101 R
b100000110000 o
b101011110010 3
b101011110010 [
b100100101001 .
b100100101001 9
b100100101001 l
b100000110000 "
b100000110000 )
b100000110000 -
b100000110000 8
b100000110000 n
b11111011101011100 C
b10001011101 D
b1011000101010 T
b100100101001 7
b100100101001 S
b100000110000 5
b100000110000 Q
b1010111100100 ^
b100011100011 4
b100011100011 \
b11111000101 2
b11111000101 Z
b101010101111100 F
b100001010100 ,
b100001010100 =
b100001010100 ]
b100001010100 q
b101100100001 p
b10001111 ;
b10001111 B
b1011 j
b100010111010000000000000000 E
b1010101111010000100 J
b11011111101 :
b11011111101 K
b11011111101 M
b11111011101 ?
b1110100001 >
b1110000101000 O
b100100101001 N
b1101100101111 P
b1000101100 A
b1000101100 L
b11010110100 @
b100111011100 u
b10011101000 t
b100001010100 s
b101100100001 r
b1101111100010 X
b100011100011 W
b11111000101 Y
b10001111 $
b10001111 (
b10001111 1
b10001111 V
1#
#1440000
0#
#1445000
b110000001001 6
b110000001001 R
b1001010111 o
b110001011001 3
b110001011001 [
b101100010001 .
b101100010001 9
b101100010001 l
b1001010111 "
b1001010111 )
b1001010111 -
b1001010111 8
b1001010111 n
b1100000010010 T
b101100010001 7
b101100010001 S
b1001010111 5
b1001010111 Q
b11111010010111100 C
b110111101 D
b1100010110010 ^
b101110110001 4
b101110110001 \
b101010010001 2
b101010010001 Z
b101100100001 ,
b101100100001 =
b101100100001 ]
b101100100001 q
b100100101001 p
b10000111001110 F
b10010000 ;
b10010000 B
b10011101000 u
b100000110000 t
b101100100001 s
b100100101001 r
b1110100001 ?
b101011110010 >
b11010110100 A
b11010110100 L
b100001010100 @
b1111000010000 O
b101100010001 N
b1001010111 P
b10001011101 :
b10001011101 K
b10001011101 M
b1101111010000000000000000 E
b1010110100000110010 J
b1100 j
b1111010110000 X
b101110110001 W
b101010010001 Y
b10010000 $
b10010000 (
b10010000 1
b10010000 V
1#
#1450000
0#
#1455000
b101110001001 6
b101110001001 R
b11010010111 o
b10011011101 3
b10011011101 [
b101000010001 .
b101000010001 9
b101000010001 l
b11010010111 "
b11010010111 )
b11010010111 -
b11010010111 8
b11010010111 n
b11111111100011101 C
b110000011110 D
b1011100010010 T
b101000010001 7
b101000010001 S
b11010010111 5
b11010010111 Q
b1011010111011 ^
b100110111010 4
b100110111010 \
b100010011000 2
b100010011000 Z
b1110111000100000 F
b100100101001 ,
b100100101001 =
b100100101001 ]
b100100101001 q
b101100010001 p
b10010001 ;
b10010001 B
b1101 j
b1100000111100000000000000000 E
b1010111000111100000 J
b110111101 :
b110111101 K
b110111101 M
b101011110010 ?
b110001011001 >
b1110100010000 O
b101000010001 N
b11010010111 P
b100001010100 A
b100001010100 L
b101100100001 @
b100000110000 u
b1001010111 t
b100100101001 s
b101100010001 r
b1110010111001 X
b100110111010 W
b100010011000 Y
b10010001 $
b10010001 (
b10010001 1
b10010001 V
1#
#1460000
0#
#1465000
b10100011111 6
b10100011111 R
b110000000100 o
b110001010010 3
b110001010010 [
b101000111110 .
b101000111110 9
b101000111110 l
b110000000100 "
b110000000100 )
b110000000100 -
b110000000100 8
b110000000100 n
b1011100111111 T
b101000111110 7
b101000111110 S
b110000000100 5
b110000000100 Q
b11111110001111101 C
b100101111110 D
b1100010100100 ^
b101110100011 4
b101110100011 \
b101001111111 2
b101001111111 Z
b101100010001 ,
b101100010001 =
b101100010001 ]
b101100010001 q
b101000010001 p
b1011101001110010 F
b10010010 ;
b10010010 B
b1001010111 u
b11010010111 t
b101100010001 s
b101000010001 r
b110001011001 ?
b10011011101 >
b101100100001 A
b101100100001 L
b100100101001 @
b101000111110 O
b1011100111111 N
b1111100000011 P
b110000011110 :
b110000011110 K
b110000011110 M
b1001011111100000000000000000 E
b1010111101110001110 J
b1110 j
b1111010100010 X
b101110100011 W
b101001111111 Y
b10010010 $
b10010010 (
b10010010 1
b10010010 V
1#
#1470000
0#
#1475000
b1011010011 6
b1011010011 R
b110010101100 o
b10101010010 3
b10101010010 [
b10110100110 .
b10110100110 9
b10110100110 l
b110010101100 "
b110010101100 )
b110010101100 -
b110010101100 8
b110010101100 n
b11111100111011101 C
b11011011110 D
b1001010100111 T
b10110100110 7
b10110100110 S
b110010101100 5
b110010101100 Q
b1011110100101 ^
b101010100100 4
b101010100100 \
b100101111110 2
b100101111110 Z
b1000011011000100 F
b101000010001 ,
b101000010001 =
b101000010001 ]
b101000010001 q
b101000111110 p
b10010011 ;
b10010011 B
b1111 j
b110110111100000000000000000 E
b1011000010100111100 J
b100101111110 :
b100101111110 K
b100101111110 M
b10011011101 ?
b110001010010 >
b10110100110 O
b1001010100111 N
b1111110101011 P
b100100101001 A
b100100101001 L
b101100010001 @
b11010010111 u
b110000000100 t
b101000010001 s
b101000111110 r
b1110110100011 X
b101010100100 W
b100101111110 Y
b10010011 $
b10010011 (
b10010011 1
b10010011 V
1#
#1480000
0#
#1485000
b1001110111 6
b1001110111 R
b10000110011 o
b10101101001 3
b10101101001 [
b10011101110 .
b10011101110 9
b10011101110 l
b10000110011 "
b10000110011 )
b10000110011 -
b10000110011 8
b10000110011 n
b1000111101111 T
b10011101110 7
b10011101110 S
b10000110011 5
b10000110011 Q
b11111011100111101 C
b10000111110 D
b1011111010011 ^
b101011010010 4
b101011010010 \
b100110101010 2
b100110101010 Z
b101000111110 ,
b101000111110 =
b101000111110 ]
b101000111110 q
b10110100110 p
b101001100010110 F
b10010100 ;
b10010100 B
b110000000100 u
b110010101100 t
b101000111110 s
b10110100110 r
b110001010010 ?
b10101010010 >
b101100010001 A
b101100010001 L
b101000010001 @
b10011101110 O
b1000111101111 N
b10000110011 P
b11011011110 :
b11011011110 K
b11011011110 M
b100001111100000000000000000 E
b1011000111011101010 J
b10000 j
b1110111010001 X
b101011010010 W
b100110101010 Y
b10010100 $
b10010100 (
b10010100 1
b10010100 V
1#
#1490000
0#
#1495000
b10100111 6
b10100111 R
b10111010011 o
b100110011110 3
b100110011110 [
b101001110 .
b101001110 9
b101001110 l
b10111010011 "
b10111010011 )
b10111010011 -
b10111010011 8
b10111010011 n
b11111010010011101 C
b110011110 D
b111001001111 T
b101001110 7
b101001110 S
b10111010011 5
b10111010011 Q
b1001100111100 ^
b11000111011 4
b11000111011 \
b10100010001 2
b10100010001 Z
b1111101101000 F
b10110100110 ,
b10110100110 =
b10110100110 ]
b10110100110 q
b10011101110 p
b10010101 ;
b10010101 B
b10001 j
b1100111100000000000000000 E
b1011001100010011000 J
b10000111110 :
b10000111110 K
b10000111110 M
b10101010010 ?
b10101101001 >
b101001110 O
b111001001111 N
b10111010011 P
b101000010001 A
b101000010001 L
b101000111110 @
b110010101100 u
b10000110011 t
b10110100110 s
b10011101110 r
b1100100111010 X
b11000111011 W
b10100010001 Y
b10010101 $
b10010101 (
b10010101 1
b10010101 V
1#
#1500000
0#
#1505000
b10111101110 6
b10111101110 R
b100010100000 o
b1011000010 3
b1011000010 [
b101111011100 .
b101111011100 9
b101111011100 l
b100010100000 "
b100010100000 )
b100010100000 -
b100010100000 8
b100010100000 n
b1100011011101 T
b101111011100 7
b101111011100 S
b100010100000 5
b100010100000 Q
b11111111011111110 C
b101111111111 D
b1001010000101 ^
b10110000100 4
b10110000100 \
b10001011000 2
b10001011000 Z
b10011101110 ,
b10011101110 =
b10011101110 ]
b10011101110 q
b101001110 p
b1110101110111010 F
b10010110 ;
b10010110 B
b10000110011 u
b10111010011 t
b10011101110 s
b101001110 r
b10101101001 ?
b100110011110 >
b101000111110 A
b101000111110 L
b10110100110 @
b1111011011011 O
b101111011100 N
b100010100000 P
b110011110 :
b110011110 K
b110011110 M
b1011111111110000000000000000 E
b1011010001001000110 J
b10010 j
b1100010000011 X
b10110000100 W
b10001011000 Y
b10010110 $
b10010110 (
b10010110 1
b10010110 V
1#
#1510000
0#
#1515000
b1001010010 6
b1001010010 R
b11010101000 o
b11101110011 3
b11101110011 [
b10010100100 .
b10010100100 9
b10010100100 l
b11010101000 "
b11010101000 )
b11010101000 -
b11010101000 8
b11010101000 n
b11111110001011110 C
b100101011111 D
b1000110100101 T
b10010100100 7
b10010100100 S
b11010101000 5
b11010101000 Q
b111011100110 ^
b111100101 4
b111100101 \
b10110111 2
b10110111 Z
b1011100000001100 F
b101001110 ,
b101001110 =
b101001110 ]
b101001110 q
b101111011100 p
b10010111 ;
b10010111 B
b10011 j
b1001010111110000000000000000 E
b1011010101111110100 J
b101111111111 :
b101111111111 K
b101111111111 M
b100110011110 ?
b1011000010 >
b10010100100 O
b1000110100101 N
b1100110100111 P
b10110100110 A
b10110100110 L
b10011101110 @
b10111010011 u
b100010100000 t
b101001110 s
b101111011100 r
b1010011100100 X
b111100101 W
b10110111 Y
b10010111 $
b10010111 (
b10010111 1
b10010111 V
1#
#1520000
0#
#1525000
b10100110 6
b10100110 R
b100010010000 o
b11000111010 3
b11000111010 [
b101001100 .
b101001100 9
b101001100 l
b100010010000 "
b100010010000 )
b100010010000 -
b100010010000 8
b100010010000 n
b111001001101 T
b101001100 7
b101001100 S
b100010010000 5
b100010010000 Q
b11111100110111110 C
b11010111111 D
b1100101110101 ^
b110001110100 4
b110001110100 \
b101101000100 2
b101101000100 Z
b101111011100 ,
b101111011100 =
b101111011100 ]
b101111011100 q
b10010100100 p
b1000010001011110 F
b10011000 ;
b10011000 B
b100010100000 u
b11010101000 t
b101111011100 s
b10010100100 r
b1011000010 ?
b11101110011 >
b10011101110 A
b10011101110 L
b101001110 @
b101001100 O
b111001001101 N
b1101110001111 P
b100101011111 :
b100101011111 K
b100101011111 M
b110101111110000000000000000 E
b1011011010110100010 J
b10100 j
b1111101110011 X
b110001110100 W
b101101000100 Y
b10011000 $
b10011000 (
b10011000 1
b10011000 V
1#
#1530000
0#
#1535000
b101010000111 6
b101010000111 R
b11110010000 o
b100100011111 3
b100100011111 [
b100000001101 .
b100000001101 9
b100000001101 l
b11110010000 "
b11110010000 )
b11110010000 -
b11110010000 8
b11110010000 n
b11111011100011110 C
b10000011111 D
b1010100001110 T
b100000001101 7
b100000001101 S
b11110010000 5
b11110010000 Q
b1001000111110 ^
b10100111101 4
b10100111101 \
b10000001011 2
b10000001011 Z
b101000010110000 F
b10010100100 ,
b10010100100 =
b10010100100 ]
b10010100100 q
b101001100 p
b10011001 ;
b10011001 B
b10101 j
b100000111110000000000000000 E
b1011011111101010000 J
b11010111111 :
b11010111111 K
b11010111111 M
b11101110011 ?
b11000111010 >
b1101100001100 O
b100000001101 N
b1101010001111 P
b101001110 A
b101001110 L
b101111011100 @
b11010101000 u
b100010010000 t
b10010100100 s
b101001100 r
b1100000111100 X
b10100111101 W
b10000001011 Y
b10011001 $
b10011001 (
b10011001 1
b10011001 V
1#
#1540000
0#
#1545000
b101111101 6
b101111101 R
b11110111101 o
b11110011 3
b11110011 [
b1011111010 .
b1011111010 9
b1011111010 l
b11110111101 "
b11110111101 )
b11110111101 -
b11110111101 8
b11110111101 n
b111111111011 T
b1011111010 7
b1011111010 S
b11110111101 5
b11110111101 Q
b11111010001111110 C
b101111111 D
b111011100111 ^
b111100110 4
b111100110 \
b10110010 2
b10110010 Z
b101001100 ,
b101001100 =
b101001100 ]
b101001100 q
b100000001101 p
b1110100000010 F
b10011010 ;
b10011010 B
b100010010000 u
b11110010000 t
b101001100 s
b100000001101 r
b11000111010 ?
b100100011111 >
b101111011100 A
b101111011100 L
b10010100100 @
b1011111010 O
b111111111011 N
b11110111101 P
b10000011111 :
b10000011111 K
b10000011111 M
b1011111110000000000000000 E
b1011100100011111110 J
b10110 j
b1010011100101 X
b111100110 W
b10110010 Y
b10011010 $
b10011010 (
b10011010 1
b10011010 V
1#
#1550000
0#
#1555000
b100110010010 6
b100110010010 R
b1100100101 o
b10001010100 3
b10001010100 [
b11000100011 .
b11000100011 9
b11000100011 l
b1100100101 "
b1100100101 )
b1100100101 -
b1100100101 8
b1100100101 n
b11111111011011111 C
b101111100000 D
b1001100100100 T
b11000100011 7
b11000100011 S
b1100100101 5
b1100100101 Q
b1010110101001 ^
b100010101000 4
b100010101000 \
b11101110010 2
b11101110010 Z
b1110100101010100 F
b100000001101 ,
b100000001101 =
b100000001101 ]
b100000001101 q
b1011111010 p
b10011011 ;
b10011011 B
b10111 j
b1011111000000000000000000000 E
b1011101001010101100 J
b101111111 :
b101111111 K
b101111111 M
b100100011111 ?
b11110011 >
b1100100100010 O
b11000100011 N
b1100100101 P
b10010100100 A
b10010100100 L
b101001100 @
b11110010000 u
b11110111101 t
b100000001101 s
b1011111010 r
b1101110100111 X
b100010101000 W
b11101110010 Y
b10011011 $
b10011011 (
b10011011 1
b10011011 V
1#
#1560000
0#
#1565000
b11010010110 6
b11010010110 R
b1001101101 o
b111001011 3
b111001011 [
b101011 .
b101011 9
b101011 l
b1001101101 "
b1001101101 )
b1001101101 -
b1001101101 8
b1001101101 n
b110100101100 T
b101011 7
b101011 S
b1001101101 5
b1001101101 Q
b11111110000111111 C
b100101000000 D
b1000010010111 ^
b1110010110 4
b1110010110 \
b1001011110 2
b1001011110 Z
b1011111010 ,
b1011111010 =
b1011111010 ]
b1011111010 q
b11000100011 p
b1011010110100110 F
b10011100 ;
b10011100 B
b11110111101 u
b1100100101 t
b1011111010 s
b11000100011 r
b11110011 ?
b10001010100 >
b101001100 A
b101001100 L
b100000001101 @
b101011 O
b110100101100 N
b1010101101100 P
b101111100000 :
b101111100000 K
b101111100000 M
b1001010000000000000000000000 E
b1011101110001011010 J
b11000 j
b1011010010101 X
b1110010110 W
b1001011110 Y
b10011100 $
b10011100 (
b10011100 1
b10011100 V
1#
#1570000
0#
#1575000
b1000100110 6
b1000100110 R
b101111001110 o
b1101100000 3
b1101100000 [
b10001001100 .
b10001001100 9
b10001001100 l
b101111001110 "
b101111001110 )
b101111001110 -
b101111001110 8
b101111001110 n
b11111100110011111 C
b11010100000 D
b1000101001101 T
b10001001100 7
b10001001100 S
b101111001110 5
b101111001110 Q
b1001111000001 ^
b11011000000 4
b11011000000 \
b10110000110 2
b10110000110 Z
b1000000111111000 F
b11000100011 ,
b11000100011 =
b11000100011 ]
b11000100011 q
b101011 p
b10011101 ;
b10011101 B
b11001 j
b110101000000000000000000000 E
b1011110011000001000 J
b100101000000 :
b100101000000 K
b100101000000 M
b10001010100 ?
b111001011 >
b10001001100 O
b1000101001101 N
b1111011001101 P
b100000001101 A
b100000001101 L
b1011111010 @
b1100100101 u
b1001101101 t
b11000100011 s
b101011 r
b1100110111111 X
b11011000000 W
b10110000110 Y
b10011101 $
b10011101 (
b10011101 1
b10011101 V
1#
#1580000
0#
#1585000
b10011001101 6
b10011001101 R
b100101011011 o
b11011100101 3
b11011100101 [
b100110011010 .
b100110011010 9
b100110011010 l
b100101011011 "
b100101011011 )
b100101011011 -
b100101011011 8
b100101011011 n
b1011010011011 T
b100110011010 7
b100110011010 S
b100101011011 5
b100101011011 Q
b11111011011111111 C
b10000000000 D
b110111001010 ^
b11001001 4
b11001001 \
b110010001110 2
b110010001110 Z
b101011 ,
b101011 =
b101011 ]
b101011 q
b10001001100 p
b100111001001010 F
b10011110 ;
b10011110 B
b1001101101 u
b101111001110 t
b101011 s
b10001001100 r
b111001011 ?
b1101100000 >
b1011111010 A
b1011111010 L
b11000100011 @
b1110010011001 O
b100110011010 N
b1110001011010 P
b11010100000 :
b11010100000 K
b11010100000 M
b100000000000000000000000000 E
b1011110111110110110 J
b11010 j
b1001111001000 X
b11001001 W
b1111110001101 Y
b10011110 $
b10011110 (
b10011110 1
b10011110 V
1#
#1590000
0#
#1595000
b101110010010 6
b101110010010 R
b1000100011 o
b100011110110 3
b100011110110 [
b101000100011 .
b101000100011 9
b101000100011 l
b1000100011 "
b1000100011 )
b1000100011 -
b1000100011 8
b1000100011 n
b11111010001011111 C
b101100000 D
b1011100100100 T
b101000100011 7
b101000100011 S
b1000100011 5
b1000100011 Q
b1000111101100 ^
b10011101011 4
b10011101011 \
b1110101101 2
b1110101101 Z
b1101010011100 F
b10001001100 ,
b10001001100 =
b10001001100 ]
b10001001100 q
b100110011010 p
b10011111 ;
b10011111 B
b11011 j
b1011000000000000000000000 E
b1011111100101100100 J
b10000000000 :
b10000000000 K
b10000000000 M
b1101100000 ?
b11011100101 >
b1110100100010 O
b101000100011 N
b1000100011 P
b11000100011 A
b11000100011 L
b101011 @
b101111001110 u
b100101011011 t
b10001001100 s
b100110011010 r
b1011111101010 X
b10011101011 W
b1110101101 Y
b10011111 $
b10011111 (
b10011111 1
b10011111 V
1#
#1600000
0#
#1605000
b11101000110 6
b11101000110 R
b101111001100 o
b10100011101 3
b10100011101 [
b110001011 .
b110001011 9
b110001011 l
b101111001100 "
b101111001100 )
b101111001100 -
b101111001100 8
b101111001100 n
b111010001100 T
b110001011 7
b110001011 S
b101111001100 5
b101111001100 Q
b11111111011000000 C
b101111000001 D
b1011100111011 ^
b101000111010 4
b101000111010 \
b100011111010 2
b100011111010 Z
b100110011010 ,
b100110011010 =
b100110011010 ]
b100110011010 q
b101000100011 p
b1110011011101110 F
b10100000 ;
b10100000 B
b100101011011 u
b1000100011 t
b100110011010 s
b101000100011 r
b11011100101 ?
b100011110110 >
b101011 A
b101011 L
b10001001100 @
b1010010001010 O
b110001011 N
b1111011001011 P
b101100000 :
b101100000 K
b101100000 M
b1011110000010000000000000000 E
b1100000001100010010 J
b11100 j
b1110100111001 X
b101000111010 W
b100011111010 Y
b10100000 $
b10100000 (
b10100000 1
b10100000 V
1#
#1610000
0#
#1615000
b110000110 6
b110000110 R
b10110001100 o
b10101100010 3
b10101100010 [
b1100001100 .
b1100001100 9
b1100001100 l
b10110001100 "
b10110001100 )
b10110001100 -
b10110001100 8
b10110001100 n
b11111110000100000 C
b100100100001 D
b1000000001101 T
b1100001100 7
b1100001100 S
b10110001100 5
b10110001100 Q
b1011111000101 ^
b101011000100 4
b101011000100 \
b100110000010 2
b100110000010 Z
b1011001101000000 F
b101000100011 ,
b101000100011 =
b101000100011 ]
b101000100011 q
b110001011 p
b10100001 ;
b10100001 B
b11101 j
b1001001000010000000000000000 E
b1100000110011000000 J
b101111000001 :
b101111000001 K
b101111000001 M
b100011110110 ?
b10100011101 >
b1100001100 O
b1000000001101 N
b1100010001011 P
b10001001100 A
b10001001100 L
b100110011010 @
b1000100011 u
b101111001100 t
b101000100011 s
b110001011 r
b1110111000011 X
b101011000100 W
b100110000010 Y
b10100001 $
b10100001 (
b10100001 1
b10100001 V
1#
#1620000
0#
#1625000
b1011011101 6
b1011011101 R
b1111001 o
b11110010111 3
b11110010111 [
b10110111010 .
b10110111010 9
b10110111010 l
b1111001 "
b1111001 )
b1111001 -
b1111001 8
b1111001 n
b1001010111011 T
b10110111010 7
b10110111010 S
b1111001 5
b1111001 Q
b11111100110000000 C
b11010000001 D
b111100101110 ^
b1000101101 4
b1000101101 \
b11101001 2
b11101001 Z
b110001011 ,
b110001011 =
b110001011 ]
b110001011 q
b1100001100 p
b111111110010010 F
b10100010 ;
b10100010 B
b101111001100 u
b10110001100 t
b110001011 s
b1100001100 r
b10100011101 ?
b10101100010 >
b100110011010 A
b100110011010 L
b101000100011 @
b10110111010 O
b1001010111011 N
b1111001 P
b100100100001 :
b100100100001 K
b100100100001 M
b110100000010000000000000000 E
b1100001011001101110 J
b11110 j
b1010100101100 X
b1000101101 W
b11101001 Y
b10100010 $
b10100010 (
b10100010 1
b10100010 V
1#
#1630000
0#
#1635000
b100001010010 6
b100001010010 R
b1110100010 o
b100001011000 3
b100001011000 [
b1110100011 .
b1110100011 9
b1110100011 l
b1110100010 "
b1110100010 )
b1110100010 -
b1110100010 8
b1110100010 n
b11111011011100000 C
b1111100001 D
b1000010100100 T
b1110100011 7
b1110100011 S
b1110100010 5
b1110100010 Q
b1000010110000 ^
b1110101111 4
b1110101111 \
b1001101001 2
b1001101001 Z
b100101111100100 F
b1100001100 ,
b1100001100 =
b1100001100 ]
b1100001100 q
b10110111010 p
b10100011 ;
b10100011 B
b11111 j
b11111000010000000000000000 E
b1100010000000011100 J
b11010000001 :
b11010000001 K
b11010000001 M
b10101100010 ?
b11110010111 >
b1110100011 O
b1000010100100 N
b1110100010 P
b101000100011 A
b101000100011 L
b110001011 @
b10110001100 u
b1111001 t
b1100001100 s
b10110111010 r
b1011010101110 X
b1110101111 W
b1001101001 Y
b10100011 $
b10100011 (
b10100011 1
b10100011 V
1#
#1640000
0#
#1645000
b1010110110 6
b1010110110 R
b101010101011 o
b1100101111 3
b1100101111 [
b10101101100 .
b10101101100 9
b10101101100 l
b101010101011 "
b101010101011 )
b101010101011 -
b101010101011 8
b101010101011 n
b1001001101101 T
b10101101100 7
b10101101100 S
b101010101011 5
b101010101011 Q
b11111010001000000 C
b101000001 D
b1001101011111 ^
b11001011110 4
b11001011110 \
b10100010110 2
b10100010110 Z
b10110111010 ,
b10110111010 =
b10110111010 ]
b10110111010 q
b1110100011 p
b1100000110110 F
b10100100 ;
b10100100 B
b1111001 u
b1110100010 t
b10110111010 s
b1110100011 r
b11110010111 ?
b100001011000 >
b110001011 A
b110001011 L
b1100001100 @
b1100001101011 O
b10101101100 N
b1110110101010 P
b1111100001 :
b1111100001 K
b1111100001 M
b1010000010000000000000000 E
b1100010100111001010 J
b100000 j
b1100101011101 X
b11001011110 W
b10100010110 Y
b10100100 $
b10100100 (
b10100100 1
b10100100 V
1#
#1650000
0#
#1655000
b100010100111 6
b100010100111 R
b111001011 o
b1000100100 3
b1000100100 [
b10001001101 .
b10001001101 9
b10001001101 l
b111001011 "
b111001011 )
b111001011 -
b111001011 8
b111001011 n
b11111111010100001 C
b101110100010 D
b1000101001110 T
b10001001101 7
b10001001101 S
b111001011 5
b111001011 Q
b1000101001001 ^
b10001001000 4
b10001001000 \
b1011111110 2
b1011111110 Z
b1110010010001000 F
b1110100011 ,
b1110100011 =
b1110100011 ]
b1110100011 q
b10101101100 p
b10100101 ;
b10100101 B
b100001 j
b1011101000100000000000000000 E
b1100011001101111000 J
b101000001 :
b101000001 K
b101000001 M
b100001011000 ?
b1100101111 >
b1011101001100 O
b10001001101 N
b111001011 P
b1100001100 A
b1100001100 L
b10110111010 @
b1110100010 u
b101010101011 t
b1110100011 s
b10101101100 r
b1011101000111 X
b10001001000 W
b1011111110 Y
b10100101 $
b10100101 (
b10100101 1
b10100101 V
1#
#1660000
0#
#1665000
b100010101110 6
b100010101110 R
b11100011001 o
b1100001001 3
b1100001001 [
b10001011011 .
b10001011011 9
b10001011011 l
b11100011001 "
b11100011001 )
b11100011001 -
b11100011001 8
b11100011001 n
b1000101011100 T
b10001011011 7
b10001011011 S
b11100011001 5
b11100011001 Q
b11111110000000001 C
b100100000010 D
b1001100010011 ^
b11000010010 4
b11000010010 \
b10011000110 2
b10011000110 Z
b10101101100 ,
b10101101100 =
b10101101100 ]
b10101101100 q
b10001001101 p
b1011000011011010 F
b10100110 ;
b10100110 B
b101010101011 u
b111001011 t
b10101101100 s
b10001001101 r
b1100101111 ?
b1000100100 >
b10110111010 A
b10110111010 L
b1110100011 @
b10001011011 O
b1000101011100 N
b1101000011000 P
b101110100010 :
b101110100010 K
b101110100010 M
b1001000000100000000000000000 E
b1100011110100100110 J
b100010 j
b1100100010001 X
b11000010010 W
b10011000110 Y
b10100110 $
b10100110 (
b10100110 1
b10100110 V
1#
#1670000
0#
#1675000
b110011010011 6
b110011010011 R
b11110100010 o
b1001111010 3
b1001111010 [
b110010100101 .
b110010100101 9
b110010100101 l
b11110100010 "
b11110100010 )
b11110100010 -
b11110100010 8
b11110100010 n
b11111100101100001 C
b11001100010 D
b1100110100110 T
b110010100101 7
b110010100101 S
b11110100010 5
b11110100010 Q
b1000111110101 ^
b10011110100 4
b10011110100 \
b1110100110 2
b1110100110 Z
b111110100101100 F
b10001001101 ,
b10001001101 =
b10001001101 ]
b10001001101 q
b10001011011 p
b10100111 ;
b10100111 B
b100011 j
b110011000100000000000000000 E
b1100100011011010100 J
b100100000010 :
b100100000010 K
b100100000010 M
b1000100100 ?
b1100001001 >
b1111110100100 O
b110010100101 N
b1101010100001 P
b1110100011 A
b1110100011 L
b10101101100 @
b111001011 u
b11100011001 t
b10001001101 s
b10001011011 r
b1011111110011 X
b10011110100 W
b1110100110 Y
b10100111 $
b10100111 (
b10100111 1
b10100111 V
1#
#1680000
0#
#1685000
b10111100111 6
b10111100111 R
b110000001011 o
b100100000010 3
b100100000010 [
b101111001110 .
b101111001110 9
b101111001110 l
b110000001011 "
b110000001011 )
b110000001011 -
b110000001011 8
b110000001011 n
b1100011001111 T
b101111001110 7
b101111001110 S
b110000001011 5
b110000001011 Q
b11111011011000001 C
b1111000010 D
b1001000000100 ^
b10100000011 4
b10100000011 \
b1110110011 2
b1110110011 Z
b10001011011 ,
b10001011011 =
b10001011011 ]
b10001011011 q
b110010100101 p
b100100101111110 F
b10101000 ;
b10101000 B
b11100011001 u
b11110100010 t
b10001011011 s
b110010100101 r
b1100001001 ?
b1001111010 >
b10101101100 A
b10101101100 L
b10001001101 @
b1111011001101 O
b101111001110 N
b1111100001010 P
b11001100010 :
b11001100010 K
b11001100010 M
b11110000100000000000000000 E
b1100101000010000010 J
b100100 j
b1100000000010 X
b10100000011 W
b1110110011 Y
b10101000 $
b10101000 (
b10101000 1
b10101000 V
1#
#1690000
0#
#1695000
b101010001000 6
b101010001000 R
b10001011 o
b11010100111 3
b11010100111 [
b100000001111 .
b100000001111 9
b100000001111 l
b10001011 "
b10001011 )
b10001011 -
b10001011 8
b10001011 n
b11111010000100001 C
b100100010 D
b1010100010000 T
b100000001111 7
b100000001111 S
b10001011 5
b10001011 Q
b110101001110 ^
b1001101 4
b1001101 \
b101111111100 2
b101111111100 Z
b1010111010000 F
b110010100101 ,
b110010100101 =
b110010100101 ]
b110010100101 q
b101111001110 p
b10101001 ;
b10101001 B
b100101 j
b1001000100000000000000000 E
b1100101101000110000 J
b1111000010 :
b1111000010 K
b1111000010 M
b1001111010 ?
b100100000010 >
b1101100001110 O
b100000001111 N
b10001011 P
b10001001101 A
b10001001101 L
b10001011011 @
b11110100010 u
b110000001011 t
b110010100101 s
b101111001110 r
b1001101 X
b110101001110 W
b101111111100 Y
b10101001 $
b10101001 (
b10101001 1
b10101001 V
1#
#1700000
0#
#1705000
b100100111111 6
b100100111111 R
b1100111001 o
b11000111100 3
b11000111100 [
b10101111101 .
b10101111101 9
b10101111101 l
b1100111001 "
b1100111001 )
b1100111001 -
b1100111001 8
b1100111001 n
b1001001111110 T
b10101111101 7
b10101111101 S
b1100111001 5
b1100111001 Q
b11111111010000010 C
b101110000011 D
b1100101111001 ^
b110001111000 4
b110001111000 \
b101100100100 2
b101100100100 Z
b101111001110 ,
b101111001110 =
b101111001110 ]
b101111001110 q
b100000001111 p
b1110001000100010 F
b10101010 ;
b10101010 B
b110000001011 u
b10001011 t
b101111001110 s
b100000001111 r
b100100000010 ?
b11010100111 >
b10001011011 A
b10001011011 L
b110010100101 @
b1100001111100 O
b10101111101 N
b1100111001 P
b100100010 :
b100100010 K
b100100010 M
b1011100000110000000000000000 E
b1100110001111011110 J
b100110 j
b1111101110111 X
b110001111000 W
b101100100100 Y
b10101010 $
b10101010 (
b10101010 1
b10101010 V
1#
#1710000
0#
#1715000
b110000010100 6
b110000010100 R
b100100010 o
b10001011101 3
b10001011101 [
b101100100111 .
b101100100111 9
b101100100111 l
b100100010 "
b100100010 )
b100100010 -
b100100010 8
b100100010 n
b11111101111100010 C
b100011100011 D
b1100000101000 T
b101100100111 7
b101100100111 S
b100100010 5
b100100010 Q
b1010110111011 ^
b100010111010 4
b100010111010 \
b11101100100 2
b11101100100 Z
b1010111001110100 F
b100000001111 ,
b100000001111 =
b100000001111 ]
b100000001111 q
b10101111101 p
b10101011 ;
b10101011 B
b100111 j
b1000111000110000000000000000 E
b1100110110110001100 J
b101110000011 :
b101110000011 K
b101110000011 M
b11010100111 ?
b11000111100 >
b101100100111 O
b1100000101000 N
b100100010 P
b110010100101 A
b110010100101 L
b101111001110 @
b10001011 u
b1100111001 t
b100000001111 s
b10101111101 r
b1101110111001 X
b100010111010 W
b11101100100 Y
b10101011 $
b10101011 (
b10101011 1
b10101011 V
1#
#1720000
0#
#1725000
b1111011000 6
b1111011000 R
b1011101011 o
b100110010101 3
b100110010101 [
b11110110000 .
b11110110000 9
b11110110000 l
b1011101011 "
b1011101011 )
b1011101011 -
b1011101011 8
b1011101011 n
b1010010110001 T
b11110110000 7
b11110110000 S
b1011101011 5
b1011101011 Q
b11111100101000010 C
b11001000011 D
b1001100101010 ^
b11000101001 4
b11000101001 \
b10011010001 2
b10011010001 Z
b10101111101 ,
b10101111101 =
b10101111101 ]
b10101111101 q
b101100100111 p
b111101011000110 F
b10101100 ;
b10101100 B
b1100111001 u
b100100010 t
b10101111101 s
b101100100111 r
b11000111100 ?
b10001011101 >
b101111001110 A
b101111001110 L
b100000001111 @
b11110110000 O
b1010010110001 N
b1011101011 P
b100011100011 :
b100011100011 K
b100011100011 M
b110010000110000000000000000 E
b1100111011100111010 J
b101000 j
b1100100101000 X
b11000101001 W
b10011010001 Y
b10101100 $
b10101100 (
b10101100 1
b10101100 V
1#
#1730000
0#
#1735000
b11100101001 6
b11100101001 R
b111001100 o
b10111101010 3
b10111101010 [
b101010001 .
b101010001 9
b101010001 l
b111001100 "
b111001100 )
b111001100 -
b111001100 8
b111001100 n
b11111011010100010 C
b1110100011 D
b111001010010 T
b101010001 7
b101010001 S
b111001100 5
b111001100 Q
b1100011010101 ^
b101111010100 4
b101111010100 \
b101001111010 2
b101001111010 Z
b100011100011000 F
b101100100111 ,
b101100100111 =
b101100100111 ]
b101100100111 q
b11110110000 p
b10101101 ;
b10101101 B
b101001 j
b11101000110000000000000000 E
b1101000000011101000 J
b11001000011 :
b11001000011 K
b11001000011 M
b10001011101 ?
b100110010101 >
b101010001 O
b111001010010 N
b111001100 P
b100000001111 A
b100000001111 L
b10101111101 @
b100100010 u
b1011101011 t
b101100100111 s
b11110110000 r
b1111011010011 X
b101111010100 W
b101001111010 Y
b10101101 $
b10101101 (
b10101101 1
b10101101 V
1#
#1740000
0#
#1745000
b10010010000 6
b10010010000 R
b111011010 o
b10000101111 3
b10000101111 [
b100100100000 .
b100100100000 9
b100100100000 l
b111011010 "
b111011010 )
b111011010 -
b111011010 8
b111011010 n
b1011000100001 T
b100100100000 7
b100100100000 S
b111011010 5
b111011010 Q
b11111010000000010 C
b100000011 D
b1010101011111 ^
b100001011110 4
b100001011110 \
b11100000010 2
b11100000010 Z
b11110110000 ,
b11110110000 =
b11110110000 ]
b11110110000 q
b101010001 p
b1001101101010 F
b10101110 ;
b10101110 B
b1011101011 u
b111001100 t
b11110110000 s
b101010001 r
b100110010101 ?
b10111101010 >
b10101111101 A
b10101111101 L
b101100100111 @
b1110000011111 O
b100100100000 N
b111011010 P
b1110100011 :
b1110100011 K
b1110100011 M
b1000000110000000000000000 E
b1101000101010010110 J
b101010 j
b1101101011101 X
b100001011110 W
b11100000010 Y
b10101110 $
b10101110 (
b10101110 1
b10101110 V
1#
#1750000
0#
#1755000
b11000010101 6
b11000010101 R
b101000100100 o
b100000000 3
b100000000 [
b110000101010 .
b110000101010 9
b110000101010 l
b101000100100 "
b101000100100 )
b101000100100 -
b101000100100 8
b101000100100 n
b11111111001100011 C
b101101100100 D
b1100100101011 T
b110000101010 7
b110000101010 S
b101000100100 5
b101000100100 Q
b111100000001 ^
b1000000000 4
b1000000000 \
b10100010 2
b10100010 Z
b1101111110111100 F
b101010001 ,
b101010001 =
b101010001 ]
b101010001 q
b100100100000 p
b10101111 ;
b10101111 B
b101011 j
b1011011001000000000000000000 E
b1101001010001000100 J
b100000011 :
b100000011 K
b100000011 M
b10111101010 ?
b10000101111 >
b1111100101001 O
b110000101010 N
b101000100100 P
b101100100111 A
b101100100111 L
b11110110000 @
b111001100 u
b111011010 t
b101010001 s
b100100100000 r
b1010011111111 X
b1000000000 W
b10100010 Y
b10101111 $
b10101111 (
b10101111 1
b10101111 V
1#
#1760000
0#
#1765000
b100110001010 6
b100110001010 R
b100101001101 o
b10011101000 3
b10011101000 [
b11000010011 .
b11000010011 9
b11000010011 l
b100101001101 "
b100101001101 )
b100101001101 -
b100101001101 8
b100101001101 n
b1001100010100 T
b11000010011 7
b11000010011 S
b100101001101 5
b100101001101 Q
b11111101111000011 C
b100011000100 D
b1011011010001 ^
b100111010000 4
b100111010000 \
b100001110000 2
b100001110000 Z
b100100100000 ,
b100100100000 =
b100100100000 ]
b100100100000 q
b110000101010 p
b1010110000001110 F
b10110000 ;
b10110000 B
b111011010 u
b101000100100 t
b100100100000 s
b110000101010 r
b10000101111 ?
b100000000 >
b11110110000 A
b11110110000 L
b101010001 @
b11000010011 O
b1001100010100 N
b1110001001100 P
b101101100100 :
b101101100100 K
b101101100100 M
b1000110001000000000000000000 E
b1101001110111110010 J
b101100 j
b1110011001111 X
b100111010000 W
b100001110000 Y
b10110000 $
b10110000 (
b10110000 1
b10110000 V
1#
#1770000
0#
#1775000
b101110001011 6
b101110001011 R
b10110001110 o
b110011101110 3
b110011101110 [
b101000010101 .
b101000010101 9
b101000010101 l
b10110001110 "
b10110001110 )
b10110001110 -
b10110001110 8
b10110001110 n
b11111100100100011 C
b11000100100 D
b1011100010110 T
b101000010101 7
b101000010101 S
b10110001110 5
b10110001110 Q
b1100111011100 ^
b110011011011 4
b110011011011 \
b101101111001 2
b101101111001 Z
b111100001100000 F
b110000101010 ,
b110000101010 =
b110000101010 ]
b110000101010 q
b11000010011 p
b10110001 ;
b10110001 B
b101101 j
b110001001000000000000000000 E
b1101010011110100000 J
b100011000100 :
b100011000100 K
b100011000100 M
b100000000 ?
b10011101000 >
b1110100010100 O
b101000010101 N
b1100010001101 P
b101010001 A
b101010001 L
b100100100000 @
b101000100100 u
b100101001101 t
b110000101010 s
b11000010011 r
b1111111011010 X
b110011011011 W
b101101111001 Y
b10110001 $
b10110001 (
b10110001 1
b10110001 V
1#
#1780000
0#
#1785000
b11110100010 6
b11110100010 R
b1011111100 o
b100111100011 3
b100111100011 [
b1001000011 .
b1001000011 9
b1001000011 l
b1011111100 "
b1011111100 )
b1011111100 -
b1011111100 8
b1011111100 n
b111101000100 T
b1001000011 7
b1001000011 S
b1011111100 5
b1011111100 Q
b11111011010000011 C
b1110000100 D
b1001111000110 ^
b11011000101 4
b11011000101 \
b10101100001 2
b10101100001 Z
b11000010011 ,
b11000010011 =
b11000010011 ]
b11000010011 q
b101000010101 p
b100010010110010 F
b10110010 ;
b10110010 B
b100101001101 u
b10110001110 t
b11000010011 s
b101000010101 r
b10011101000 ?
b110011101110 >
b100100100000 A
b100100100000 L
b110000101010 @
b1001000011 O
b111101000100 N
b1011111100 P
b11000100100 :
b11000100100 K
b11000100100 M
b11100001000000000000000000 E
b1101011000101001110 J
b101110 j
b1100111000100 X
b11011000101 W
b10101100001 Y
b10110010 $
b10110010 (
b10110010 1
b10110010 V
1#
#1790000
0#
#1795000
b11111010111 6
b11111010111 R
b100010100110 o
b10101100100 3
b10101100100 [
b1010101101 .
b1010101101 9
b1010101101 l
b100010100110 "
b100010100110 )
b100010100110 -
b100010100110 8
b100010100110 n
b11111001111100011 C
b11100100 D
b111110101110 T
b1010101101 7
b1010101101 S
b100010100110 5
b100010100110 Q
b1011111001001 ^
b101011001000 4
b101011001000 \
b100101100010 2
b100101100010 Z
b1000100000100 F
b101000010101 ,
b101000010101 =
b101000010101 ]
b101000010101 q
b1001000011 p
b10110011 ;
b10110011 B
b101111 j
b111001000000000000000000 E
b1101011101011111100 J
b1110000100 :
b1110000100 K
b1110000100 M
b110011101110 ?
b100111100011 >
b1010101101 O
b111110101110 N
b100010100110 P
b110000101010 A
b110000101010 L
b11000010011 @
b10110001110 u
b1011111100 t
b101000010101 s
b1001000011 r
b1110111000111 X
b101011001000 W
b100101100010 Y
b10110011 $
b10110011 (
b10110011 1
b10110011 V
1#
#1800000
0#
#1805000
b100111111100 6
b100111111100 R
b10100101111 o
b11111111100 3
b11111111100 [
b11011110111 .
b11011110111 9
b11011110111 l
b10100101111 "
b10100101111 )
b10100101111 -
b10100101111 8
b10100101111 n
b1001111111000 T
b11011110111 7
b11011110111 S
b10100101111 5
b10100101111 Q
b11111111001000100 C
b101101000101 D
b111111111000 ^
b1011110111 4
b1011110111 \
b110001111 2
b110001111 Z
b1001000011 ,
b1001000011 =
b1001000011 ]
b1001000011 q
b1010101101 p
b1101110101010110 F
b10110100 ;
b10110100 B
b1011111100 u
b100010100110 t
b1001000011 s
b1010101101 r
b100111100011 ?
b10101100100 >
b11000010011 A
b11000010011 L
b101000010101 @
b1100111110110 O
b11011110111 N
b10100101111 P
b11100100 :
b11100100 K
b11100100 M
b1011010001010000000000000000 E
b1101100010010101010 J
b110000 j
b1010111110110 X
b1011110111 W
b110001111 Y
b10110100 $
b10110100 (
b10110100 1
b10110100 V
1#
#1810000
0#
#1815000
b101010101101 6
b101010101101 R
b101111010001 o
b110110001 3
b110110001 [
b100001011001 .
b100001011001 9
b100001011001 l
b101111010001 "
b101111010001 )
b101111010001 -
b101111010001 8
b101111010001 n
b11111101110100100 C
b100010100101 D
b1010101011010 T
b100001011001 7
b100001011001 S
b101111010001 5
b101111010001 Q
b1000001100011 ^
b1101100010 4
b1101100010 \
b111111000 2
b111111000 Z
b1010100110101000 F
b1010101101 ,
b1010101101 =
b1010101101 ]
b1010101101 q
b11011110111 p
b10110101 ;
b10110101 B
b110001 j
b1000101001010000000000000000 E
b1101100111001011000 J
b101101000101 :
b101101000101 K
b101101000101 M
b10101100100 ?
b11111111100 >
b100001011001 O
b1010101011010 N
b1111011010000 P
b101000010101 A
b101000010101 L
b1001000011 @
b100010100110 u
b10100101111 t
b1010101101 s
b11011110111 r
b1011001100001 X
b1101100010 W
b111111000 Y
b10110101 $
b10110101 (
b10110101 1
b10110101 V
1#
#1820000
0#
#1825000
b10101110100 6
b10101110100 R
b11010011111 o
b101001010111 3
b101001010111 [
b101011101000 .
b101011101000 9
b101011101000 l
b11010011111 "
b11010011111 )
b11010011111 -
b11010011111 8
b11010011111 n
b1011111101001 T
b101011101000 7
b101011101000 S
b11010011111 5
b11010011111 Q
b11111100100000100 C
b11000000101 D
b1010010101110 ^
b11110101101 4
b11110101101 \
b11001000001 2
b11001000001 Z
b11011110111 ,
b11011110111 =
b11011110111 ]
b11011110111 q
b100001011001 p
b111010111111010 F
b10110110 ;
b10110110 B
b10100101111 u
b101111010001 t
b11011110111 s
b100001011001 r
b11111111100 ?
b110110001 >
b1001000011 A
b1001000011 L
b1010101101 @
b1110111100111 O
b101011101000 N
b1100110011110 P
b100010100101 :
b100010100101 K
b100010100101 M
b110000001010000000000000000 E
b1101101100000000110 J
b110010 j
b1101010101100 X
b11110101101 W
b11001000001 Y
b10110110 $
b10110110 (
b10110110 1
b10110110 V
1#
#1830000
0#
#1835000
b10001011001 6
b10001011001 R
b100110101001 o
b10010001000 3
b10010001000 [
b100010110010 .
b100010110010 9
b100010110010 l
b100110101001 "
b100110101001 )
b100110101001 -
b100110101001 8
b100110101001 n
b11111011001100100 C
b1101100101 D
b1010110110011 T
b100010110010 7
b100010110010 S
b100110101001 5
b100110101001 Q
b1011000010001 ^
b100100010000 4
b100100010000 \
b11110100010 2
b11110100010 Z
b100001001001100 F
b100001011001 ,
b100001011001 =
b100001011001 ]
b100001011001 q
b101011101000 p
b10110111 ;
b10110111 B
b110011 j
b11011001010000000000000000 E
b1101110000110110100 J
b11000000101 :
b11000000101 K
b11000000101 M
b110110001 ?
b101001010111 >
b1101110110001 O
b100010110010 N
b1110010101000 P
b1010101101 A
b1010101101 L
b11011110111 @
b101111010001 u
b11010011111 t
b100001011001 s
b101011101000 r
b1110000001111 X
b100100010000 W
b11110100010 Y
b10110111 $
b10110111 (
b10110111 1
b10110111 V
1#
#1840000
0#
#1845000
b10100101110 6
b10100101110 R
b1110010010 o
b10111010000 3
b10111010000 [
b101001011100 .
b101001011100 9
b101001011100 l
b1110010010 "
b1110010010 )
b1110010010 -
b1110010010 8
b1110010010 n
b1011101011101 T
b101001011100 7
b101001011100 S
b1110010010 5
b1110010010 Q
b11111001111000100 C
b11000101 D
b1100010100001 ^
b101110100000 4
b101110100000 \
b101000110000 2
b101000110000 Z
b101011101000 ,
b101011101000 =
b101011101000 ]
b101011101000 q
b100010110010 p
b111010011110 F
b10111000 ;
b10111000 B
b11010011111 u
b100110101001 t
b101011101000 s
b100010110010 r
b101001010111 ?
b10010001000 >
b11011110111 A
b11011110111 L
b100001011001 @
b1110101011011 O
b101001011100 N
b1110010010 P
b1101100101 :
b1101100101 K
b1101100101 M
b110001010000000000000000 E
b1101110101101100010 J
b110100 j
b1111010011111 X
b101110100000 W
b101000110000 Y
b10111000 $
b10111000 (
b10111000 1
b10111000 V
1#
#1850000
0#
#1855000
b10010001111 6
b10010001111 R
b11110010100 o
b101100110110 3
b101100110110 [
b100100011110 .
b100100011110 9
b100100011110 l
b11110010100 "
b11110010100 )
b11110010100 -
b11110010100 8
b11110010100 n
b11111111000100101 C
b101100100110 D
b1011000011111 T
b100100011110 7
b100100011110 S
b11110010100 5
b11110010100 Q
b1011001101100 ^
b100101101011 4
b100101101011 \
b11111111001 2
b11111111001 Z
b1101101011110000 F
b100010110010 ,
b100010110010 =
b100010110010 ]
b100010110010 q
b101001011100 p
b10111001 ;
b10111001 B
b110101 j
b1011001001100000000000000000 E
b1101111010100010000 J
b11000101 :
b11000101 K
b11000101 M
b10010001000 ?
b10111010000 >
b1110000011101 O
b100100011110 N
b11110010100 P
b100001011001 A
b100001011001 L
b101011101000 @
b100110101001 u
b1110010010 t
b100010110010 s
b101001011100 r
b1110001101010 X
b100101101011 W
b11111111001 Y
b10111001 $
b10111001 (
b10111001 1
b10111001 V
1#
#1860000
0#
#1865000
b101100000111 6
b101100000111 R
b110011000011 o
b10110001011 3
b10110001011 [
b100100001101 .
b100100001101 9
b100100001101 l
b110011000011 "
b110011000011 )
b110011000011 -
b110011000011 8
b110011000011 n
b1011000001110 T
b100100001101 7
b100100001101 S
b110011000011 5
b110011000011 Q
b11111101110000101 C
b100010000110 D
b1100000010111 ^
b101100010110 4
b101100010110 \
b100110100010 2
b100110100010 Z
b101001011100 ,
b101001011100 =
b101001011100 ]
b101001011100 q
b100100011110 p
b1010011101000010 F
b10111010 ;
b10111010 B
b1110010010 u
b11110010100 t
b101001011100 s
b100100011110 r
b10111010000 ?
b101100110110 >
b101011101000 A
b101011101000 L
b100010110010 @
b100100001101 O
b1011000001110 N
b1111111000010 P
b101100100110 :
b101100100110 K
b101100100110 M
b1000100001100000000000000000 E
b1101111111010111110 J
b110110 j
b1111000010101 X
b101100010110 W
b100110100010 Y
b10111010 $
b10111010 (
b10111010 1
b10111010 V
1#
#1870000
0#
#1875000
b100010011100 6
b100010011100 R
b101100 o
b101101101101 3
b101101101101 [
b10000110111 .
b10000110111 9
b10000110111 l
b101100 "
b101100 )
b101100 -
b101100 8
b101100 n
b11111100011100101 C
b10111100110 D
b1000100111000 T
b10000110111 7
b10000110111 S
b101100 5
b101100 Q
b1011011011010 ^
b100111011001 4
b100111011001 \
b100001100011 2
b100001100011 Z
b111001110010100 F
b100100011110 ,
b100100011110 =
b100100011110 ]
b100100011110 q
b100100001101 p
b10111011 ;
b10111011 B
b110111 j
b101111001100000000000000000 E
b1110000100001101100 J
b100010000110 :
b100010000110 K
b100010000110 M
b101100110110 ?
b10110001011 >
b10000110111 O
b1000100111000 N
b101100 P
b100010110010 A
b100010110010 L
b101001011100 @
b11110010100 u
b110011000011 t
b100100011110 s
b100100001101 r
b1110011011000 X
b100111011001 W
b100001100011 Y
b10111011 $
b10111011 (
b10111011 1
b10111011 V
1#
#1880000
0#
#1885000
b100000100001 6
b100000100001 R
b10001110110 o
b101101100101 3
b101101100101 [
b1101000001 .
b1101000001 9
b1101000001 l
b10001110110 "
b10001110110 )
b10001110110 -
b10001110110 8
b10001110110 n
b1000001000010 T
b1101000001 7
b1101000001 S
b10001110110 5
b10001110110 Q
b11111011001000101 C
b1101000110 D
b1011011001010 ^
b100111001001 4
b100111001001 \
b100001010001 2
b100001010001 Z
b100100001101 ,
b100100001101 =
b100100001101 ]
b100100001101 q
b10000110111 p
b11111111100110 F
b10111100 ;
b10111100 B
b110011000011 u
b101100 t
b100100001101 s
b10000110111 r
b10110001011 ?
b101101101101 >
b101001011100 A
b101001011100 L
b100100011110 @
b1101000001 O
b1000001000010 N
b10001110110 P
b10111100110 :
b10111100110 K
b10111100110 M
b11010001100000000000000000 E
b1110001001000011010 J
b111000 j
b1110011001000 X
b100111001001 W
b100001010001 Y
b10111100 $
b10111100 (
b10111100 1
b10111100 V
1#
#1890000
0#
#1895000
b11000110010 6
b11000110010 R
b10111011000 o
b1001111010 3
b1001111010 [
b110001100100 .
b110001100100 9
b110001100100 l
b10111011000 "
b10111011000 )
b10111011000 -
b10111011000 8
b10111011000 n
b11111001110100101 C
b10100110 D
b1100101100101 T
b110001100100 7
b110001100100 S
b10111011000 5
b10111011000 Q
b1000111110101 ^
b10011110100 4
b10011110100 \
b1101111010 2
b1101111010 Z
b110000111000 F
b10000110111 ,
b10000110111 =
b10000110111 ]
b10000110111 q
b1101000001 p
b10111101 ;
b10111101 B
b111001 j
b101001100000000000000000 E
b1110001101111001000 J
b1101000110 :
b1101000110 K
b1101000110 M
b101101101101 ?
b101101100101 >
b1111101100011 O
b110001100100 N
b10111011000 P
b100100011110 A
b100100011110 L
b100100001101 @
b101100 u
b10001110110 t
b10000110111 s
b1101000001 r
b1011111110011 X
b10011110100 W
b1101111010 Y
b10111101 $
b10111101 (
b10111101 1
b10111101 V
1#
#1900000
0#
#1905000
b101101011010 6
b101101011010 R
b100001100111 o
b100010000000 3
b100010000000 [
b100110110011 .
b100110110011 9
b100110110011 l
b100001100111 "
b100001100111 )
b100001100111 -
b100001100111 8
b100001100111 n
b1011010110100 T
b100110110011 7
b100110110011 S
b100001100111 5
b100001100111 Q
b11111111000000110 C
b101100000111 D
b1000100000000 ^
b1111111111 4
b1111111111 \
b1010000011 2
b1010000011 Z
b1101000001 ,
b1101000001 =
b1101000001 ]
b1101000001 q
b110001100100 p
b1101100010001010 F
b10111110 ;
b10111110 B
b10001110110 u
b10111011000 t
b1101000001 s
b110001100100 r
b101101100101 ?
b1001111010 >
b100100001101 A
b100100001101 L
b10000110111 @
b1110010110010 O
b100110110011 N
b100001100111 P
b10100110 :
b10100110 K
b10100110 M
b1011000001110000000000000000 E
b1110010010101110110 J
b111010 j
b1011011111110 X
b1111111111 W
b1010000011 Y
b10111110 $
b10111110 (
b10111110 1
b10111110 V
1#
#1910000
0#
#1915000
b11110011111 6
b11110011111 R
b11000110001 o
b10001 3
b10001 [
b1000111101 .
b1000111101 9
b1000111101 l
b11000110001 "
b11000110001 )
b11000110001 -
b11000110001 8
b11000110001 n
b11111101101100110 C
b100001100111 D
b111100111110 T
b1000111101 7
b1000111101 S
b11000110001 5
b11000110001 Q
b110100100011 ^
b100010 4
b100010 \
b101110100101 2
b101110100101 Z
b1010010011011100 F
b110001100100 ,
b110001100100 =
b110001100100 ]
b110001100100 q
b100110110011 p
b10111111 ;
b10111111 B
b111011 j
b1000011001110000000000000000 E
b1110010111100100100 J
b101100000111 :
b101100000111 K
b101100000111 M
b1001111010 ?
b100010000000 >
b1000111101 O
b111100111110 N
b1100100110000 P
b10000110111 A
b10000110111 L
b1101000001 @
b10111011000 u
b100001100111 t
b110001100100 s
b100110110011 r
b100010 X
b110100100011 W
b101110100101 Y
b10111111 $
b10111111 (
b10111111 1
b10111111 V
1#
#1920000
0#
#1925000
b10111010100 6
b10111010100 R
b11111011011 o
b101110111010 3
b101110111010 [
b101110101000 .
b101110101000 9
b101110101000 l
b11111011011 "
b11111011011 )
b11111011011 -
b11111011011 8
b11111011011 n
b1100010101001 T
b101110101000 7
b101110101000 S
b11111011011 5
b11111011011 Q
b11111100011000110 C
b10111000111 D
b1011101110100 ^
b101001110011 4
b101001110011 \
b100011110011 2
b100011110011 Z
b100110110011 ,
b100110110011 =
b100110110011 ]
b100110110011 q
b1000111101 p
b111000100101110 F
b11000000 ;
b11000000 B
b100001100111 u
b11000110001 t
b100110110011 s
b1000111101 r
b100010000000 ?
b10001 >
b1101000001 A
b1101000001 L
b110001100100 @
b1111010100111 O
b101110101000 N
b1101011011010 P
b100001100111 :
b100001100111 K
b100001100111 M
b101110001110000000000000000 E
b1110011100011010010 J
b111100 j
b1110101110010 X
b101001110011 W
b100011110011 Y
b11000000 $
b11000000 (
b11000000 1
b11000000 V
1#
#1930000
0#
#1935000
b1010010101 6
b1010010101 R
b11010011101 o
b101111111 3
b101111111 [
b10100101010 .
b10100101010 9
b10100101010 l
b11010011101 "
b11010011101 )
b11010011101 -
b11010011101 8
b11010011101 n
b11111011000100110 C
b1100100111 D
b1001000101011 T
b10100101010 7
b10100101010 S
b11010011101 5
b11010011101 Q
b111111111111 ^
b1011111110 4
b1011111110 \
b101111100 2
b101111100 Z
b11110110000000 F
b1000111101 ,
b1000111101 =
b1000111101 ]
b1000111101 q
b101110101000 p
b11000001 ;
b11000001 B
b111101 j
b11001001110000000000000000 E
b1110100001010000000 J
b10111000111 :
b10111000111 K
b10111000111 M
b10001 ?
b101110111010 >
b10100101010 O
b1001000101011 N
b11010011101 P
b110001100100 A
b110001100100 L
b100110110011 @
b11000110001 u
b11111011011 t
b1000111101 s
b101110101000 r
b1010111111101 X
b1011111110 W
b101111100 Y
b11000001 $
b11000001 (
b11000001 1
b11000001 V
1#
#1940000
0#
#1945000
b11001101101 6
b11001101101 R
b11010001100 o
b11000110101 3
b11000110101 [
b110011011010 .
b110011011010 9
b110011011010 l
b11010001100 "
b11010001100 )
b11010001100 -
b11010001100 8
b11010001100 n
b1100111011011 T
b110011011010 7
b110011011010 S
b11010001100 5
b11010001100 Q
b11111001110000110 C
b10000111 D
b1100101101011 ^
b110001101010 4
b110001101010 \
b101011100110 2
b101011100110 Z
b101110101000 ,
b101110101000 =
b101110101000 ]
b101110101000 q
b10100101010 p
b100111010010 F
b11000010 ;
b11000010 B
b11111011011 u
b11010011101 t
b101110101000 s
b10100101010 r
b101110111010 ?
b101111111 >
b100110110011 A
b100110110011 L
b1000111101 @
b1111111011001 O
b110011011010 N
b11010001100 P
b1100100111 :
b1100100111 K
b1100100111 M
b100001110000000000000000 E
b1110100110000101110 J
b111110 j
b1111101101001 X
b110001101010 W
b101011100110 Y
b11000010 $
b11000010 (
b11000010 1
b11000010 V
1#
#1950000
0#
#1955000
b101100010 6
b101100010 R
b110110110 o
b100101110111 3
b100101110111 [
b1011000100 .
b1011000100 9
b1011000100 l
b110110110 "
b110110110 )
b110110110 -
b110110110 8
b110110110 n
b11111110111100111 C
b101011101000 D
b111111000101 T
b1011000100 7
b1011000100 S
b110110110 5
b110110110 Q
b1001011101110 ^
b10111101101 4
b10111101101 \
b10001100111 2
b10001100111 Z
b1101011000100100 F
b10100101010 ,
b10100101010 =
b10100101010 ]
b10100101010 q
b110011011010 p
b11000011 ;
b11000011 B
b111111 j
b1010111010000000000000000000 E
b1110101010111011100 J
b10000111 :
b10000111 K
b10000111 M
b101111111 ?
b11000110101 >
b1010111000011 O
b1011000100 N
b110110110 P
b1000111101 A
b1000111101 L
b101110101000 @
b11010011101 u
b11010001100 t
b10100101010 s
b110011011010 r
b1100011101100 X
b10111101101 W
b10001100111 Y
b11000011 $
b11000011 (
b11000011 1
b11000011 V
1#
#1960000
0#
#1965000
b101101001000 6
b101101001000 R
b11000000 o
b11011001111 3
b11011001111 [
b100110001111 .
b100110001111 9
b100110001111 l
b11000000 "
b11000000 )
b11000000 -
b11000000 8
b11000000 n
b1011010010000 T
b100110001111 7
b100110001111 S
b11000000 5
b11000000 Q
b11111101101000111 C
b100001001000 D
b11011110110 *
b11011110110 <
b11011110110 G
b11011110110 `
b11 +
b11 a
b110110011110 ^
b10011101 4
b10011101 \
b110000010110 2
b110000010110 Z
b110011011010 ,
b110011011010 =
b110011011010 ]
b110011011010 q
b1011000100 p
b1010001001110110 F
b1 h
b11000100 ;
b11000100 B
b11010001100 u
b110110110 t
b110011011010 s
b1011000100 r
b11000110101 ?
b100101110111 >
b101110101000 A
b101110101000 L
b10100101010 @
b100110001111 O
b1011010010000 N
b11000000 P
b101011101000 :
b101011101000 K
b101011101000 M
b1000010010000000000000000000 E
b1110101111110001010 J
b1000000 j
b10011101 X
b110110011110 W
b110000010110 Y
b11000100 $
b11000100 (
b11000100 1
b11000100 V
1#
#1970000
0#
#1975000
b11010111001 6
b11010111001 R
b100111100011 o
b100001000101 3
b100001000101 [
b1110001 .
b1110001 9
b1110001 l
b100111100011 "
b100111100011 )
b100111100011 -
b100111100011 8
b100111100011 n
b110101110010 T
b1110001 7
b1110001 S
b100111100011 5
b100111100011 Q
b1000010001010 ^
b1110001001 4
b1110001001 \
b111111111 2
b111111111 Z
b10001110101000 F
b11111010011010100 C
b111010101 D
b1011000100 ,
b1011000100 =
b1011000100 ]
b1011000100 q
b100110001111 p
b11000101 ;
b11000101 B
b1000001 j
b1110101010000000000000000 E
b1010101010001011000 J
b100001001000 :
b100001001000 K
b100001001000 M
b100101110111 ?
b11011001111 >
b1110001 O
b110101110010 N
b1110011100010 P
b10100101010 A
b10100101010 L
b110011011010 @
b110110110 u
b11000000 t
b1011000100 s
b100110001111 r
b1011010001000 X
b1110001001 W
b111111111 Y
b11000101 $
b11000101 (
b11000101 1
b11000101 V
1#
#1980000
0#
#1985000
b11010111 6
b11010111 R
b101100000101 o
b101110101011 3
b101110101011 [
b110101110 .
b110101110 9
b110101110 l
b101100000101 "
b101100000101 )
b101100000101 -
b101100000101 8
b101100000101 n
b111010101111 T
b110101110 7
b110101110 S
b101100000101 5
b101100000101 Q
b11111101011100000 C
b11111100001 D
b1011101010110 ^
b101001010101 4
b101001010101 \
b100011001001 2
b100011001001 Z
b100110001111 ,
b100110001111 =
b100110001111 ]
b100110001111 q
b1110001 p
b1001101010110010 F
b11000110 ;
b11000110 B
b11000000 u
b100111100011 t
b100110001111 s
b1110001 r
b11011001111 ?
b100001000101 >
b110011011010 A
b110011011010 L
b1011000100 @
b110101110 O
b111010101111 N
b101100000101 P
b111010101 :
b111010101 K
b111010101 M
b111111000010000000000000000 E
b1010101101101001110 J
b1000010 j
b1110101010100 X
b101001010101 W
b100011001001 Y
b11000110 $
b11000110 (
b11000110 1
b11000110 V
1#
#1990000
0#
#1995000
b101111010011 6
b101111010011 R
b11111100100 o
b10011100 3
b10011100 [
b101010100101 .
b101010100101 9
b101010100101 l
b11111100100 "
b11111100100 )
b11111100100 -
b11111100100 8
b11111100100 n
b11111001111101011 C
b11101100 D
b1011110100110 T
b101010100101 7
b101010100101 S
b11111100100 5
b11111100100 Q
b111000111001 ^
b100111000 4
b100111000 \
b110010101011 2
b110010101011 Z
b1000110111100 F
b1110001 ,
b1110001 =
b1110001 ]
b1110001 q
b110101110 p
b11000111 ;
b11000111 B
b1000011 j
b111011000000000000000000 E
b1010110001001000100 J
b11111100001 :
b11111100001 K
b11111100001 M
b100001000101 ?
b101110101011 >
b1110110100100 O
b101010100101 N
b1101011100011 P
b1011000100 A
b1011000100 L
b100110001111 @
b100111100011 u
b101100000101 t
b1110001 s
b110101110 r
b1010000110111 X
b100111000 W
b1111110101010 Y
b11000111 $
b11000111 (
b11000111 1
b11000111 V
1#
#2000000
0#
#2005000
b101110111110 6
b101110111110 R
b100010100011 o
b100111011 3
b100111011 [
b101001111011 .
b101001111011 9
b101001111011 l
b100010100011 "
b100010100011 )
b100010100011 -
b100010100011 8
b100010100011 n
b1011101111100 T
b101001111011 7
b101001111011 S
b100010100011 5
b100010100011 Q
b11111100111110111 C
b11011111000 D
b111101110111 ^
b1001110110 4
b1001110110 \
b11100110 2
b11100110 Z
b110101110 ,
b110101110 =
b110101110 ]
b110101110 q
b101010100101 p
b1000100011000110 F
b11001000 ;
b11001000 B
b101100000101 u
b11111100100 t
b110101110 s
b101010100101 r
b101110101011 ?
b10011100 >
b100110001111 A
b100110001111 L
b1110001 @
b1110101111010 O
b101001111011 N
b100010100011 P
b11101100 :
b11101100 K
b11101100 M
b110111110000000000000000000 E
b1010110100100111010 J
b1000100 j
b1010101110101 X
b1001110110 W
b11100110 Y
b11001000 $
b11001000 (
b11001000 1
b11001000 V
1#
#2010000
0#
#2015000
b101000110101 6
b101000110101 R
b11001111010 o
b10110110111 3
b10110110111 [
b11101101001 .
b11101101001 9
b11101101001 l
b11001111010 "
b11001111010 )
b11001111010 -
b11001111010 8
b11001111010 n
b11 C
b110100000100 D
b1010001101010 T
b11101101001 7
b11101101001 S
b11001111010 5
b11001111010 Q
b1100001101111 ^
b101101101110 4
b101101101110 \
b100111011100 2
b100111011100 Z
b1111111111010000 F
b101010100101 ,
b101010100101 =
b101010100101 ]
b101010100101 q
b101001111011 p
b11001001 ;
b11001001 B
b1000101 j
b1101000001000000000000000000 E
b1010111000000110000 J
b11011111000 :
b11011111000 K
b11011111000 M
b10011100 ?
b100111011 >
b1101001101000 O
b11101101001 N
b1100101111001 P
b1110001 A
b1110001 L
b110101110 @
b11111100100 u
b100010100011 t
b101010100101 s
b101001111011 r
b1111001101101 X
b101101101110 W
b100111011100 Y
b11001001 $
b11001001 (
b11001001 1
b11001001 V
1#
#2020000
0#
#2025000
b11101011001 6
b11101011001 R
b110101011 o
b110000100011 3
b110000100011 [
b110110001 .
b110110001 9
b110110001 l
b110101011 "
b110101011 )
b110101011 -
b110101011 8
b110101011 n
b111010110010 T
b110110001 7
b110110001 S
b110101011 5
b110101011 Q
b11111100100001110 C
b11000001111 D
b1100001000110 ^
b101101000101 4
b101101000101 \
b100110110001 2
b100110110001 Z
b101001111011 ,
b101001111011 =
b101001111011 ]
b101001111011 q
b11101101001 p
b111011011011010 F
b11001010 ;
b11001010 B
b100010100011 u
b11001111010 t
b101001111011 s
b11101101001 r
b100111011 ?
b10110110111 >
b110101110 A
b110101110 L
b101010100101 @
b1010010110000 O
b110110001 N
b110101011 P
b11 :
b11 K
b11 M
b110000011110000000000000000 E
b1010111011100100110 J
b1000110 j
b1111001000100 X
b101101000101 W
b100110110001 Y
b11001010 $
b11001010 (
b11001010 1
b11001010 V
1#
#2030000
0#
#2035000
b100001011010 6
b100001011010 R
b10010010110 o
b10000011010 3
b10000011010 [
b1110110011 .
b1110110011 9
b1110110011 l
b10010010110 "
b10010010110 )
b10010010110 -
b10010010110 8
b10010010110 n
b11111111100011010 C
b110000011011 D
b1000010110100 T
b1110110011 7
b1110110011 S
b10010010110 5
b10010010110 Q
b1010100110101 ^
b100000110100 4
b100000110100 \
b11010011110 2
b11010011110 Z
b1110110111100100 F
b11101101001 ,
b11101101001 =
b11101101001 ]
b11101101001 q
b110110001 p
b11001011 ;
b11001011 B
b1000111 j
b1100000110110000000000000000 E
b1010111111000011100 J
b11000001111 :
b11000001111 K
b11000001111 M
b10110110111 ?
b110000100011 >
b1110110011 O
b1000010110100 N
b10010010110 P
b101010100101 A
b101010100101 L
b101001111011 @
b11001111010 u
b110101011 t
b11101101001 s
b110110001 r
b1101100110011 X
b100000110100 W
b11010011110 Y
b11001011 $
b11001011 (
b11001011 1
b11001011 V
1#
#2040000
0#
#2045000
b101101001011 6
b101101001011 R
b101101100001 o
b11110111111 3
b11110111111 [
b100110010101 .
b100110010101 9
b100110010101 l
b101101100001 "
b101101100001 )
b101101100001 -
b101101100001 8
b101101100001 n
b1011010010110 T
b100110010101 7
b100110010101 S
b101101100001 5
b101101100001 Q
b11111100000100101 C
b10100100110 D
b111101111110 ^
b1001111101 4
b1001111101 \
b11100101 2
b11100101 Z
b110110001 ,
b110110001 =
b110110001 ]
b110110001 q
b1110110011 p
b110010011101110 F
b11001100 ;
b11001100 B
b110101011 u
b10010010110 t
b110110001 s
b1110110011 r
b110000100011 ?
b10000011010 >
b101001111011 A
b101001111011 L
b11101101001 @
b100110010101 O
b1011010010110 N
b1111001100000 P
b110000011011 :
b110000011011 K
b110000011011 M
b101001001100000000000000000 E
b1011000010100010010 J
b1001000 j
b1010101111100 X
b1001111101 W
b11100101 Y
b11001100 $
b11001100 (
b11001100 1
b11001100 V
1#
#2050000
0#
#2055000
b110011001000 6
b110011001000 R
b1001000011 o
b1001000000 3
b1001000000 [
b110010001111 .
b110010001111 9
b110010001111 l
b1001000011 "
b1001000011 )
b1001000011 -
b1001000011 8
b1001000011 n
b11111111000110001 C
b101100110010 D
b1100110010000 T
b110010001111 7
b110010001111 S
b1001000011 5
b1001000011 Q
b1000110000001 ^
b10010000000 4
b10010000000 \
b1011100110 2
b1011100110 Z
b1101101111111000 F
b1110110011 ,
b1110110011 =
b1110110011 ]
b1110110011 q
b100110010101 p
b11001101 ;
b11001101 B
b1001001 j
b1011001100100000000000000000 E
b1011000110000001000 J
b10100100110 :
b10100100110 K
b10100100110 M
b10000011010 ?
b11110111111 >
b1111110001110 O
b110010001111 N
b1001000011 P
b11101101001 A
b11101101001 L
b110110001 @
b10010010110 u
b101101100001 t
b1110110011 s
b100110010101 r
b1011101111111 X
b10010000000 W
b1011100110 Y
b11001101 $
b11001101 (
b11001101 1
b11001101 V
1#
#2060000
0#
#2065000
b110011110010 6
b110011110010 R
b1110000000 o
b101110110010 3
b101110110010 [
b110011100011 .
b110011100011 9
b110011100011 l
b1110000000 "
b1110000000 )
b1110000000 -
b1110000000 8
b1110000000 n
b1100111100100 T
b110011100011 7
b110011100011 S
b1110000000 5
b1110000000 Q
b11111011100111100 C
b10000111101 D
b1011101100100 ^
b101001100011 4
b101001100011 \
b100011000111 2
b100011000111 Z
b100110010101 ,
b100110010101 =
b100110010101 ]
b100110010101 q
b110010001111 p
b101001100000010 F
b11001110 ;
b11001110 B
b101101100001 u
b1001000011 t
b100110010101 s
b110010001111 r
b11110111111 ?
b1001000000 >
b110110001 A
b110110001 L
b1110110011 @
b1111111100010 O
b110011100011 N
b1011001111111 P
b101100110010 :
b101100110010 K
b101100110010 M
b100001111010000000000000000 E
b1011001001011111110 J
b1001010 j
b1110101100010 X
b101001100011 W
b100011000111 Y
b11001110 $
b11001110 (
b11001110 1
b11001110 V
1#
#2070000
0#
#2075000
b1111111000 6
b1111111000 R
b110001110111 o
b11010101111 3
b11010101111 [
b11111110000 .
b11111110000 9
b11111110000 l
b110001110111 "
b110001110111 )
b110001110111 -
b110001110111 8
b110001110111 n
b11111110101001000 C
b101001001001 D
b1010011110001 T
b11111110000 7
b11111110000 S
b110001110111 5
b110001110111 Q
b110101011110 ^
b1011101 4
b1011101 \
b101111000000 2
b101111000000 Z
b1100101000001100 F
b110010001111 ,
b110010001111 =
b110010001111 ]
b110010001111 q
b110011100011 p
b11001111 ;
b11001111 B
b1001011 j
b1010010010010000000000000000 E
b1011001100111110100 J
b10000111101 :
b10000111101 K
b10000111101 M
b1001000000 ?
b101110110010 >
b1101011101111 O
b11111110000 N
b1111101110110 P
b1110110011 A
b1110110011 L
b100110010101 @
b1001000011 u
b1110000000 t
b110010001111 s
b110011100011 r
b1011101 X
b110101011110 W
b101111000000 Y
b11001111 $
b11001111 (
b11001111 1
b11001111 V
1#
#2080000
0#
#2085000
b100111101111 6
b100111101111 R
b110001001101 o
b1011001 3
b1011001 [
b11011011101 .
b11011011101 9
b11011011101 l
b110001001101 "
b110001001101 )
b110001001101 -
b110001001101 8
b110001001101 n
b1001111011110 T
b11011011101 7
b11011011101 S
b110001001101 5
b110001001101 Q
b11111011001010011 C
b1101010100 D
b110110110011 ^
b10110010 4
b10110010 \
b110000010011 2
b110000010011 Z
b110011100011 ,
b110011100011 =
b110011100011 ]
b110011100011 q
b11111110000 p
b100000100010110 F
b11010000 ;
b11010000 B
b1110000000 u
b110001110111 t
b110011100011 s
b11111110000 r
b101110110010 ?
b11010101111 >
b100110010101 A
b100110010101 L
b110010001111 @
b11011011101 O
b1001111011110 N
b1111101001100 P
b101001001001 :
b101001001001 K
b101001001001 M
b11010101000000000000000000 E
b1011010000011101010 J
b1001100 j
b10110010 X
b110110110011 W
b110000010011 Y
b11010000 $
b11010000 (
b11010000 1
b11010000 V
1#
#2090000
0#
#2095000
b101110001 6
b101110001 R
b100100111011 o
b101011100001 3
b101011100001 [
b1011100010 .
b1011100010 9
b1011100010 l
b100100111011 "
b100100111011 )
b100100111011 -
b100100111011 8
b100100111011 n
b11111110001011111 C
b100101100000 D
b111111100011 T
b1011100010 7
b1011100010 S
b100100111011 5
b100100111011 Q
b1010111000010 ^
b100011000001 4
b100011000001 \
b11100011111 2
b11100011111 Z
b1011100000100000 F
b11111110000 ,
b11111110000 =
b11111110000 ]
b11111110000 q
b11011011101 p
b11010001 ;
b11010001 B
b1001101 j
b1001011000000000000000000000 E
b1011010011111100000 J
b1101010100 :
b1101010100 K
b1101010100 M
b11010101111 ?
b1011001 >
b1011100010 O
b111111100011 N
b100100111011 P
b110010001111 A
b110010001111 L
b110011100011 @
b110001110111 u
b110001001101 t
b11111110000 s
b11011011101 r
b1101111000000 X
b100011000001 W
b11100011111 Y
b11010001 $
b11010001 (
b11010001 1
b11010001 V
1#
#2100000
0#
#2105000
b10010100001 6
b10010100001 R
b1110000011 o
b101001011000 3
b101001011000 [
b100101000010 .
b100101000010 9
b100101000010 l
b1110000011 "
b1110000011 )
b1110000011 -
b1110000011 8
b1110000011 n
b1011001000011 T
b100101000010 7
b100101000010 S
b1110000011 5
b1110000011 Q
b11111010101101010 C
b1001101011 D
b1010010110000 ^
b11110101111 4
b11110101111 \
b11000001011 2
b11000001011 Z
b11011011101 ,
b11011011101 =
b11011011101 ]
b11011011101 q
b1011100010 p
b10111100101010 F
b11010010 ;
b11010010 B
b110001001101 u
b100100111011 t
b11011011101 s
b1011100010 r
b1011001 ?
b101011100001 >
b110011100011 A
b110011100011 L
b11111110000 @
b100101000010 O
b1011001000011 N
b1110000011 P
b100101100000 :
b100101100000 K
b100101100000 M
b10011010110000000000000000 E
b1011010111011010110 J
b1001110 j
b1101010101110 X
b11110101111 W
b11000001011 Y
b11010010 $
b11010010 (
b11010010 1
b11010010 V
1#
#2110000
0#
#2115000
b101110101110 6
b101110101110 R
b10110000101 o
b100001011011 3
b100001011011 [
b101001011011 .
b101001011011 9
b101001011011 l
b10110000101 "
b10110000101 )
b10110000101 -
b10110000101 8
b10110000101 n
b11111101101110110 C
b100001110111 D
b1011101011100 T
b101001011011 7
b101001011011 S
b10110000101 5
b10110000101 Q
b1000010110110 ^
b1110110101 4
b1110110101 \
b1000001111 2
b1000001111 Z
b1010011000110100 F
b1011100010 ,
b1011100010 =
b1011100010 ]
b1011100010 q
b100101000010 p
b11010011 ;
b11010011 B
b1001111 j
b1000011101110000000000000000 E
b1011011010111001100 J
b1001101011 :
b1001101011 K
b1001101011 M
b101011100001 ?
b101001011000 >
b1110101011010 O
b101001011011 N
b10110000101 P
b11111110000 A
b11111110000 L
b11011011101 @
b100100111011 u
b1110000011 t
b1011100010 s
b100101000010 r
b1011010110100 X
b1110110101 W
b1000001111 Y
b11010011 $
b11010011 (
b11010011 1
b11010011 V
1#
#2120000
0#
#2125000
b11110101010 6
b11110101010 R
b101101100111 o
b10100001011 3
b10100001011 [
b1001010011 .
b1001010011 9
b1001010011 l
b101101100111 "
b101101100111 )
b101101100111 -
b101101100111 8
b101101100111 n
b111101010100 T
b1001010011 7
b1001010011 S
b101101100111 5
b101101100111 Q
b11111010010000001 C
b110000010 D
b1011100010111 ^
b101000010110 4
b101000010110 \
b100001101110 2
b100001101110 Z
b100101000010 ,
b100101000010 =
b100101000010 ]
b100101000010 q
b101001011011 p
b1110100111110 F
b11010100 ;
b11010100 B
b1110000011 u
b10110000101 t
b100101000010 s
b101001011011 r
b101001011000 ?
b100001011011 >
b11011011101 A
b11011011101 L
b1011100010 @
b1001010011 O
b111101010100 N
b1111001100110 P
b100001110111 :
b100001110111 K
b100001110111 M
b1100000100000000000000000 E
b1011011110011000010 J
b1010000 j
b1110100010101 X
b101000010110 W
b100001101110 Y
b11010100 $
b11010100 (
b11010100 1
b11010100 V
1#
#2130000
0#
#2135000
b1000110010 6
b1000110010 R
b101100000 o
b10110011000 3
b10110011000 [
b10001100100 .
b10001100100 9
b10001100100 l
b101100000 "
b101100000 )
b101100000 -
b101100000 8
b101100000 n
b11111101010001101 C
b11110001110 D
b1000101100101 T
b10001100100 7
b10001100100 S
b101100000 5
b101100000 Q
b1100000110001 ^
b101100110000 4
b101100110000 \
b100110000110 2
b100110000110 Z
b1001010001001000 F
b101001011011 ,
b101001011011 =
b101001011011 ]
b101001011011 q
b1001010011 p
b11010101 ;
b11010101 B
b1010001 j
b111100011100000000000000000 E
b1011100001110111000 J
b110000010 :
b110000010 K
b110000010 M
b100001011011 ?
b10100001011 >
b1011101100011 O
b10001100100 N
b101100000 P
b1011100010 A
b1011100010 L
b100101000010 @
b10110000101 u
b101101100111 t
b101001011011 s
b1001010011 r
b1111000101111 X
b101100110000 W
b100110000110 Y
b11010101 $
b11010101 (
b11010101 1
b11010101 V
1#
#2140000
0#
#2145000
b100001101000 6
b100001101000 R
b110110100 o
b100000010101 3
b100000010101 [
b1111001111 .
b1111001111 9
b1111001111 l
b110110100 "
b110110100 )
b110110100 -
b110110100 8
b110110100 n
b1000011010000 T
b1111001111 7
b1111001111 S
b110110100 5
b110110100 Q
b11111001110011000 C
b10011001 D
b1000000101010 ^
b1100101001 4
b1100101001 \
b101111101 2
b101111101 Z
b1001010011 ,
b1001010011 =
b1001010011 ]
b1001010011 q
b10001100100 p
b101101010010 F
b11010110 ;
b11010110 B
b101101100111 u
b101100000 t
b1001010011 s
b10001100100 r
b10100001011 ?
b10110011000 >
b100101000010 A
b100101000010 L
b101001011011 @
b1111001111 O
b1000011010000 N
b110110100 P
b11110001110 :
b11110001110 K
b11110001110 M
b100110010000000000000000 E
b1011100101010101110 J
b1010010 j
b1011000101000 X
b1100101001 W
b101111101 Y
b11010110 $
b11010110 (
b11010110 1
b11010110 V
1#
#2150000
0#
#2155000
b10101111010 6
b10101111010 R
b100111000010 o
b100100011110 3
b100100011110 [
b101011110100 .
b101011110100 9
b101011110100 l
b100111000010 "
b100111000010 )
b100111000010 -
b100111000010 8
b100111000010 n
b11111100110100100 C
b11010100101 D
b1011111110101 T
b101011110100 7
b101011110100 S
b100111000010 5
b100111000010 Q
b1001000111100 ^
b10100111011 4
b10100111011 \
b1110001101 2
b1110001101 Z
b1000001001011100 F
b10001100100 ,
b10001100100 =
b10001100100 ]
b10001100100 q
b1111001111 p
b11010111 ;
b11010111 B
b1010011 j
b110101001010000000000000000 E
b1011101000110100100 J
b10011001 :
b10011001 K
b10011001 M
b10110011000 ?
b100000010101 >
b1110111110011 O
b101011110100 N
b100111000010 P
b101001011011 A
b101001011011 L
b1001010011 @
b101100000 u
b110110100 t
b10001100100 s
b1111001111 r
b1100000111010 X
b10100111011 W
b1110001101 Y
b11010111 $
b11010111 (
b11010111 1
b11010111 V
1#
#2160000
0#
#2165000
b10001111100 6
b10001111100 R
b100010101111 o
b100011010100 3
b100011010100 [
b100011111000 .
b100011111000 9
b100011111000 l
b100010101111 "
b100010101111 )
b100010101111 -
b100010101111 8
b100010101111 n
b1010111111001 T
b100011111000 7
b100011111000 S
b100010101111 5
b100010101111 Q
b11111111110110000 C
b110010110001 D
b1000110101000 ^
b10010100111 4
b10010100111 \
b1011110111 2
b1011110111 Z
b1111001111 ,
b1111001111 =
b1111001111 ]
b1111001111 q
b101011110100 p
b1111100101100110 F
b11011000 ;
b11011000 B
b110110100 u
b100111000010 t
b1111001111 s
b101011110100 r
b100000010101 ?
b100100011110 >
b1001010011 A
b1001010011 L
b10001100100 @
b1101111110111 O
b100011111000 N
b1101110101110 P
b11010100101 :
b11010100101 K
b11010100101 M
b1100101100010000000000000000 E
b1011101100010011010 J
b1010100 j
b1011110100110 X
b10010100111 W
b1011110111 Y
b11011000 $
b11011000 (
b11011000 1
b11011000 V
1#
#2170000
0#
#2175000
b1000001010 6
b1000001010 R
b10010110100 o
b110001100111 3
b110001100111 [
b10000010100 .
b10000010100 9
b10000010100 l
b10010110100 "
b10010110100 )
b10010110100 -
b10010110100 8
b10010110100 n
b11111100010111011 C
b10110111100 D
b1000100010101 T
b10000010100 7
b10000010100 S
b10010110100 5
b10010110100 Q
b1100011001110 ^
b101111001101 4
b101111001101 \
b101000011011 2
b101000011011 Z
b111000001110000 F
b101011110100 ,
b101011110100 =
b101011110100 ]
b101011110100 q
b100011111000 p
b11011001 ;
b11011001 B
b1010101 j
b101101111000000000000000000 E
b1011101111110010000 J
b110010110001 :
b110010110001 K
b110010110001 M
b100100011110 ?
b100011010100 >
b10000010100 O
b1000100010101 N
b1011110110011 P
b10001100100 A
b10001100100 L
b1111001111 @
b100111000010 u
b100010101111 t
b101011110100 s
b100011111000 r
b1111011001100 X
b101111001101 W
b101000011011 Y
b11011001 $
b11011001 (
b11011001 1
b11011001 V
1#
#2180000
0#
#2185000
b101101000110 6
b101101000110 R
b101100010100 o
b10011101001 3
b10011101001 [
b100110001011 .
b100110001011 9
b100110001011 l
b101100010100 "
b101100010100 )
b101100010100 -
b101100010100 8
b101100010100 n
b1011010001100 T
b100110001011 7
b100110001011 S
b101100010100 5
b101100010100 Q
b11111111011000111 C
b101111001000 D
b1011011010011 ^
b100111010010 4
b100111010010 \
b100000011110 2
b100000011110 Z
b100011111000 ,
b100011111000 =
b100011111000 ]
b100011111000 q
b10000010100 p
b1110011101111010 F
b11011010 ;
b11011010 B
b100010101111 u
b10010110100 t
b100011111000 s
b10000010100 r
b100011010100 ?
b110001100111 >
b1111001111 A
b1111001111 L
b101011110100 @
b1110010001010 O
b100110001011 N
b1111000010011 P
b10110111100 :
b10110111100 K
b10110111100 M
b1011110010000000000000000000 E
b1011110011010000110 J
b1010110 j
b1110011010001 X
b100111010010 W
b100000011110 Y
b11011010 $
b11011010 (
b11011010 1
b11011010 V
1#
#2190000
0#
#2195000
b101101011110 6
b101101011110 R
b110000101101 o
b100011111000 3
b100011111000 [
b100110111011 .
b100110111011 9
b100110111011 l
b110000101101 "
b110000101101 )
b110000101101 -
b110000101101 8
b110000101101 n
b11111011111010010 C
b10011010011 D
b1011010111100 T
b100110111011 7
b100110111011 S
b110000101101 5
b110000101101 Q
b1000111110000 ^
b10011101111 4
b10011101111 \
b1100111001 2
b1100111001 Z
b101111010000100 F
b10000010100 ,
b10000010100 =
b10000010100 ]
b10000010100 q
b100110001011 p
b11011011 ;
b11011011 B
b1010111 j
b100110100110000000000000000 E
b1011110110101111100 J
b101111001000 :
b101111001000 K
b101111001000 M
b110001100111 ?
b10011101001 >
b100110111011 O
b1011010111100 N
b1111100101100 P
b101011110100 A
b101011110100 L
b100011111000 @
b10010110100 u
b101100010100 t
b10000010100 s
b100110001011 r
b1011111101110 X
b10011101111 W
b1100111001 Y
b11011011 $
b11011011 (
b11011011 1
b11011011 V
1#
#2200000
0#
#2205000
b1100101 6
b1100101 R
b10000100101 o
b101110110100 3
b101110110100 [
b11001010 .
b11001010 9
b11001010 l
b10000100101 "
b10000100101 )
b10000100101 -
b10000100101 8
b10000100101 n
b110111001011 T
b11001010 7
b11001010 S
b10000100101 5
b10000100101 Q
b11111110111011110 C
b101011011111 D
b1011101101000 ^
b101001100111 4
b101001100111 \
b100010101111 2
b100010101111 Z
b100110001011 ,
b100110001011 =
b100110001011 ]
b100110001011 q
b100110111011 p
b1101010110001110 F
b11011100 ;
b11011100 B
b101100010100 u
b110000101101 t
b100110001011 s
b100110111011 r
b10011101001 ?
b100011111000 >
b100011111000 A
b100011111000 L
b10000010100 @
b11001010 O
b110111001011 N
b10000100101 P
b10011010011 :
b10011010011 K
b10011010011 M
b1010110111110000000000000000 E
b1011111010001110010 J
b1011000 j
b1110101100110 X
b101001100111 W
b100010101111 Y
b11011100 $
b11011100 (
b11011100 1
b11011100 V
1#
#2210000
0#
#2215000
b11111001 6
b11111001 R
b11000110110 o
b10101001100 3
b10101001100 [
b111110010 .
b111110010 9
b111110010 l
b11000110110 "
b11000110110 )
b11000110110 -
b11000110110 8
b11000110110 n
b11111011011101001 C
b1111101010 D
b111011110011 T
b111110010 7
b111110010 S
b11000110110 5
b11000110110 Q
b1011110011001 ^
b101010011000 4
b101010011000 \
b100011011110 2
b100011011110 Z
b100110010011000 F
b100110111011 ,
b100110111011 =
b100110111011 ]
b100110111011 q
b11001010 p
b11011101 ;
b11011101 B
b1011001 j
b11111010100000000000000000 E
b1011111101101101000 J
b101011011111 :
b101011011111 K
b101011011111 M
b100011111000 ?
b101110110100 >
b111110010 O
b111011110011 N
b1100100110101 P
b10000010100 A
b10000010100 L
b100110001011 @
b110000101101 u
b10000100101 t
b100110111011 s
b11001010 r
b1110110010111 X
b101010011000 W
b100011011110 Y
b11011101 $
b11011101 (
b11011101 1
b11011101 V
1#
#2220000
0#
#2225000
b111010 6
b111010 R
b10110100001 o
b11010100 3
b11010100 [
b1110100 .
b1110100 9
b1110100 l
b10110100001 "
b10110100001 )
b10110100001 -
b10110100001 8
b10110100001 n
b110101110101 T
b1110100 7
b1110100 S
b10110100001 5
b10110100001 Q
b11111110011110101 C
b100111110110 D
b111010101001 ^
b110101000 4
b110101000 \
b110011101101 2
b110011101101 Z
b11001010 ,
b11001010 =
b11001010 ]
b11001010 q
b111110010 p
b1100001110100010 F
b11011110 ;
b11011110 B
b10000100101 u
b11000110110 t
b11001010 s
b111110010 r
b101110110100 ?
b10101001100 >
b100110001011 A
b100110001011 L
b100110111011 @
b1110100 O
b110101110101 N
b10110100001 P
b1111101010 :
b1111101010 K
b1111101010 M
b1001111101100000000000000000 E
b1100000001001011110 J
b1011010 j
b1010010100111 X
b110101000 W
b1111111101100 Y
b11011110 $
b11011110 (
b11011110 1
b11011110 V
1#
#2230000
0#
#2235000
b1101011000 6
b1101011000 R
b110011000110 o
b11111101001 3
b11111101001 [
b11010110000 .
b11010110000 9
b11010110000 l
b110011000110 "
b110011000110 )
b110011000110 -
b110011000110 8
b110011000110 n
b11111011000000000 C
b1100000001 D
b1001110110001 T
b11010110000 7
b11010110000 S
b110011000110 5
b110011000110 Q
b111111010010 ^
b1011010001 4
b1011010001 \
b100010011 2
b100010011 Z
b11101010101100 F
b111110010 ,
b111110010 =
b111110010 ]
b111110010 q
b1110100 p
b11011111 ;
b11011111 B
b1011011 j
b11000000010000000000000000 E
b1100000100101010100 J
b100111110110 :
b100111110110 K
b100111110110 M
b10101001100 ?
b11010100 >
b11010110000 O
b1001110110001 N
b1111111000101 P
b100110111011 A
b100110111011 L
b11001010 @
b11000110110 u
b10110100001 t
b111110010 s
b1110100 r
b1010111010000 X
b1011010001 W
b100010011 Y
b11011111 $
b11011111 (
b11011111 1
b11011111 V
1#
#2240000
0#
#2245000
b100001100110 6
b100001100110 R
b101011001010 o
b10101010 3
b10101010 [
b1111001011 .
b1111001011 9
b1111001011 l
b101011001010 "
b101011001010 )
b101011001010 -
b101011001010 8
b101011001010 n
b1000011001100 T
b1111001011 7
b1111001011 S
b101011001010 5
b101011001010 Q
b11111110000001100 C
b100100001101 D
b111001010101 ^
b101010100 4
b101010100 \
b110010010101 2
b110010010101 Z
b1110100 ,
b1110100 =
b1110100 ]
b1110100 q
b11010110000 p
b1011000110110110 F
b11100000 ;
b11100000 B
b10110100001 u
b110011000110 t
b1110100 s
b11010110000 r
b11010100 ?
b11111101001 >
b11001010 A
b11001010 L
b111110010 @
b1011011001010 O
b1111001011 N
b1110111001001 P
b1100000001 :
b1100000001 K
b1100000001 M
b1001000011010000000000000000 E
b1100001000001001010 J
b1011100 j
b1010001010011 X
b101010100 W
b1111110010100 Y
b11100000 $
b11100000 (
b11100000 1
b11100000 V
1#
#2250000
0#
#2255000
b110000000000 6
b110000000000 R
b10111100110 o
b101001001001 3
b101001001001 [
b101011111111 .
b101011111111 9
b101011111111 l
b10111100110 "
b10111100110 )
b10111100110 -
b10111100110 8
b10111100110 n
b11111010100010111 C
b1000011000 D
b1100000000000 T
b101011111111 7
b101011111111 S
b10111100110 5
b10111100110 Q
b1010010010010 ^
b11110010001 4
b11110010001 \
b10111001111 2
b10111001111 Z
b10100011000000 F
b11010110000 ,
b11010110000 =
b11010110000 ]
b11010110000 q
b1111001011 p
b11100001 ;
b11100001 B
b1011101 j
b10000110000000000000000000 E
b1100001011101000000 J
b100100001101 :
b100100001101 K
b100100001101 M
b11111101001 ?
b10101010 >
b1110111111110 O
b101011111111 N
b1100011100101 P
b111110010 A
b111110010 L
b1110100 @
b110011000110 u
b101011001010 t
b11010110000 s
b1111001011 r
b1101010010000 X
b11110010001 W
b10111001111 Y
b11100001 $
b11100001 (
b11100001 1
b11100001 V
1#
#2260000
0#
#2265000
b101000110 6
b101000110 R
b101101011101 o
b100011010111 3
b100011010111 [
b1010001100 .
b1010001100 9
b1010001100 l
b101101011101 "
b101101011101 )
b101101011101 -
b101101011101 8
b101101011101 n
b111110001101 T
b1010001100 7
b1010001100 S
b101101011101 5
b101101011101 Q
b11111101100100011 C
b100000100100 D
b1000110101110 ^
b10010101101 4
b10010101101 \
b1011101001 2
b1011101001 Z
b1111001011 ,
b1111001011 =
b1111001011 ]
b1111001011 q
b101011111111 p
b1001111111001010 F
b11100010 ;
b11100010 B
b101011001010 u
b10111100110 t
b1111001011 s
b101011111111 r
b10101010 ?
b101001001001 >
b1110100 A
b1110100 L
b11010110000 @
b1010110001011 O
b1010001100 N
b1111001011100 P
b1000011000 :
b1000011000 K
b1000011000 M
b1000001001000000000000000000 E
b1100001111000110110 J
b1011110 j
b1011110101100 X
b10010101101 W
b1011101001 Y
b11100010 $
b11100010 (
b11100010 1
b11100010 V
1#
#2270000
0#
#2275000
b11101101010 6
b11101101010 R
b101110001101 o
b10111110001 3
b10111110001 [
b111010011 .
b111010011 9
b111010011 l
b101110001101 "
b101110001101 )
b101110001101 -
b101110001101 8
b101110001101 n
b11111010000101110 C
b100101111 D
b111011010100 T
b111010011 7
b111010011 S
b101110001101 5
b101110001101 Q
b1100011100011 ^
b101111100010 4
b101111100010 \
b101000011100 2
b101000011100 Z
b1011011010100 F
b101011111111 ,
b101011111111 =
b101011111111 ]
b101011111111 q
b1010001100 p
b11100011 ;
b11100011 B
b1011111 j
b1001011110000000000000000 E
b1100010010100101100 J
b100000100100 :
b100000100100 K
b100000100100 M
b101001001001 ?
b100011010111 >
b111010011 O
b111011010100 N
b1111010001100 P
b11010110000 A
b11010110000 L
b1111001011 @
b10111100110 u
b101101011101 t
b101011111111 s
b1010001100 r
b1111011100001 X
b101111100010 W
b101000011100 Y
b11100011 $
b11100011 (
b11100011 1
b11100011 V
1#
#2280000
0#
#2285000
b1001111101 6
b1001111101 R
b1010011100 o
b110111000 3
b110111000 [
b10011111010 .
b10011111010 9
b10011111010 l
b1010011100 "
b1010011100 )
b1010011100 -
b1010011100 8
b1010011100 n
b1000111111011 T
b10011111010 7
b10011111010 S
b1010011100 5
b1010011100 Q
b11111101000111010 C
b11100111011 D
b1000001110001 ^
b1101110000 4
b1101110000 \
b110101000 2
b110101000 Z
b1010001100 ,
b1010001100 =
b1010001100 ]
b1010001100 q
b111010011 p
b1000110111011110 F
b11100100 ;
b11100100 B
b101101011101 u
b101110001101 t
b1010001100 s
b111010011 r
b100011010111 ?
b10111110001 >
b1111001011 A
b1111001011 L
b101011111111 @
b1011111111001 O
b10011111010 N
b1010011100 P
b100101111 :
b100101111 K
b100101111 M
b111001110110000000000000000 E
b1100010110000100010 J
b1100000 j
b1011001101111 X
b1101110000 W
b110101000 Y
b11100100 $
b11100100 (
b11100100 1
b11100100 V
1#
#2290000
0#
#2295000
b100100011101 6
b100100011101 R
b1111000100 o
b101011100 3
b101011100 [
b10100111001 .
b10100111001 9
b10100111001 l
b1111000100 "
b1111000100 )
b1111000100 -
b1111000100 8
b1111000100 n
b11111001101000101 C
b1000110 D
b1001000111010 T
b10100111001 7
b10100111001 S
b1111000100 5
b1111000100 Q
b111110111001 ^
b1010111000 4
b1010111000 \
b11101110 2
b11101110 Z
b10011101000 F
b111010011 ,
b111010011 =
b111010011 ]
b111010011 q
b10011111010 p
b11100101 ;
b11100101 B
b1100001 j
b10001100000000000000000 E
b1100011001100011000 J
b11100111011 :
b11100111011 K
b11100111011 M
b10111110001 ?
b110111000 >
b10100111001 O
b1001000111010 N
b1111000100 P
b101011111111 A
b101011111111 L
b1010001100 @
b101110001101 u
b1010011100 t
b111010011 s
b10011111010 r
b1010110110111 X
b1010111000 W
b11101110 Y
b11100101 $
b11100101 (
b11100101 1
b11100101 V
1#
#2300000
0#
#2305000
b101101001 6
b101101001 R
b1001000110 o
b1011110000 3
b1011110000 [
b1011010010 .
b1011010010 9
b1011010010 l
b1001000110 "
b1001000110 )
b1001000110 -
b1001000110 8
b1001000110 n
b111111010011 T
b1011010010 7
b1011010010 S
b1001000110 5
b1001000110 Q
b11111100101010001 C
b11001010010 D
b1001011100001 ^
b10111100000 4
b10111100000 \
b10000010100 2
b10000010100 Z
b10011111010 ,
b10011111010 =
b10011111010 ]
b10011111010 q
b10100111001 p
b111101111110010 F
b11100110 ;
b11100110 B
b1010011100 u
b1111000100 t
b10011111010 s
b10100111001 r
b110111000 ?
b101011100 >
b1010001100 A
b1010001100 L
b111010011 @
b1010111010001 O
b1011010010 N
b1001000110 P
b1000110 :
b1000110 K
b1000110 M
b110010100100000000000000000 E
b1100011101000001110 J
b1100010 j
b1100011011111 X
b10111100000 W
b10000010100 Y
b11100110 $
b11100110 (
b11100110 1
b11100110 V
1#
#2310000
0#
#2315000
b101010010011 6
b101010010011 R
b100010000010 o
b1100010000 3
b1100010000 [
b100000100101 .
b100000100101 9
b100000100101 l
b100010000010 "
b100010000010 )
b100010000010 -
b100010000010 8
b100010000010 n
b11111111101011101 C
b110001011110 D
b1010100100110 T
b100000100101 7
b100000100101 S
b100010000010 5
b100010000010 Q
b1001100100001 ^
b11000100000 4
b11000100000 \
b10001010010 2
b10001010010 Z
b1111001011111100 F
b10100111001 ,
b10100111001 =
b10100111001 ]
b10100111001 q
b1011010010 p
b11100111 ;
b11100111 B
b1100011 j
b1100010111100000000000000000 E
b1100100000100000100 J
b11001010010 :
b11001010010 K
b11001010010 M
b101011100 ?
b1011110000 >
b1101100100100 O
b100000100101 N
b1101110000001 P
b111010011 A
b111010011 L
b10011111010 @
b1111000100 u
b1001000110 t
b10100111001 s
b1011010010 r
b1100100011111 X
b11000100000 W
b10001010010 Y
b11100111 $
b11100111 (
b11100111 1
b11100111 V
1#
#2320000
0#
#2325000
b100010101100 6
b100010101100 R
b10110011101 o
b111011101 3
b111011101 [
b10001010111 .
b10001010111 9
b10001010111 l
b10110011101 "
b10110011101 )
b10110011101 -
b10110011101 8
b10110011101 n
b1000101011000 T
b10001010111 7
b10001010111 S
b10110011101 5
b10110011101 Q
b11111100001101000 C
b10101101001 D
b1000010111011 ^
b1110111010 4
b1110111010 \
b111101010 2
b111101010 Z
b1011010010 ,
b1011010010 =
b1011010010 ]
b1011010010 q
b100000100101 p
b110101000000110 F
b11101000 ;
b11101000 B
b1001000110 u
b100010000010 t
b1011010010 s
b100000100101 r
b1011110000 ?
b1100010000 >
b10011111010 A
b10011111010 L
b10100111001 @
b10001010111 O
b1000101011000 N
b1100010011100 P
b110001011110 :
b110001011110 K
b110001011110 M
b101011010010000000000000000 E
b1100100011111111010 J
b1100100 j
b1011010111001 X
b1110111010 W
b111101010 Y
b11101000 $
b11101000 (
b11101000 1
b11101000 V
1#
#2330000
0#
#2335000
b10101010001 6
b10101010001 R
b110011010001 o
b10010000111 3
b10010000111 [
b101010100010 .
b101010100010 9
b101010100010 l
b110011010001 "
b110011010001 )
b110011010001 -
b110011010001 8
b110011010001 n
b11111111001110100 C
b101101110101 D
b1011110100011 T
b101010100010 7
b101010100010 S
b110011010001 5
b110011010001 Q
b1011000001111 ^
b100100001110 4
b100100001110 \
b11100111100 2
b11100111100 Z
b1110000100010000 F
b100000100101 ,
b100000100101 =
b100000100101 ]
b100000100101 q
b10001010111 p
b11101001 ;
b11101001 B
b1100101 j
b1011011101010000000000000000 E
b1100100111011110000 J
b10101101001 :
b10101101001 K
b10101101001 M
b1100010000 ?
b111011101 >
b1110110100001 O
b101010100010 N
b1111111010000 P
b10100111001 A
b10100111001 L
b1011010010 @
b100010000010 u
b10110011101 t
b100000100101 s
b10001010111 r
b1110000001101 X
b100100001110 W
b11100111100 Y
b11101001 $
b11101001 (
b11101001 1
b11101001 V
1#
#2340000
0#
#2345000
b10100011 6
b10100011 R
b10001011110 o
b100100100001 3
b100100100001 [
b101000110 .
b101000110 9
b101000110 l
b10001011110 "
b10001011110 )
b10001011110 -
b10001011110 8
b10001011110 n
b111001000111 T
b101000110 7
b101000110 S
b10001011110 5
b10001011110 Q
b11111011101111111 C
b10010000000 D
b1001001000010 ^
b10101000001 4
b10101000001 \
b1101101101 2
b1101101101 Z
b10001010111 ,
b10001010111 =
b10001010111 ]
b10001010111 q
b101010100010 p
b101100000011010 F
b11101010 ;
b11101010 B
b10110011101 u
b110011010001 t
b10001010111 s
b101010100010 r
b111011101 ?
b10010000111 >
b1011010010 A
b1011010010 L
b100000100101 @
b101000110 O
b111001000111 N
b1011101011101 P
b101101110101 :
b101101110101 K
b101101110101 M
b100100000000000000000000000 E
b1100101010111100110 J
b1100110 j
b1100001000000 X
b10101000001 W
b1101101101 Y
b11101010 $
b11101010 (
b11101010 1
b11101010 V
1#
#2350000
0#
#2355000
b110011010011 6
b110011010011 R
b1110100101 o
b110001000111 3
b110001000111 [
b110010100101 .
b110010100101 9
b110010100101 l
b1110100101 "
b1110100101 )
b1110100101 -
b1110100101 8
b1110100101 n
b11111110110001011 C
b101010001100 D
b1100110100110 T
b110010100101 7
b110010100101 S
b1110100101 5
b1110100101 Q
b1100010001110 ^
b101110001101 4
b101110001101 \
b100110110111 2
b100110110111 Z
b1100111100100100 F
b101010100010 ,
b101010100010 =
b101010100010 ]
b101010100010 q
b101000110 p
b11101011 ;
b11101011 B
b1100111 j
b1010100011000000000000000000 E
b1100101110011011100 J
b10010000000 :
b10010000000 K
b10010000000 M
b10010000111 ?
b100100100001 >
b1111110100100 O
b110010100101 N
b1110100101 P
b100000100101 A
b100000100101 L
b10001010111 @
b110011010001 u
b10001011110 t
b101010100010 s
b101000110 r
b1111010001100 X
b101110001101 W
b100110110111 Y
b11101011 $
b11101011 (
b11101011 1
b11101011 V
1#
#2360000
0#
#2365000
b11110001 6
b11110001 R
b11011001100 o
b100011001 3
b100011001 [
b111100010 .
b111100010 9
b111100010 l
b11011001100 "
b11011001100 )
b11011001100 -
b11011001100 8
b11011001100 n
b111011100011 T
b111100010 7
b111100010 S
b11011001100 5
b11011001100 Q
b11111011010010110 C
b1110010111 D
b111100110011 ^
b1000110010 4
b1000110010 \
b1011010 2
b1011010 Z
b101000110 ,
b101000110 =
b101000110 ]
b101000110 q
b110010100101 p
b100011000101110 F
b11101100 ;
b11101100 B
b10001011110 u
b1110100101 t
b101000110 s
b110010100101 r
b100100100001 ?
b110001000111 >
b10001010111 A
b10001010111 L
b101010100010 @
b111100010 O
b111011100011 N
b1100111001011 P
b101010001100 :
b101010001100 K
b101010001100 M
b11100101110000000000000000 E
b1100110001111010010 J
b1101000 j
b1010100110001 X
b1000110010 W
b1011010 Y
b11101100 $
b11101100 (
b11101100 1
b11101100 V
1#
#2370000
0#
#2375000
b10011100 6
b10011100 R
b11100001011 o
b11011001001 3
b11011001001 [
b100111000 .
b100111000 9
b100111000 l
b11100001011 "
b11100001011 )
b11100001011 -
b11100001011 8
b11100001011 n
b11111110010100010 C
b100110100011 D
b111000111001 T
b100111000 7
b100111000 S
b11100001011 5
b11100001011 Q
b110110010010 ^
b10010001 4
b10010001 \
b101110111000 2
b101110111000 Z
b1011110100111000 F
b110010100101 ,
b110010100101 =
b110010100101 ]
b110010100101 q
b111100010 p
b11101101 ;
b11101101 B
b1101001 j
b1001101000110000000000000000 E
b1100110101011001000 J
b1110010111 :
b1110010111 K
b1110010111 M
b110001000111 ?
b100011001 >
b100111000 O
b111000111001 N
b11100001011 P
b101010100010 A
b101010100010 L
b101000110 @
b1110100101 u
b11011001100 t
b110010100101 s
b111100010 r
b10010001 X
b110110010010 W
b101110111000 Y
b11101101 $
b11101101 (
b11101101 1
b11101101 V
1#
#2380000
0#
#2385000
b101111110101 6
b101111110101 R
b10010100100 o
b101101000 3
b101101000 [
b101011101001 .
b101011101001 9
b101011101001 l
b10010100100 "
b10010100100 )
b10010100100 -
b10010100100 8
b10010100100 n
b1011111101010 T
b101011101001 7
b101011101001 S
b10010100100 5
b10010100100 Q
b11111010110101101 C
b1010101110 D
b111111010001 ^
b1011010000 4
b1011010000 \
b11110100 2
b11110100 Z
b111100010 ,
b111100010 =
b111100010 ]
b111100010 q
b100111000 p
b11010001000010 F
b11101110 ;
b11101110 B
b11011001100 u
b11100001011 t
b111100010 s
b100111000 r
b100011001 ?
b11011001001 >
b101000110 A
b101000110 L
b110010100101 @
b1110111101000 O
b101011101001 N
b1011110100011 P
b100110100011 :
b100110100011 K
b100110100011 M
b10101011100000000000000000 E
b1100111000110111110 J
b1101010 j
b1010111001111 X
b1011010000 W
b11110100 Y
b11101110 $
b11101110 (
b11101110 1
b11101110 V
1#
#2390000
0#
#2395000
b100101001 6
b100101001 R
b100111110111 o
b11110010100 3
b11110010100 [
b1001010010 .
b1001010010 9
b1001010010 l
b100111110111 "
b100111110111 )
b100111110111 -
b100111110111 8
b100111110111 n
b11111101110111001 C
b100010111010 D
b111101010011 T
b1001010010 7
b1001010010 S
b100111110111 5
b100111110111 Q
b111100101000 ^
b1000100111 4
b1000100111 \
b1001001 2
b1001001 Z
b1010101101001100 F
b100111000 ,
b100111000 =
b100111000 ]
b100111000 q
b101011101001 p
b11101111 ;
b11101111 B
b1101011 j
b1000101110100000000000000000 E
b1100111100010110100 J
b1010101110 :
b1010101110 K
b1010101110 M
b11011001001 ?
b101101000 >
b1001010010 O
b111101010011 N
b100111110111 P
b110010100101 A
b110010100101 L
b111100010 @
b11100001011 u
b10010100100 t
b100111000 s
b101011101001 r
b1010100100110 X
b1000100111 W
b1001001 Y
b11101111 $
b11101111 (
b11101111 1
b11101111 V
1#
#2400000
0#
#2405000
b10101001110 6
b10101001110 R
b11000101001 o
b110001101101 3
b110001101101 [
b101010011100 .
b101010011100 9
b101010011100 l
b11000101001 "
b11000101001 )
b11000101001 -
b11000101001 8
b11000101001 n
b1011110011101 T
b101010011100 7
b101010011100 S
b11000101001 5
b11000101001 Q
b11111010011000100 C
b111000101 D
b1100011011010 ^
b101111011001 4
b101111011001 \
b100111111001 2
b100111111001 Z
b101011101001 ,
b101011101001 =
b101011101001 ]
b101011101001 q
b1001010010 p
b10001001010110 F
b11110000 ;
b11110000 B
b10010100100 u
b100111110111 t
b101011101001 s
b1001010010 r
b101101000 ?
b11110010100 >
b111100010 A
b111100010 L
b100111000 @
b1110110011011 O
b101010011100 N
b1100100101000 P
b100010111010 :
b100010111010 K
b100010111010 M
b1110001010000000000000000 E
b1100111111110101010 J
b1101100 j
b1111011011000 X
b101111011001 W
b100111111001 Y
b11110000 $
b11110000 (
b11110000 1
b11110000 V
1#
#2410000
0#
#2415000
b11111111111 6
b11111111111 R
b110001110100 o
b100000100010 3
b100000100010 [
b1011111101 .
b1011111101 9
b1011111101 l
b110001110100 "
b110001110100 )
b110001110100 -
b110001110100 8
b110001110100 n
b11111101011010000 C
b11111010001 D
b111111111110 T
b1011111101 7
b1011111101 S
b110001110100 5
b110001110100 Q
b1000001000100 ^
b1101000011 4
b1101000011 \
b101100001 2
b101100001 Z
b1001100101100000 F
b1001010010 ,
b1001010010 =
b1001010010 ]
b1001010010 q
b101010011100 p
b11110001 ;
b11110001 B
b1101101 j
b111110100010000000000000000 E
b1101000011010100000 J
b111000101 :
b111000101 K
b111000101 M
b11110010100 ?
b110001101101 >
b1010111111100 O
b1011111101 N
b1111101110011 P
b100111000 A
b100111000 L
b101011101001 @
b100111110111 u
b11000101001 t
b1001010010 s
b101010011100 r
b1011001000010 X
b1101000011 W
b101100001 Y
b11110001 $
b11110001 (
b11110001 1
b11110001 V
1#
#2420000
0#
#2425000
b100101011101 6
b100101011101 R
b1100011000 o
b10111000111 3
b10111000111 [
b10110111001 .
b10110111001 9
b10110111001 l
b1100011000 "
b1100011000 )
b1100011000 -
b1100011000 8
b1100011000 n
b1001010111010 T
b10110111001 7
b10110111001 S
b1100011000 5
b1100011000 Q
b11111001111011011 C
b11011100 D
b1100010001111 ^
b101110001110 4
b101110001110 \
b100110101010 2
b100110101010 Z
b101010011100 ,
b101010011100 =
b101010011100 ]
b101010011100 q
b1011111101 p
b1000001101010 F
b11110010 ;
b11110010 B
b11000101001 u
b110001110100 t
b101010011100 s
b1011111101 r
b110001101101 ?
b100000100010 >
b101011101001 A
b101011101001 L
b1001010010 @
b10110111001 O
b1001010111010 N
b1100011000 P
b11111010001 :
b11111010001 K
b11111010001 M
b110111000000000000000000 E
b1101000110110010110 J
b1101110 j
b1111010001101 X
b101110001110 W
b100110101010 Y
b11110010 $
b11110010 (
b11110010 1
b11110010 V
1#
#2430000
0#
#2435000
b110010111 6
b110010111 R
b101110110 o
b111111000 3
b111111000 [
b1100101110 .
b1100101110 9
b1100101110 l
b101110110 "
b101110110 )
b101110110 -
b101110110 8
b101110110 n
b11111100111100111 C
b11011101000 D
b1000000101111 T
b1100101110 7
b1100101110 S
b101110110 5
b101110110 Q
b1000011110001 ^
b1111110000 4
b1111110000 \
b1000001010 2
b1000001010 Z
b1000011101110100 F
b1011111101 ,
b1011111101 =
b1011111101 ]
b1011111101 q
b10110111001 p
b11110011 ;
b11110011 B
b1101111 j
b110111010000000000000000000 E
b1101001010010001100 J
b11011100 :
b11011100 K
b11011100 M
b100000100010 ?
b10111000111 >
b1011000101101 O
b1100101110 N
b101110110 P
b1001010010 A
b1001010010 L
b101010011100 @
b110001110100 u
b1100011000 t
b1011111101 s
b10110111001 r
b1011011101111 X
b1111110000 W
b1000001010 Y
b11110011 $
b11110011 (
b11110011 1
b11110011 V
1#
#2440000
0#
#2445000
b100011000010 6
b100011000010 R
b1110110100 o
b100111010111 3
b100111010111 [
b10010000011 .
b10010000011 9
b10010000011 l
b1110110100 "
b1110110100 )
b1110110100 -
b1110110100 8
b1110110100 n
b1000110000100 T
b10010000011 7
b10010000011 S
b1110110100 5
b1110110100 Q
b11111111111110011 C
b110011110100 D
b1001110101110 ^
b11010101101 4
b11010101101 \
b10011000101 2
b10011000101 Z
b10110111001 ,
b10110111001 =
b10110111001 ]
b10110111001 q
b1100101110 p
b1111111001111110 F
b11110100 ;
b11110100 B
b1100011000 u
b101110110 t
b10110111001 s
b1100101110 r
b10111000111 ?
b111111000 >
b101010011100 A
b101010011100 L
b1011111101 @
b10010000011 O
b1000110000100 N
b1110110100 P
b11011101000 :
b11011101000 K
b11011101000 M
b1100111101000000000000000000 E
b1101001101110000010 J
b1110000 j
b1100110101100 X
b11010101101 W
b10011000101 Y
b11110100 $
b11110100 (
b11110100 1
b11110100 V
1#
#2450000
0#
#2455000
b101111000 6
b101111000 R
b1100001010 o
b100010010010 3
b100010010010 [
b1011110000 .
b1011110000 9
b1011110000 l
b1100001010 "
b1100001010 )
b1100001010 -
b1100001010 8
b1100001010 n
b11111100011111110 C
b10111111111 D
b111111110001 T
b1011110000 7
b1011110000 S
b1100001010 5
b1100001010 Q
b1000100100100 ^
b10000100011 4
b10000100011 \
b1000111001 2
b1000111001 Z
b111010110001000 F
b1100101110 ,
b1100101110 =
b1100101110 ]
b1100101110 q
b10010000011 p
b11110101 ;
b11110101 B
b1110001 j
b101111111110000000000000000 E
b1101010001001111000 J
b110011110100 :
b110011110100 K
b110011110100 M
b111111000 ?
b100111010111 >
b1011110000 O
b111111110001 N
b1011000001001 P
b1011111101 A
b1011111101 L
b10110111001 @
b101110110 u
b1110110100 t
b1100101110 s
b10010000011 r
b1011100100010 X
b10000100011 W
b1000111001 Y
b11110101 $
b11110101 (
b11110101 1
b11110101 V
1#
#2460000
0#
#2465000
b10111011100 6
b10111011100 R
b110010111011 o
b100100111101 3
b100100111101 [
b101110111000 .
b101110111000 9
b101110111000 l
b110010111011 "
b110010111011 )
b110010111011 -
b110010111011 8
b110010111011 n
b1100010111001 T
b101110111000 7
b101110111000 S
b110010111011 5
b110010111011 Q
b11111111100001010 C
b110000001011 D
b1001001111010 ^
b10101111001 4
b10101111001 \
b1110001101 2
b1110001101 Z
b10010000011 ,
b10010000011 =
b10010000011 ]
b10010000011 q
b1011110000 p
b1110110010010010 F
b11110110 ;
b11110110 B
b1110110100 u
b1100001010 t
b10010000011 s
b1011110000 r
b100111010111 ?
b100010010010 >
b10110111001 A
b10110111001 L
b1100101110 @
b1111010110111 O
b101110111000 N
b1111110111010 P
b10111111111 :
b10111111111 K
b10111111111 M
b1100000010110000000000000000 E
b1101010100101101110 J
b1110010 j
b1100001111000 X
b10101111001 W
b1110001101 Y
b11110110 $
b11110110 (
b11110110 1
b11110110 V
1#
#2470000
0#
#2475000
b100011100 6
b100011100 R
b10000100100 o
b100001110100 3
b100001110100 [
b1000111000 .
b1000111000 9
b1000111000 l
b10000100100 "
b10000100100 )
b10000100100 -
b10000100100 8
b10000100100 n
b11111100000010101 C
b10100010110 D
b111100111001 T
b1000111000 7
b1000111000 S
b10000100100 5
b10000100100 Q
b1000011101000 ^
b1111100111 4
b1111100111 \
b111111001 2
b111111001 Z
b110001110011100 F
b1011110000 ,
b1011110000 =
b1011110000 ]
b1011110000 q
b101110111000 p
b11110111 ;
b11110111 B
b1110011 j
b101000101100000000000000000 E
b1101011000001100100 J
b110000001011 :
b110000001011 K
b110000001011 M
b100010010010 ?
b100100111101 >
b1000111000 O
b111100111001 N
b1011100100011 P
b1100101110 A
b1100101110 L
b10010000011 @
b1100001010 u
b110010111011 t
b1011110000 s
b101110111000 r
b1011011100110 X
b1111100111 W
b111111001 Y
b11110111 $
b11110111 (
b11110111 1
b11110111 V
1#
#2480000
0#
#2485000
b101101001101 6
b101101001101 R
b110001101110 o
b11001011000 3
b11001011000 [
b100110011001 .
b100110011001 9
b100110011001 l
b110001101110 "
b110001101110 )
b110001101110 -
b110001101110 8
b110001101110 n
b1011010011010 T
b100110011001 7
b100110011001 S
b110001101110 5
b110001101110 Q
b11111111000100001 C
b101100100010 D
b1100110110001 ^
b110010110000 4
b110010110000 \
b101011000000 2
b101011000000 Z
b101110111000 ,
b101110111000 =
b101110111000 ]
b101110111000 q
b1000111000 p
b1101101010100110 F
b11111000 ;
b11111000 B
b110010111011 u
b10000100100 t
b101110111000 s
b1000111000 r
b100100111101 ?
b100001110100 >
b10010000011 A
b10010000011 L
b1011110000 @
b1110010011000 O
b100110011001 N
b1111101101101 P
b10100010110 :
b10100010110 K
b10100010110 M
b1011001000100000000000000000 E
b1101011011101011010 J
b1110100 j
b1111110101111 X
b110010110000 W
b101011000000 Y
b11111000 $
b11111000 (
b11111000 1
b11111000 V
1#
#2490000
0#
#2495000
b11100001001 6
b11100001001 R
b10011001111 o
b100000011001 3
b100000011001 [
b100010001 .
b100010001 9
b100010001 l
b10011001111 "
b10011001111 )
b10011001111 -
b10011001111 8
b10011001111 n
b11111011100101100 C
b10000101101 D
b111000010010 T
b100010001 7
b100010001 S
b10011001111 5
b10011001111 Q
b1000000110010 ^
b1100110001 4
b1100110001 \
b100111111 2
b100111111 Z
b101000110110000 F
b1000111000 ,
b1000111000 =
b1000111000 ]
b1000111000 q
b100110011001 p
b11111001 ;
b11111001 B
b1110101 j
b100001011010000000000000000 E
b1101011111001010000 J
b101100100010 :
b101100100010 K
b101100100010 M
b100001110100 ?
b11001011000 >
b100010001 O
b111000010010 N
b1011111001110 P
b1011110000 A
b1011110000 L
b101110111000 @
b10000100100 u
b110001101110 t
b1000111000 s
b100110011001 r
b1011000110000 X
b1100110001 W
b100111111 Y
b11111001 $
b11111001 (
b11111001 1
b11111001 V
1#
#2500000
0#
#2505000
b101110010 6
b101110010 R
b11110001011 o
b101111001010 3
b101111001010 [
b1011100100 .
b1011100100 9
b1011100100 l
b11110001011 "
b11110001011 )
b11110001011 -
b11110001011 8
b11110001011 n
b111111100101 T
b1011100100 7
b1011100100 S
b11110001011 5
b11110001011 Q
b11111110100111000 C
b101000111001 D
b1011110010100 ^
b101010010011 4
b101010010011 \
b100010011111 2
b100010011111 Z
b100110011001 ,
b100110011001 =
b100110011001 ]
b100110011001 q
b100010001 p
b1100100010111010 F
b11111010 ;
b11111010 B
b110001101110 u
b10011001111 t
b100110011001 s
b100010001 r
b11001011000 ?
b100000011001 >
b101110111000 A
b101110111000 L
b1000111000 @
b1011100100 O
b111111100101 N
b11110001011 P
b10000101101 :
b10000101101 K
b10000101101 M
b1010001110010000000000000000 E
b1101100010101000110 J
b1110110 j
b1110110010010 X
b101010010011 W
b100010011111 Y
b11111010 $
b11111010 (
b11111010 1
b11111010 V
1#
#2510000
0#
#2515000
b110010111001 6
b110010111001 R
b10100000000 o
b100000110 3
b100000110 [
b110001110001 .
b110001110001 9
b110001110001 l
b10100000000 "
b10100000000 )
b10100000000 -
b10100000000 8
b10100000000 n
b11111011001000011 C
b1101000100 D
b1100101110010 T
b110001110001 7
b110001110001 S
b10100000000 5
b10100000000 Q
b111100001101 ^
b1000001100 4
b1000001100 \
b10110 2
b10110 Z
b11111111000100 F
b100010001 ,
b100010001 =
b100010001 ]
b100010001 q
b1011100100 p
b11111011 ;
b11111011 B
b1110111 j
b11010001000000000000000000 E
b1101100110000111100 J
b101000111001 :
b101000111001 K
b101000111001 M
b100000011001 ?
b101111001010 >
b1111101110000 O
b110001110001 N
b1011111111111 P
b1000111000 A
b1000111000 L
b100110011001 @
b10011001111 u
b11110001011 t
b100010001 s
b1011100100 r
b1010100001011 X
b1000001100 W
b10110 Y
b11111011 $
b11111011 (
b11111011 1
b11111011 V
1#
#2520000
0#
#2525000
b110011101111 6
b110011101111 R
b11001010101 o
b111110000 3
b111110000 [
b110011011101 .
b110011011101 9
b110011011101 l
b11001010101 "
b11001010101 )
b11001010101 -
b11001010101 8
b11001010101 n
b1100111011110 T
b110011011101 7
b110011011101 S
b11001010101 5
b11001010101 Q
b11111110001001111 C
b100101010000 D
b1000011100001 ^
b1111100000 4
b1111100000 \
b111101000 2
b111101000 Z
b1011100100 ,
b1011100100 =
b1011100100 ]
b1011100100 q
b110001110001 p
b1011011011001110 F
b11111100 ;
b11111100 B
b11110001011 u
b10100000000 t
b1011100100 s
b110001110001 r
b101111001010 ?
b100000110 >
b100110011001 A
b100110011001 L
b100010001 @
b1111111011100 O
b110011011101 N
b11001010101 P
b1101000100 :
b1101000100 K
b1101000100 M
b1001010100000000000000000000 E
b1101101001100110010 J
b1111000 j
b1011011011111 X
b1111100000 W
b111101000 Y
b11111100 $
b11111100 (
b11111100 1
b11111100 V
1#
#2530000
0#
#2535000
b101110110001 6
b101110110001 R
b10011000010 o
b11010110111 3
b11010110111 [
b101001100001 .
b101001100001 9
b101001100001 l
b10011000010 "
b10011000010 )
b10011000010 -
b10011000010 8
b10011000010 n
b11111010101011010 C
b1001011011 D
b1011101100010 T
b101001100001 7
b101001100001 S
b10011000010 5
b10011000010 Q
b110101101110 ^
b1101101 4
b1101101 \
b101101110100 2
b101101110100 Z
b10110111011000 F
b110001110001 ,
b110001110001 =
b110001110001 ]
b110001110001 q
b110011011101 p
b11111101 ;
b11111101 B
b1111001 j
b10010110110000000000000000 E
b1101101101000101000 J
b100101010000 :
b100101010000 K
b100101010000 M
b100000110 ?
b111110000 >
b1110101100000 O
b101001100001 N
b1011111000001 P
b100010001 A
b100010001 L
b1011100100 @
b10100000000 u
b11001010101 t
b110001110001 s
b110011011101 r
b1101101 X
b110101101110 W
b101101110100 Y
b11111101 $
b11111101 (
b11111101 1
b11111101 V
1#
#2540000
0#
#2545000
b100100100000 6
b100100100000 R
b10001001 o
b1101101 3
b1101101 [
b10100111111 .
b10100111111 9
b10100111111 l
b10001001 "
b10001001 )
b10001001 -
b10001001 8
b10001001 n
b1001001000000 T
b10100111111 7
b10100111111 S
b10001001 5
b10001001 Q
b11111101101100110 C
b100001100111 D
b110111011011 ^
b11011010 4
b11011010 \
b101111011111 2
b101111011111 Z
b110011011101 ,
b110011011101 =
b110011011101 ]
b110011011101 q
b101001100001 p
b1010010011100010 F
b11111110 ;
b11111110 B
b11001010101 u
b10011000010 t
b110011011101 s
b101001100001 r
b111110000 ?
b11010110111 >
b1011100100 A
b1011100100 L
b110001110001 @
b1100000111110 O
b10100111111 N
b10001001 P
b1001011011 :
b1001011011 K
b1001011011 M
b1000011001110000000000000000 E
b1101110000100011110 J
b1111010 j
b11011010 X
b110111011011 W
b101111011111 Y
b11111110 $
b11111110 (
b11111110 1
b11111110 V
1#
#2550000
0#
#2555000
b101001101100 6
b101001101100 R
b10000001010 o
b10110110000 3
b10110110000 [
b11111010111 .
b11111010111 9
b11111010111 l
b10000001010 "
b10000001010 )
b10000001010 -
b10000001010 8
b10000001010 n
b11111010001110001 C
b101110010 D
b1010011011000 T
b11111010111 7
b11111010111 S
b10000001010 5
b10000001010 Q
b1100001100001 ^
b101101100000 4
b101101100000 \
b100101100010 2
b100101100010 Z
b1101111101100 F
b101001100001 ,
b101001100001 =
b101001100001 ]
b101001100001 q
b10100111111 p
b11111111 ;
b11111111 B
b1111011 j
b1011100100000000000000000 E
b1101110100000010100 J
b100001100111 :
b100001100111 K
b100001100111 M
b11010110111 ?
b1101101 >
b11111010111 O
b1010011011000 N
b10000001010 P
b110001110001 A
b110001110001 L
b110011011101 @
b10011000010 u
b10001001 t
b101001100001 s
b10100111111 r
b1111001011111 X
b101101100000 W
b100101100010 Y
b11111111 $
b11111111 (
b11111111 1
b11111111 V
1#
#2560000
0#
#2565000
b10100111 6
b10100111 R
b101101101011 o
b100110100000 3
b100110100000 [
b101001110 .
b101001110 9
b101001110 l
b101101101011 "
b101101101011 )
b101101101011 -
b101101101011 8
b101101101011 n
b111001001111 T
b101001110 7
b101001110 S
b101101101011 5
b101101101011 Q
b11111101001111101 C
b11101111110 D
b1001101000000 ^
b11000111111 4
b11000111111 \
b10000111111 2
b10000111111 Z
b10100111111 ,
b10100111111 =
b10100111111 ]
b10100111111 q
b11111010111 p
b1001001011110110 F
b100000000 ;
b100000000 B
b10001001 u
b10000001010 t
b10100111111 s
b11111010111 r
b1101101 ?
b10110110000 >
b110011011101 A
b110011011101 L
b101001100001 @
b101001110 O
b111001001111 N
b101101101011 P
b101110010 :
b101110010 K
b101110010 M
b111011111100000000000000000 E
b1101110111100001010 J
b1111100 j
b1100100111110 X
b11000111111 W
b10000111111 Y
b100000000 $
b100000000 (
b100000000 1
b100000000 V
1#
#2570000
0#
#2575000
b1001101111 6
b1001101111 R
b1011100011 o
b10001101100 3
b10001101100 [
b10011011110 .
b10011011110 9
b10011011110 l
b1011100011 "
b1011100011 )
b1011100011 -
b1011100011 8
b1011100011 n
b11111001110001000 C
b10001001 D
b1000111011111 T
b10011011110 7
b10011011110 S
b1011100011 5
b1011100011 Q
b1010111011001 ^
b100011011000 4
b100011011000 \
b11011010110 2
b11011010110 Z
b101000000000 F
b11111010111 ,
b11111010111 =
b11111010111 ]
b11111010111 q
b101001110 p
b100000001 ;
b100000001 B
b1111101 j
b100010010000000000000000 E
b1101111011000000000 J
b11101111110 :
b11101111110 K
b11101111110 M
b10110110000 ?
b100110100000 >
b10011011110 O
b1000111011111 N
b1011100011 P
b101001100001 A
b101001100001 L
b10100111111 @
b10000001010 u
b101101101011 t
b11111010111 s
b101001110 r
b1101111010111 X
b100011011000 W
b11011010110 Y
b100000001 $
b100000001 (
b100000001 1
b100000001 V
1#
#2580000
0#
#2585000
b1011100100 6
b1011100100 R
b10010110110 o
b100101000 3
b100101000 [
b10111001000 .
b10111001000 9
b10111001000 l
b10010110110 "
b10010110110 )
b10010110110 -
b10010110110 8
b10010110110 n
b1001011001001 T
b10111001000 7
b10111001000 S
b10010110110 5
b10010110110 Q
b11111100110010100 C
b11010010101 D
b111101010001 ^
b1001010000 4
b1001010000 \
b1001100 2
b1001100 Z
b101001110 ,
b101001110 =
b101001110 ]
b101001110 q
b10011011110 p
b1000000100001010 F
b100000010 ;
b100000010 B
b101101101011 u
b1011100011 t
b101001110 s
b10011011110 r
b100110100000 ?
b10001101100 >
b10100111111 A
b10100111111 L
b11111010111 @
b1100011000111 O
b10111001000 N
b10010110110 P
b10001001 :
b10001001 K
b10001001 M
b110100101010000000000000000 E
b1101111110011110110 J
b1111110 j
b1010101001111 X
b1001010000 W
b1001100 Y
b100000010 $
b100000010 (
b100000010 1
b100000010 V
1#
#2590000
0#
#2595000
b11100110110 6
b11100110110 R
b101000010 o
b100101110001 3
b100101110001 [
b101101011 .
b101101011 9
b101101011 l
b101000010 "
b101000010 )
b101000010 -
b101000010 8
b101000010 n
b11111111110100000 C
b110010100001 D
b111001101100 T
b101101011 7
b101101011 S
b101000010 5
b101000010 Q
b1001011100010 ^
b10111100001 4
b10111100001 \
b1111011011 2
b1111011011 Z
b1111100000010100 F
b10011011110 ,
b10011011110 =
b10011011110 ]
b10011011110 q
b10111001000 p
b100000011 ;
b100000011 B
b1111111 j
b1100101000010000000000000000 E
b1110000001111101100 J
b11010010101 :
b11010010101 K
b11010010101 M
b10001101100 ?
b100101000 >
b101101011 O
b111001101100 N
b101000010 P
b11111010111 A
b11111010111 L
b101001110 @
b1011100011 u
b10010110110 t
b10011011110 s
b10111001000 r
b1100011100000 X
b10111100001 W
b1111011011 Y
b100000011 $
b100000011 (
b100000011 1
b100000011 V
1#
#2600000
0#
#2605000
b1110111 6
b1110111 R
b11110111000 3
b11110111000 [
b11101110 .
b11101110 9
b11101110 l
b110101110 "
b110101110 )
b110101110 -
b110101110 8
b110101110 n
b110111101111 T
b11101110 7
b11101110 S
b110101110 5
b110101110 Q
b11111100010101011 C
b10110101100 D
b10111001000 o
b10110011011 *
b10110011011 <
b10110011011 G
b10110011011 `
b100 +
b100 a
b111101110000 ^
b1001101111 4
b1001101111 \
b1100111 2
b1100111 Z
b101101011 ,
b101101011 =
b101101011 ]
b101101011 q
b110101110 p
b110111100011110 F
b10 0
b10 f
b10 k
b0 h
b100 e
b100000100 ;
b100000100 B
b10010110110 u
b101000010 t
b10111001000 s
b101101011 r
b100101000 ?
b100101110001 >
b101001110 A
b101001110 L
b10011011110 @
b11101110 O
b110111101111 N
b1010010101101 P
b110010100001 :
b110010100001 K
b110010100001 M
b101101011000000000000000000 E
b1110000101011100010 J
b11 /
b11 g
b0 j
b1010101101110 X
b1001101111 W
b1100111 Y
b100000100 $
b100000100 (
b100000100 1
b100000100 V
1#
#2610000
0#
#2615000
b10101000101 6
b10101000101 R
b110000110011 p
b11101111010 3
b11101111010 [
b101010001010 .
b101010001010 9
b101010001010 l
b110000110011 "
b110000110011 )
b110000110011 -
b110000110011 8
b110000110011 n
b1011110001011 T
b101010001010 7
b101010001010 S
b110000110011 5
b110000110011 Q
b111011110100 ^
b111110011 4
b111110011 \
b110011101010 2
b110011101010 Z
b1100101010010100 F
b11111110101001111 C
b101001010000 D
b110101110 o
b11101110 ,
b11101110 =
b11101110 ]
b11101110 q
b100000101 ;
b100000101 B
b1 j
b1010010100000000000000000000 E
b1011011000101101100 J
b10110101100 :
b10110101100 K
b10110101100 M
b100101110001 ?
b11110111000 >
b1110110001001 O
b101010001010 N
b1111100110010 P
b10011011110 A
b10011011110 L
b101101011 @
b101000010 u
b10111001000 t
b110101110 s
b11101110 r
b1010011110010 X
b111110011 W
b1111111101001 Y
b100000101 $
b100000101 (
b100000101 1
b100000101 V
1#
#2620000
0#
#2625000
b110001011110 6
b110001011110 R
b10000011100 p
b10111001000 3
b10111001000 [
b101110111011 .
b101110111011 9
b101110111011 l
b10000011100 "
b10000011100 )
b10000011100 -
b10000011100 8
b10000011100 n
b1100010111100 T
b101110111011 7
b101110111011 S
b10000011100 5
b10000011100 Q
b11111101101011001 C
b100001011010 D
b1100010010001 ^
b101110010000 4
b101110010000 \
b100110000100 2
b100110000100 Z
b110000110011 o
b101010001010 ,
b101010001010 =
b101010001010 ]
b101010001010 q
b1010001111111001 F
b100000110 ;
b100000110 B
b10111001000 u
b110101110 t
b110000110011 s
b101010001010 r
b11110111000 ?
b11101111010 >
b101101011 A
b101101011 L
b11101110 @
b1111010111010 O
b101110111011 N
b1011100011011 P
b101001010000 :
b101001010000 K
b101001010000 M
b1000010110100000000000000000 E
b1011011011100000111 J
b10 j
b1111010001111 X
b101110010000 W
b100110000100 Y
b100000110 $
b100000110 (
b100000110 1
b100000110 V
1#
#2630000
0#
#2635000
b10010100100 6
b10010100100 R
b10110010101 p
b11001100001 3
b11001100001 [
b100101001000 .
b100101001000 9
b100101001000 l
b10110010101 "
b10110010101 )
b10110010101 -
b10110010101 8
b10110010101 n
b11111100101100011 C
b11001100100 D
b1011001001001 T
b100101001000 7
b100101001000 S
b10110010101 5
b10110010101 Q
b1100111000011 ^
b110011000010 4
b110011000010 \
b101010110100 2
b101010110100 Z
b111110101011110 F
b10000011100 o
b101110111011 ,
b101110111011 =
b101110111011 ]
b101110111011 q
b100000111 ;
b100000111 B
b11 j
b110011001000000000000000000 E
b1011011110010100010 J
b100001011010 :
b100001011010 K
b100001011010 M
b11101111010 ?
b10111001000 >
b1110001000111 O
b100101001000 N
b1100010010100 P
b11101110 A
b11101110 L
b101010001010 @
b110101110 u
b110000110011 t
b10000011100 s
b101110111011 r
b1111111000001 X
b110011000010 W
b101010110100 Y
b100000111 $
b100000111 (
b100000111 1
b100000111 V
1#
#2640000
0#
#2645000
b100001110111 6
b100001110111 R
b10000100110 p
b10100101000 3
b10100101000 [
b1111101101 .
b1111101101 9
b1111101101 l
b10000100110 "
b10000100110 )
b10000100110 -
b10000100110 8
b10000100110 n
b1000011101110 T
b1111101101 7
b1111101101 S
b10000100110 5
b10000100110 Q
b11111011101101101 C
b10001101110 D
b1011101010001 ^
b101001010000 4
b101001010000 \
b100001000000 2
b100001000000 Z
b10110010101 o
b100101001000 ,
b100101001000 =
b100101001000 ]
b100101001000 q
b101011011000011 F
b100001000 ;
b100001000 B
b110000110011 u
b10000011100 t
b10110010101 s
b100101001000 r
b10111001000 ?
b11001100001 >
b101010001010 A
b101010001010 L
b101110111011 @
b1111101101 O
b1000011101110 N
b10000100110 P
b11001100100 :
b11001100100 K
b11001100100 M
b100011011100000000000000000 E
b1011100001000111101 J
b100 j
b1110101001111 X
b101001010000 W
b100001000000 Y
b100001000 $
b100001000 (
b100001000 1
b100001000 V
1#
#2650000
0#
#2655000
b110010100 6
b110010100 R
b11101001101 p
b1001111011 3
b1001111011 [
b1100101000 .
b1100101000 9
b1100101000 l
b11101001101 "
b11101001101 )
b11101001101 -
b11101001101 8
b11101001101 n
b11111010101110111 C
b1001111000 D
b1000000101001 T
b1100101000 7
b1100101000 S
b11101001101 5
b11101001101 Q
b1000111110111 ^
b10011110110 4
b10011110110 \
b1011100100 2
b1011100100 Z
b11000000101000 F
b10000100110 o
b1111101101 ,
b1111101101 =
b1111101101 ]
b1111101101 q
b100001001 ;
b100001001 B
b101 j
b10011110000000000000000000 E
b1011100011111011000 J
b10001101110 :
b10001101110 K
b10001101110 M
b11001100001 ?
b10100101000 >
b1100101000 O
b1000000101001 N
b11101001101 P
b101110111011 A
b101110111011 L
b100101001000 @
b10000011100 u
b10110010101 t
b10000100110 s
b1111101101 r
b1011111110101 X
b10011110110 W
b1011100100 Y
b100001001 $
b100001001 (
b100001001 1
b100001001 V
1#
#2660000
0#
#2665000
b10111100000 6
b10111100000 R
b11011010000 p
b1000011001 3
b1000011001 [
b101111000000 .
b101111000000 9
b101111000000 l
b11011010000 "
b11011010000 )
b11011010000 -
b11011010000 8
b11011010000 n
b1100011000001 T
b101111000000 7
b101111000000 S
b11011010000 5
b11011010000 Q
b11111001110000001 C
b10000010 D
b1000100110011 ^
b10000110010 4
b10000110010 \
b1000011110 2
b1000011110 Z
b11101001101 o
b1100101000 ,
b1100101000 =
b1100101000 ]
b1100101000 q
b100110001101 F
b100001010 ;
b100001010 B
b10110010101 u
b10000100110 t
b11101001101 s
b1100101000 r
b10100101000 ?
b1001111011 >
b100101001000 A
b100101001000 L
b1111101101 @
b1111010111111 O
b101111000000 N
b11011010000 P
b1001111000 :
b1001111000 K
b1001111000 M
b100000100000000000000000 E
b1011100110101110011 J
b110 j
b1011100110001 X
b10000110010 W
b1000011110 Y
b100001010 $
b100001010 (
b100001010 1
b100001010 V
1#
#2670000
0#
#2675000
b100010111000 6
b100010111000 R
b1101101011 p
b110011100110 3
b110011100110 [
b10001101111 .
b10001101111 9
b10001101111 l
b1101101011 "
b1101101011 )
b1101101011 -
b1101101011 8
b1101101011 n
b11111111010001100 C
b101110001101 D
b1000101110000 T
b10001101111 7
b10001101111 S
b1101101011 5
b1101101011 Q
b1100111001100 ^
b110011001011 4
b110011001011 \
b101010110101 2
b101010110101 Z
b1110001011110010 F
b11011010000 o
b101111000000 ,
b101111000000 =
b101111000000 ]
b101111000000 q
b100001011 ;
b100001011 B
b111 j
b1011100011010000000000000000 E
b1011101001100001110 J
b10000010 :
b10000010 K
b10000010 M
b1001111011 ?
b1000011001 >
b1011101101110 O
b10001101111 N
b1101101011 P
b1111101101 A
b1111101101 L
b1100101000 @
b10000100110 u
b11101001101 t
b11011010000 s
b101111000000 r
b1111111001010 X
b110011001011 W
b101010110101 Y
b100001011 $
b100001011 (
b100001011 1
b100001011 V
1#
#2680000
0#
#2685000
b11011010 6
b11011010 R
b10010011100 p
b100100111110 3
b100100111110 [
b110110100 .
b110110100 9
b110110100 l
b10010011100 "
b10010011100 )
b10010011100 -
b10010011100 8
b10010011100 n
b111010110101 T
b110110100 7
b110110100 S
b10010011100 5
b10010011100 Q
b11111110010010110 C
b100110010111 D
b1001001111100 ^
b10101111011 4
b10101111011 \
b1101100011 2
b1101100011 Z
b1101101011 o
b10001101111 ,
b10001101111 =
b10001101111 ]
b10001101111 q
b1011110001010111 F
b100001100 ;
b100001100 B
b11101001101 u
b11011010000 t
b1101101011 s
b10001101111 r
b1000011001 ?
b110011100110 >
b1100101000 A
b1100101000 L
b101111000000 @
b110110100 O
b111010110101 N
b1011110011011 P
b101110001101 :
b101110001101 K
b101110001101 M
b1001100101110000000000000000 E
b1011101100010101001 J
b1000 j
b1100001111010 X
b10101111011 W
b1101100011 Y
b100001100 $
b100001100 (
b100001100 1
b100001100 V
1#
#2690000
0#
#2695000
b10000101011 6
b10000101011 R
b1000101001 p
b11111100001 3
b11111100001 [
b100001010110 .
b100001010110 9
b100001010110 l
b1000101001 "
b1000101001 )
b1000101001 -
b1000101001 8
b1000101001 n
b11111101010100000 C
b11110100001 D
b1010101010111 T
b100001010110 7
b100001010110 S
b1000101001 5
b1000101001 Q
b111111000010 ^
b1011000001 4
b1011000001 \
b10100111 2
b10100111 Z
b1001010110111100 F
b10010011100 o
b110110100 ,
b110110100 =
b110110100 ]
b110110100 q
b100001101 ;
b100001101 B
b1001 j
b111101000010000000000000000 E
b1011101111001000100 J
b100110010111 :
b100110010111 K
b100110010111 M
b110011100110 ?
b100100111110 >
b100001010110 O
b1010101010111 N
b1000101001 P
b101111000000 A
b101111000000 L
b10001101111 @
b11011010000 u
b1101101011 t
b10010011100 s
b110110100 r
b1010111000000 X
b1011000001 W
b10100111 Y
b100001101 $
b100001101 (
b100001101 1
b100001101 V
1#
#2700000
0#
#2705000
b11000001000 6
b11000001000 R
b100111001111 p
b10010110010 3
b10010110010 [
b110000010000 .
b110000010000 9
b110000010000 l
b100111001111 "
b100111001111 )
b100111001111 -
b100111001111 8
b100111001111 n
b1100100010001 T
b110000010000 7
b110000010000 S
b100111001111 5
b100111001111 Q
b11111100010101010 C
b10110101011 D
b1011001100101 ^
b100101100100 4
b100101100100 \
b11101001000 2
b11101001000 Z
b1000101001 o
b100001010110 ,
b100001010110 =
b100001010110 ]
b100001010110 q
b110111100100001 F
b100001110 ;
b100001110 B
b1101101011 u
b10010011100 t
b1000101001 s
b100001010110 r
b100100111110 ?
b11111100001 >
b10001101111 A
b10001101111 L
b110110100 @
b1111100001111 O
b110000010000 N
b1110011001110 P
b11110100001 :
b11110100001 K
b11110100001 M
b101101010110000000000000000 E
b1011110001111011111 J
b1010 j
b1110001100011 X
b100101100100 W
b11101001000 Y
b100001110 $
b100001110 (
b100001110 1
b100001110 V
1#
#2710000
0#
#2715000
b101000110000 6
b101000110000 R
b100100001010 p
b1111 3
b1111 [
b11101011111 .
b11101011111 9
b11101011111 l
b100100001010 "
b100100001010 )
b100100001010 -
b100100001010 8
b100100001010 n
b11111011010110100 C
b1110110101 D
b1010001100000 T
b11101011111 7
b11101011111 S
b100100001010 5
b100100001010 Q
b110100011111 ^
b11110 4
b11110 \
b101100000001 2
b101100000001 Z
b100100010000110 F
b100111001111 o
b110000010000 ,
b110000010000 =
b110000010000 ]
b110000010000 q
b100001111 ;
b100001111 B
b1011 j
b11101101010000000000000000 E
b1011110100101111010 J
b10110101011 :
b10110101011 K
b10110101011 M
b11111100001 ?
b10010110010 >
b1101001011110 O
b11101011111 N
b1110000001001 P
b110110100 A
b110110100 L
b100001010110 @
b10010011100 u
b1000101001 t
b100111001111 s
b110000010000 r
b11110 X
b110100011111 W
b101100000001 Y
b100001111 $
b100001111 (
b100001111 1
b100001111 V
1#
#2720000
0#
#2725000
b110010000110 6
b110010000110 R
b10010100001 p
b101010111000 3
b101010111000 [
b110000001011 .
b110000001011 9
b110000001011 l
b10010100001 "
b10010100001 )
b10010100001 -
b10010100001 8
b10010100001 n
b1100100001100 T
b110000001011 7
b110000001011 S
b10010100001 5
b10010100001 Q
b11111010010111110 C
b110111111 D
b1010101110000 ^
b100001101111 4
b100001101111 \
b11001001111 2
b11001001111 Z
b100100001010 o
b11101011111 ,
b11101011111 =
b11101011111 ]
b11101011111 q
b10000111101011 F
b100010000 ;
b100010000 B
b1000101001 u
b100111001111 t
b100100001010 s
b11101011111 r
b10010110010 ?
b1111 >
b100001010110 A
b100001010110 L
b110000010000 @
b1111100001010 O
b110000001011 N
b10010100001 P
b1110110101 :
b1110110101 K
b1110110101 M
b1101111110000000000000000 E
b1011110111100010101 J
b1100 j
b1101101101110 X
b100001101111 W
b11001001111 Y
b100010000 $
b100010000 (
b100010000 1
b100010000 V
1#
#2730000
0#
#2735000
b1100111 6
b1100111 R
b101001010001 p
b11010001110 3
b11010001110 [
b11001110 .
b11001110 9
b11001110 l
b101001010001 "
b101001010001 )
b101001010001 -
b101001010001 8
b101001010001 n
b11111111111001001 C
b110011001010 D
b110111001111 T
b11001110 7
b11001110 S
b101001010001 5
b101001010001 Q
b110100011100 ^
b11011 4
b11011 \
b101011111010 2
b101011111010 Z
b1111101101010000 F
b10010100001 o
b110000001011 ,
b110000001011 =
b110000001011 ]
b110000001011 q
b100010001 ;
b100010001 B
b1101 j
b1100110010100000000000000000 E
b1011111010010110000 J
b110111111 :
b110111111 K
b110111111 M
b1111 ?
b101010111000 >
b11001110 O
b110111001111 N
b101001010001 P
b110000010000 A
b110000010000 L
b11101011111 @
b100111001111 u
b100100001010 t
b10010100001 s
b110000001011 r
b11011 X
b110100011100 W
b101011111010 Y
b100010001 $
b100010001 (
b100010001 1
b100010001 V
1#
#2740000
0#
#2745000
b1110010100 6
b1110010100 R
b11110010110 p
b11110000 3
b11110000 [
b11100101000 .
b11100101000 9
b11100101000 l
b11110010110 "
b11110010110 )
b11110010110 -
b11110010110 8
b11110010110 n
b1010000101001 T
b11100101000 7
b11100101000 S
b11110010110 5
b11110010110 Q
b11111110111010011 C
b101011010100 D
b111011100001 ^
b111100000 4
b111100000 \
b110010111101 2
b110010111101 Z
b101001010001 o
b11001110 ,
b11001110 =
b11001110 ]
b11001110 q
b1101010010110101 F
b100010010 ;
b100010010 B
b100100001010 u
b10010100001 t
b101001010001 s
b11001110 r
b101010111000 ?
b11010001110 >
b11101011111 A
b11101011111 L
b110000001011 @
b11100101000 O
b1010000101001 N
b1101010010101 P
b110011001010 :
b110011001010 K
b110011001010 M
b1010110101000000000000000000 E
b1011111101001001011 J
b1110 j
b1010011011111 X
b111100000 W
b1111110111100 Y
b100010010 $
b100010010 (
b100010010 1
b100010010 V
1#
#2750000
0#
#2755000
b10011101111 6
b10011101111 R
b100110111 p
b101010011110 3
b101010011110 [
b100111011110 .
b100111011110 9
b100111011110 l
b100110111 "
b100110111 )
b100110111 -
b100110111 8
b100110111 n
b11111101111011101 C
b100011011110 D
b1011011011111 T
b100111011110 7
b100111011110 S
b100110111 5
b100110111 Q
b1010100111100 ^
b100000111011 4
b100000111011 \
b11000010101 2
b11000010101 Z
b1010111000011010 F
b11110010110 o
b11100101000 ,
b11100101000 =
b11100101000 ]
b11100101000 q
b100010011 ;
b100010011 B
b1111 j
b1000110111100000000000000000 E
b1011111111111100110 J
b101011010100 :
b101011010100 K
b101011010100 M
b11010001110 ?
b11110000 >
b100111011110 O
b1011011011111 N
b100110111 P
b110000001011 A
b110000001011 L
b11001110 @
b10010100001 u
b101001010001 t
b11110010110 s
b11100101000 r
b1101100111010 X
b100000111011 W
b11000010101 Y
b100010011 $
b100010011 (
b100010011 1
b100010011 V
1#
#2760000
0#
#2765000
b10011010110 6
b10011010110 R
b10011110001 p
b10101111001 3
b10101111001 [
b100110101100 .
b100110101100 9
b100110101100 l
b10011110001 "
b10011110001 )
b10011110001 -
b10011110001 8
b10011110001 n
b1011010101101 T
b100110101100 7
b100110101100 S
b10011110001 5
b10011110001 Q
b11111100111100111 C
b11011101000 D
b1011111110011 ^
b101011110010 4
b101011110010 \
b100011001010 2
b100011001010 Z
b100110111 o
b100111011110 ,
b100111011110 =
b100111011110 ]
b100111011110 q
b1000011101111111 F
b100010100 ;
b100010100 B
b101001010001 u
b11110010110 t
b100110111 s
b100111011110 r
b11110000 ?
b101010011110 >
b11001110 A
b11001110 L
b11100101000 @
b1110010101011 O
b100110101100 N
b1011111110000 P
b100011011110 :
b100011011110 K
b100011011110 M
b110111010000000000000000000 E
b1100000010110000001 J
b10000 j
b1110111110001 X
b101011110010 W
b100011001010 Y
b100010100 $
b100010100 (
b100010100 1
b100010100 V
1#
#2770000
0#
#2775000
b11100001000 6
b11100001000 R
b1000000 p
b101111100001 3
b101111100001 [
b100001111 .
b100001111 9
b100001111 l
b1000000 "
b1000000 )
b1000000 -
b1000000 8
b1000000 n
b11111011111110001 C
b10011110010 D
b111000010000 T
b100001111 7
b100001111 S
b1000000 5
b1000000 Q
b1011111000010 ^
b101011000001 4
b101011000001 \
b100010010111 2
b100010010111 Z
b110000011100100 F
b10011110001 o
b100110101100 ,
b100110101100 =
b100110101100 ]
b100110101100 q
b100010101 ;
b100010101 B
b10001 j
b100111100100000000000000000 E
b1100000101100011100 J
b11011101000 :
b11011101000 K
b11011101000 M
b101010011110 ?
b10101111001 >
b100001111 O
b111000010000 N
b1000000 P
b11100101000 A
b11100101000 L
b100111011110 @
b11110010110 u
b100110111 t
b10011110001 s
b100110101100 r
b1110111000000 X
b101011000001 W
b100010010111 Y
b100010101 $
b100010101 (
b100010101 1
b100010101 V
1#
#2780000
0#
#2785000
b11101101000 6
b11101101000 R
b10011101100 p
b11110010011 3
b11110010011 [
b111001111 .
b111001111 9
b111001111 l
b10011101100 "
b10011101100 )
b10011101100 -
b10011101100 8
b10011101100 n
b111011010000 T
b111001111 7
b111001111 S
b10011101100 5
b10011101100 Q
b11111010111111011 C
b1011111100 D
b111100100110 ^
b1000100101 4
b1000100101 \
b110011111010 2
b110011111010 Z
b1000000 o
b100001111 ,
b100001111 =
b100001111 ]
b100001111 q
b11101001001001 F
b100010110 ;
b100010110 B
b100110111 u
b10011110001 t
b1000000 s
b100001111 r
b10101111001 ?
b101111100001 >
b100111011110 A
b100111011110 L
b100110101100 @
b111001111 O
b111011010000 N
b10011101100 P
b10011110010 :
b10011110010 K
b10011110010 M
b10111111000000000000000000 E
b1100001000010110111 J
b10010 j
b1010100100100 X
b1000100101 W
b1111111111001 Y
b100010110 $
b100010110 (
b100010110 1
b100010110 V
1#
#2790000
0#
#2795000
b11001010100 6
b11001010100 R
b11010110000 p
b101110011 3
b101110011 [
b110010101000 .
b110010101000 9
b110010101000 l
b11010110000 "
b11010110000 )
b11010110000 -
b11010110000 8
b11010110000 n
b11111010000000101 C
b100000110 D
b1100110101001 T
b110010101000 7
b110010101000 S
b11010110000 5
b11010110000 Q
b111111100111 ^
b1011100110 4
b1011100110 \
b10111000 2
b10111000 Z
b1001110101110 F
b10011101100 o
b111001111 ,
b111001111 =
b111001111 ]
b111001111 q
b100010111 ;
b100010111 B
b10011 j
b1000001100000000000000000 E
b1100001011001010010 J
b1011111100 :
b1011111100 K
b1011111100 M
b101111100001 ?
b11110010011 >
b1111110100111 O
b110010101000 N
b11010110000 P
b100110101100 A
b100110101100 L
b100001111 @
b10011110001 u
b1000000 t
b10011101100 s
b111001111 r
b1010111100101 X
b1011100110 W
b10111000 Y
b100010111 $
b100010111 (
b100010111 1
b100010111 V
1#
#2800000
0#
#2805000
b11110001011 6
b11110001011 R
b1001 p
b11011100000 3
b11011100000 [
b1000010101 .
b1000010101 9
b1000010101 l
b1001 "
b1001 )
b1001 -
b1001 8
b1001 n
b111100010110 T
b1000010101 7
b1000010101 S
b1001 5
b1001 Q
b11111111100010000 C
b110000010001 D
b110111000000 ^
b10111111 4
b10111111 \
b101110010000 2
b101110010000 Z
b11010110000 o
b110010101000 ,
b110010101000 =
b110010101000 ]
b110010101000 q
b1110110100010011 F
b100011000 ;
b100011000 B
b1000000 u
b10011101100 t
b11010110000 s
b110010101000 r
b11110010011 ?
b101110011 >
b100001111 A
b100001111 L
b111001111 @
b1010100010100 O
b1000010101 N
b1001 P
b100000110 :
b100000110 K
b100000110 M
b1100000100010000000000000000 E
b1100001101111101101 J
b10100 j
b10111111 X
b110111000000 W
b101110010000 Y
b100011000 $
b100011000 (
b100011000 1
b100011000 V
1#
#2810000
0#
#2815000
b11011110000 6
b11011110000 R
b1010111111 p
b110010111 3
b110010111 [
b11011111 .
b11011111 9
b11011111 l
b1010111111 "
b1010111111 )
b1010111111 -
b1010111111 8
b1010111111 n
b11111110100011010 C
b101000011011 D
b110111100000 T
b11011111 7
b11011111 S
b1010111111 5
b1010111111 Q
b1000000101111 ^
b1100101110 4
b1100101110 \
b11111100 2
b11111100 Z
b1100011001111000 F
b1001 o
b1000010101 ,
b1000010101 =
b1000010101 ]
b1000010101 q
b100011001 ;
b100011001 B
b10101 j
b1010000110110000000000000000 E
b1100010000110001000 J
b110000010001 :
b110000010001 K
b110000010001 M
b101110011 ?
b11011100000 >
b11011111 O
b110111100000 N
b1010110111110 P
b111001111 A
b111001111 L
b110010101000 @
b10011101100 u
b11010110000 t
b1001 s
b1000010101 r
b1011000101101 X
b1100101110 W
b11111100 Y
b100011001 $
b100011001 (
b100011001 1
b100011001 V
1#
#2820000
0#
#2825000
b10011100001 6
b10011100001 R
b1010001101 p
b11101111101 3
b11101111101 [
b100111000010 .
b100111000010 9
b100111000010 l
b1010001101 "
b1010001101 )
b1010001101 -
b1010001101 8
b1010001101 n
b1011011000011 T
b100111000010 7
b100111000010 S
b1010001101 5
b1010001101 Q
b11111101100100100 C
b100000100101 D
b111011111010 ^
b111111001 4
b111111001 \
b110011000110 2
b110011000110 Z
b1010111111 o
b11011111 ,
b11011111 =
b11011111 ]
b11011111 q
b1001111111011101 F
b100011010 ;
b100011010 B
b11010110000 u
b1001 t
b1010111111 s
b11011111 r
b11011100000 ?
b110010111 >
b110010101000 A
b110010101000 L
b1000010101 @
b100111000010 O
b1011011000011 N
b1010001101 P
b101000011011 :
b101000011011 K
b101000011011 M
b1000001001010000000000000000 E
b1100010011100100011 J
b10110 j
b1010011111000 X
b111111001 W
b1111111000101 Y
b100011010 $
b100011010 (
b100011010 1
b100011010 V
1#
#2830000
0#
#2835000
b10100011101 6
b10100011101 R
b11011110001 p
b101111101111 3
b101111101111 [
b101000111010 .
b101000111010 9
b101000111010 l
b11011110001 "
b11011110001 )
b11011110001 -
b11011110001 8
b11011110001 n
b11111100100101110 C
b11000101111 D
b1011100111011 T
b101000111010 7
b101000111010 S
b11011110001 5
b11011110001 Q
b1011111011110 ^
b101011011101 4
b101011011101 \
b100010100111 2
b100010100111 Z
b111100101000010 F
b1010001101 o
b100111000010 ,
b100111000010 =
b100111000010 ]
b100111000010 q
b100011011 ;
b100011011 B
b10111 j
b110001011110000000000000000 E
b1100010110010111110 J
b100000100101 :
b100000100101 K
b100000100101 M
b110010111 ?
b11101111101 >
b1110100111001 O
b101000111010 N
b1100111110000 P
b1000010101 A
b1000010101 L
b11011111 @
b1001 u
b1010111111 t
b1010001101 s
b100111000010 r
b1110111011100 X
b101011011101 W
b100010100111 Y
b100011011 $
b100011011 (
b100011011 1
b100011011 V
1#
#2840000
0#
#2845000
b1110000111 6
b1110000111 R
b11110110001 p
b10110101011 3
b10110101011 [
b11100001110 .
b11100001110 9
b11100001110 l
b11110110001 "
b11110110001 )
b11110110001 -
b11110110001 8
b11110110001 n
b1010000001111 T
b11100001110 7
b11100001110 S
b11110110001 5
b11110110001 Q
b11111011100111000 C
b10000111001 D
b1100001010111 ^
b101101010110 4
b101101010110 \
b100100011110 2
b100100011110 Z
b11011110001 o
b101000111010 ,
b101000111010 =
b101000111010 ]
b101000111010 q
b101001010100111 F
b100011100 ;
b100011100 B
b1010111111 u
b1010001101 t
b11011110001 s
b101000111010 r
b11101111101 ?
b101111101111 >
b11011111 A
b11011111 L
b100111000010 @
b1101000001101 O
b11100001110 N
b1101010110000 P
b11000101111 :
b11000101111 K
b11000101111 M
b100001110010000000000000000 E
b1100011001001011001 J
b11000 j
b1111001010101 X
b101101010110 W
b100100011110 Y
b100011100 $
b100011100 (
b100011100 1
b100011100 V
1#
#2850000
0#
#2855000
b1111101 6
b1111101 R
b10110001001 p
b101010010110 3
b101010010110 [
b11111010 .
b11111010 9
b11111010 l
b10110001001 "
b10110001001 )
b10110001001 -
b10110001001 8
b10110001001 n
b11111010101000010 C
b1001000011 D
b110111111011 T
b11111010 7
b11111010 S
b10110001001 5
b10110001001 Q
b1010100101100 ^
b100000101011 4
b100000101011 \
b10111110001 2
b10111110001 Z
b10110000001100 F
b11110110001 o
b11100001110 ,
b11100001110 =
b11100001110 ]
b11100001110 q
b100011101 ;
b100011101 B
b11001 j
b10010000110000000000000000 E
b1100011011111110100 J
b10000111001 :
b10000111001 K
b10000111001 M
b101111101111 ?
b10110101011 >
b11111010 O
b110111111011 N
b10110001001 P
b100111000010 A
b100111000010 L
b101000111010 @
b1010001101 u
b11011110001 t
b11110110001 s
b11100001110 r
b1101100101010 X
b100000101011 W
b10111110001 Y
b100011101 $
b100011101 (
b100011101 1
b100011101 V
1#
#2860000
0#
#2865000
b110010111111 6
b110010111111 R
b11111110111 p
b100001100 3
b100001100 [
b110001111101 .
b110001111101 9
b110001111101 l
b11111110111 "
b11111110111 )
b11111110111 -
b11111110111 8
b11111110111 n
b1100101111110 T
b110001111101 7
b110001111101 S
b11111110111 5
b11111110111 Q
b11111001101001100 C
b1001101 D
b111100011001 ^
b1000011000 4
b1000011000 \
b110011011101 2
b110011011101 Z
b10110001001 o
b11111010 ,
b11111010 =
b11111010 ]
b11111010 q
b10101110001 F
b100011110 ;
b100011110 B
b11011110001 u
b11110110001 t
b10110001001 s
b11111010 r
b10110101011 ?
b101010010110 >
b101000111010 A
b101000111010 L
b11100001110 @
b1111101111100 O
b110001111101 N
b11111110111 P
b1001000011 :
b1001000011 K
b1001000011 M
b10011010000000000000000 E
b1100011110110001111 J
b11010 j
b1010100010111 X
b1000011000 W
b1111111011100 Y
b100011110 $
b100011110 (
b100011110 1
b100011110 V
1#
#2870000
0#
#2875000
b101000101110 6
b101000101110 R
b11011000001 p
b11011001110 3
b11011001110 [
b11101011011 .
b11101011011 9
b11101011011 l
b11011000001 "
b11011000001 )
b11011000001 -
b11011000001 8
b11011000001 n
b11111111001010111 C
b101101011000 D
b1010001011100 T
b11101011011 7
b11101011011 S
b11011000001 5
b11011000001 Q
b110110011100 ^
b10011011 4
b10011011 \
b101101011110 2
b101101011110 Z
b1101111011010110 F
b11111110111 o
b110001111101 ,
b110001111101 =
b110001111101 ]
b110001111101 q
b100011111 ;
b100011111 B
b11011 j
b1011010110000000000000000000 E
b1100100001100101010 J
b1001101 :
b1001101 K
b1001101 M
b101010010110 ?
b100001100 >
b1101001011010 O
b11101011011 N
b11011000001 P
b11100001110 A
b11100001110 L
b11111010 @
b11110110001 u
b10110001001 t
b11111110111 s
b110001111101 r
b10011011 X
b110110011100 W
b101101011110 Y
b100011111 $
b100011111 (
b100011111 1
b100011111 V
1#
#2880000
0#
#2885000
b11000101001 6
b11000101001 R
b1010100011 p
b101010111110 3
b101010111110 [
b110001010010 .
b110001010010 9
b110001010010 l
b1010100011 "
b1010100011 )
b1010100011 -
b1010100011 8
b1010100011 n
b1100101010011 T
b110001010010 7
b110001010010 S
b1010100011 5
b1010100011 Q
b11111110001100001 C
b100101100010 D
b1010101111100 ^
b100001111011 4
b100001111011 \
b11000111011 2
b11000111011 Z
b11011000001 o
b11101011011 ,
b11101011011 =
b11101011011 ]
b11101011011 q
b1011100000111011 F
b100100000 ;
b100100000 B
b10110001001 u
b11111110111 t
b11011000001 s
b11101011011 r
b100001100 ?
b11011001110 >
b11111010 A
b11111010 L
b110001111101 @
b1111101010001 O
b110001010010 N
b1010110100010 P
b101101011000 :
b101101011000 K
b101101011000 M
b1001011000100000000000000000 E
b1100100100011000101 J
b11100 j
b1101101111010 X
b100001111011 W
b11000111011 Y
b100100000 $
b100100000 (
b100100000 1
b100100000 V
1#
#2890000
0#
#2895000
b10001101111 6
b10001101111 R
b1100011011 p
b111001 3
b111001 [
b100011011110 .
b100011011110 9
b100011011110 l
b1100011011 "
b1100011011 )
b1100011011 -
b1100011011 8
b1100011011 n
b11111101001101011 C
b11101101100 D
b1010111011111 T
b100011011110 7
b100011011110 S
b1100011011 5
b1100011011 Q
b110101110011 ^
b1110010 4
b1110010 \
b101100110001 2
b101100110001 Z
b1001000110100000 F
b1010100011 o
b110001010010 ,
b110001010010 =
b110001010010 ]
b110001010010 q
b100100001 ;
b100100001 B
b11101 j
b111011011000000000000000000 E
b1100100111001100000 J
b100101100010 :
b100101100010 K
b100101100010 M
b11011001110 ?
b101010111110 >
b100011011110 O
b1010111011111 N
b1100011011 P
b110001111101 A
b110001111101 L
b11101011011 @
b11111110111 u
b11011000001 t
b1010100011 s
b110001010010 r
b1110010 X
b110101110011 W
b101100110001 Y
b100100001 $
b100100001 (
b100100001 1
b100100001 V
1#
#2900000
0#
#2905000
b11100011 6
b11100011 R
b110011110000 p
b10100000000 3
b10100000000 [
b111000110 .
b111000110 9
b111000110 l
b110011110000 "
b110011110000 )
b110011110000 -
b110011110000 8
b110011110000 n
b111011000111 T
b111000110 7
b111000110 S
b110011110000 5
b110011110000 Q
b11111100001110101 C
b10101110110 D
b1011100000001 ^
b101000000000 4
b101000000000 \
b11110111100 2
b11110111100 Z
b1100011011 o
b100011011110 ,
b100011011110 =
b100011011110 ]
b100011011110 q
b110101100000101 F
b100100010 ;
b100100010 B
b11011000001 u
b1010100011 t
b1100011011 s
b100011011110 r
b101010111110 ?
b111001 >
b11101011011 A
b11101011011 L
b110001010010 @
b111000110 O
b111011000111 N
b1111111101111 P
b11101101100 :
b11101101100 K
b11101101100 M
b101011101100000000000000000 E
b1100101001111111011 J
b11110 j
b1110011111111 X
b101000000000 W
b11110111100 Y
b100100010 $
b100100010 (
b100100010 1
b100100010 V
1#
#2910000
0#
#2915000
b100011100100 6
b100011100100 R
b11011011100 p
b11111110101 3
b11111110101 [
b10011000111 .
b10011000111 9
b10011000111 l
b11011011100 "
b11011011100 )
b11011011100 -
b11011011100 8
b11011011100 n
b11111011001111111 C
b1110000000 D
b1000111001000 T
b10011000111 7
b10011000111 S
b11011011100 5
b11011011100 Q
b111111101010 ^
b1011101001 4
b1011101001 \
b10100011 2
b10100011 Z
b100010001101010 F
b110011110000 o
b111000110 ,
b111000110 =
b111000110 ]
b111000110 q
b100100011 ;
b100100011 B
b11111 j
b11100000000000000000000000 E
b1100101100110010110 J
b10101110110 :
b10101110110 K
b10101110110 M
b111001 ?
b10100000000 >
b10011000111 O
b1000111001000 N
b11011011100 P
b110001010010 A
b110001010010 L
b100011011110 @
b1010100011 u
b1100011011 t
b110011110000 s
b111000110 r
b1010111101000 X
b1011101001 W
b10100011 Y
b100100011 $
b100100011 (
b100100011 1
b100100011 V
1#
#2920000
0#
#2925000
b11000101111 6
b11000101111 R
b10101011110 p
b100101110110 3
b100101110110 [
b110001011110 .
b110001011110 9
b110001011110 l
b10101011110 "
b10101011110 )
b10101011110 -
b10101011110 8
b10101011110 n
b1100101011111 T
b110001011110 7
b110001011110 S
b10101011110 5
b10101011110 Q
b11111010010001001 C
b110001010 D
b100011111100 *
b100011111100 <
b100011111100 G
b100011111100 `
b101 +
b101 a
b1001011101100 ^
b10111101011 4
b10111101011 \
b1110100011 2
b1110100011 Z
b11011011100 o
b10011000111 ,
b10011000111 =
b10011000111 ]
b10011000111 q
b1110111001111 F
b1 h
b100100100 ;
b100100100 B
b1100011011 u
b110011110000 t
b11011011100 s
b10011000111 r
b10100000000 ?
b11111110101 >
b100011011110 A
b100011011110 L
b111000110 @
b1111101011101 O
b110001011110 N
b10101011110 P
b1110000000 :
b1110000000 K
b1110000000 M
b1100010100000000000000000 E
b1100101111100110001 J
b100000 j
b1100011101010 X
b10111101011 W
b1110100011 Y
b100100100 $
b100100100 (
b100100100 1
b100100100 V
1#
#2930000
0#
#2935000
b110101000 6
b110101000 R
b111100 p
b1000001 3
b1000001 [
b1101010000 .
b1101010000 9
b1101010000 l
b111100 "
b111100 )
b111100 -
b111100 8
b111100 n
b1000001010001 T
b1101010000 7
b1101010000 S
b111100 5
b111100 Q
b110110000011 ^
b10000010 4
b10000010 \
b101100111001 2
b101100111001 Z
b111000010010000 F
b11111100011000001 C
b10111000010 D
b10101011110 o
b110001011110 ,
b110001011110 =
b110001011110 ]
b110001011110 q
b100100101 ;
b100100101 B
b100001 j
b101110000100000000000000000 E
b10100011111101110000 J
b110001010 :
b110001010 K
b110001010 M
b11111110101 ?
b100101110110 >
b1011001001111 O
b1101010000 N
b111100 P
b111000110 A
b111000110 L
b10011000111 @
b110011110000 u
b11011011100 t
b10101011110 s
b110001011110 r
b10000010 X
b110110000011 W
b101100111001 Y
b100100101 $
b100100101 (
b100100101 1
b100100101 V
1#
#2940000
0#
#2945000
b101111000101 6
b101111000101 R
b110000000110 p
b1000111011 3
b1000111011 [
b101010001001 .
b101010001001 9
b101010001001 l
b110000000110 "
b110000000110 )
b110000000110 -
b110000000110 8
b110000000110 n
b1011110001010 T
b101010001001 7
b101010001001 S
b110000000110 5
b110000000110 Q
b11111010110101000 C
b1010101001 D
b1000101110111 ^
b10001110110 4
b10001110110 \
b1000101010 2
b1000101010 Z
b111100 o
b1101010000 ,
b1101010000 =
b1101010000 ]
b1101010000 q
b11001110010100 F
b100100110 ;
b100100110 B
b11011011100 u
b10101011110 t
b111100 s
b1101010000 r
b100101110110 ?
b1000001 >
b10011000111 A
b10011000111 L
b110001011110 @
b1110110001000 O
b101010001001 N
b1111100000101 P
b10111000010 :
b10111000010 K
b10111000010 M
b10101010010000000000000000 E
b10100100100001101100 J
b100010 j
b1011101110101 X
b10001110110 W
b1000101010 Y
b100100110 $
b100100110 (
b100100110 1
b100100110 V
1#
#2950000
0#
#2955000
b100000011 6
b100000011 R
b100110110101 p
b10111011000 3
b10111011000 [
b1000000110 .
b1000000110 9
b1000000110 l
b100110110101 "
b100110110101 )
b100110110101 -
b100110110101 8
b100110110101 n
b11111111110010000 C
b110010010001 D
b111100000111 T
b1000000110 7
b1000000110 S
b100110110101 5
b100110110101 Q
b1100010110001 ^
b101110110000 4
b101110110000 \
b100101100010 2
b100101100010 Z
b1111011010011000 F
b110000000110 o
b101010001001 ,
b101010001001 =
b101010001001 ]
b101010001001 q
b100100111 ;
b100100111 B
b100011 j
b1100100100010000000000000000 E
b10100101000101101000 J
b1010101001 :
b1010101001 K
b1010101001 M
b1000001 ?
b1000111011 >
b1000000110 O
b111100000111 N
b100110110101 P
b110001011110 A
b110001011110 L
b1101010000 @
b10101011110 u
b111100 t
b110000000110 s
b101010001001 r
b1111010101111 X
b101110110000 W
b100101100010 Y
b100100111 $
b100100111 (
b100100111 1
b100100111 V
1#
#2960000
0#
#2965000
b101110000 6
b101110000 R
b1111000000 p
b110010111 3
b110010111 [
b1011100000 .
b1011100000 9
b1011100000 l
b1111000000 "
b1111000000 )
b1111000000 -
b1111000000 8
b1111000000 n
b111111100001 T
b1011100000 7
b1011100000 S
b1111000000 5
b1111000000 Q
b11111110001110111 C
b100101111000 D
b1000000101111 ^
b1100101110 4
b1100101110 \
b11011110 2
b11011110 Z
b100110110101 o
b1000000110 ,
b1000000110 =
b1000000110 ]
b1000000110 q
b1011100110011100 F
b100101000 ;
b100101000 B
b111100 u
b110000000110 t
b100110110101 s
b1000000110 r
b1000111011 ?
b10111011000 >
b1101010000 A
b1101010000 L
b101010001001 @
b1011100000 O
b111111100001 N
b1011010111111 P
b110010010001 :
b110010010001 K
b110010010001 M
b1001011110000000000000000000 E
b10100101101001100100 J
b100100 j
b1011000101101 X
b1100101110 W
b11011110 Y
b100101000 $
b100101000 (
b100101000 1
b100101000 V
1#
#2970000
0#
#2975000
b1110000000 6
b1110000000 R
b100010001 p
b100010000101 3
b100010000101 [
b11100000000 .
b11100000000 9
b11100000000 l
b100010001 "
b100010001 )
b100010001 -
b100010001 8
b100010001 n
b11111100101011110 C
b11001011111 D
b1010000000001 T
b11100000000 7
b11100000000 S
b100010001 5
b100010001 Q
b1000100001010 ^
b10000001001 4
b10000001001 \
b110110111 2
b110110111 Z
b111110010100000 F
b1111000000 o
b1011100000 ,
b1011100000 =
b1011100000 ]
b1011100000 q
b100101001 ;
b100101001 B
b100101 j
b110010111110000000000000000 E
b10100110001101100000 J
b100101111000 :
b100101111000 K
b100101111000 M
b10111011000 ?
b110010111 >
b11100000000 O
b1010000000001 N
b100010001 P
b101010001001 A
b101010001001 L
b1000000110 @
b110000000110 u
b100110110101 t
b1111000000 s
b1011100000 r
b1011100001000 X
b10000001001 W
b110110111 Y
b100101001 $
b100101001 (
b100101001 1
b100101001 V
1#
#2980000
0#
#2985000
b101010110011 6
b101010110011 R
b100010101000 p
b10000010101 3
b10000010101 [
b100001100101 .
b100001100101 9
b100001100101 l
b100010101000 "
b100010101000 )
b100010101000 -
b100010101000 8
b100010101000 n
b1010101100110 T
b100001100101 7
b100001100101 S
b100010101000 5
b100010101000 Q
b11111011001000101 C
b1101000110 D
b1010100101011 ^
b100000101010 4
b100000101010 \
b10111010110 2
b10111010110 Z
b100010001 o
b11100000000 ,
b11100000000 =
b11100000000 ]
b11100000000 q
b11111110100100 F
b100101010 ;
b100101010 B
b100110110101 u
b1111000000 t
b100010001 s
b11100000000 r
b110010111 ?
b100010000101 >
b1000000110 A
b1000000110 L
b1011100000 @
b1101101100100 O
b100001100101 N
b1101110100111 P
b11001011111 :
b11001011111 K
b11001011111 M
b11010001100000000000000000 E
b10100110110001011100 J
b100110 j
b1101100101001 X
b100000101010 W
b10111010110 Y
b100101010 $
b100101010 (
b100101010 1
b100101010 V
1#
#2990000
0#
#2995000
b1100010011 6
b1100010011 R
b110010011011 p
b10011001000 3
b10011001000 [
b11000100110 .
b11000100110 9
b11000100110 l
b110010011011 "
b110010011011 )
b110010011011 -
b110010011011 8
b110010011011 n
b11111001100101100 C
b101101 D
b1001100100111 T
b11000100110 7
b11000100110 S
b110010011011 5
b110010011011 Q
b1011010010001 ^
b100110010000 4
b100110010000 \
b11100111010 2
b11100111010 Z
b1010101000 F
b100010101000 o
b100001100101 ,
b100001100101 =
b100001100101 ]
b100001100101 q
b100101011 ;
b100101011 B
b100111 j
b1011010000000000000000 E
b10100111010101011000 J
b1101000110 :
b1101000110 K
b1101000110 M
b100010000101 ?
b10000010101 >
b1100100100101 O
b11000100110 N
b1111110011010 P
b1011100000 A
b1011100000 L
b11100000000 @
b1111000000 u
b100010001 t
b100010101000 s
b100001100101 r
b1110010001111 X
b100110010000 W
b11100111010 Y
b100101011 $
b100101011 (
b100101011 1
b100101011 V
1#
#3000000
0#
#3005000
b101000010111 6
b101000010111 R
b11011010011 p
b1110101001 3
b1110101001 [
b11100101101 .
b11100101101 9
b11100101101 l
b11011010011 "
b11011010011 )
b11011010011 -
b11011010011 8
b11011010011 n
b1010000101110 T
b11100101101 7
b11100101101 S
b11011010011 5
b11011010011 Q
b11111110100010100 C
b101000010101 D
b1010001010011 ^
b11101010010 4
b11101010010 \
b10011111010 2
b10011111010 Z
b110010011011 o
b11000100110 ,
b11000100110 =
b11000100110 ]
b11000100110 q
b1100010110101100 F
b100101100 ;
b100101100 B
b100010001 u
b100010101000 t
b110010011011 s
b11000100110 r
b10000010101 ?
b10011001000 >
b11100000000 A
b11100000000 L
b100001100101 @
b1101000101100 O
b11100101101 N
b11011010011 P
b101101 :
b101101 K
b101101 M
b1010000101010000000000000000 E
b10100111111001010100 J
b101000 j
b1101001010001 X
b11101010010 W
b10011111010 Y
b100101100 $
b100101100 (
b100101100 1
b100101100 V
1#
#3010000
0#
#3015000
b100100111101 6
b100100111101 R
b101101010001 p
b10000101101 3
b10000101101 [
b10101111001 .
b10101111001 9
b10101111001 l
b101101010001 "
b101101010001 )
b101101010001 -
b101101010001 8
b101101010001 n
b11111100111111011 C
b11011111100 D
b1001001111010 T
b10101111001 7
b10101111001 S
b101101010001 5
b101101010001 Q
b1010101011011 ^
b100001011010 4
b100001011010 \
b11000000000 2
b11000000000 Z
b1000100010110000 F
b11011010011 o
b11100101101 ,
b11100101101 =
b11100101101 ]
b11100101101 q
b100101101 ;
b100101101 B
b101001 j
b110111111000000000000000000 E
b10101000011101010000 J
b101000010101 :
b101000010101 K
b101000010101 M
b10011001000 ?
b1110101001 >
b10101111001 O
b1001001111010 N
b1111001010000 P
b100001100101 A
b100001100101 L
b11000100110 @
b100010101000 u
b110010011011 t
b11011010011 s
b11100101101 r
b1101101011001 X
b100001011010 W
b11000000000 Y
b100101101 $
b100101101 (
b100101101 1
b100101101 V
1#
#3020000
0#
#3025000
b11010010001 6
b11010010001 R
b110000101011 p
b100111010100 3
b100111010100 [
b100001 .
b100001 9
b100001 l
b110000101011 "
b110000101011 )
b110000101011 -
b110000101011 8
b110000101011 n
b110100100010 T
b100001 7
b100001 S
b110000101011 5
b110000101011 Q
b11111011011100010 C
b1111100011 D
b1001110101000 ^
b11010100111 4
b11010100111 \
b10001001011 2
b10001001011 Z
b101101010001 o
b10101111001 ,
b10101111001 =
b10101111001 ]
b10101111001 q
b100101110110100 F
b100101110 ;
b100101110 B
b110010011011 u
b11011010011 t
b101101010001 s
b10101111001 r
b1110101001 ?
b10000101101 >
b11000100110 A
b11000100110 L
b11100101101 @
b100001 O
b110100100010 N
b1111100101010 P
b11011111100 :
b11011111100 K
b11011111100 M
b11111000110000000000000000 E
b10101001000001001100 J
b101010 j
b1100110100110 X
b11010100111 W
b10001001011 Y
b100101110 $
b100101110 (
b100101110 1
b100101110 V
1#
#3030000
0#
#3035000
b10110001000 6
b10110001000 R
b1101001010 p
b10101000 3
b10101000 [
b101100010000 .
b101100010000 9
b101100010000 l
b1101001010 "
b1101001010 )
b1101001010 -
b1101001010 8
b1101001010 n
b11111001111001001 C
b11001010 D
b1100000010001 T
b101100010000 7
b101100010000 S
b1101001010 5
b1101001010 Q
b111001010001 ^
b101010000 4
b101010000 \
b101111110011 2
b101111110011 Z
b111010111000 F
b110000101011 o
b100001 ,
b100001 =
b100001 ]
b100001 q
b100101111 ;
b100101111 B
b101011 j
b110010100000000000000000 E
b10101001100101001000 J
b1111100011 :
b1111100011 K
b1111100011 M
b10000101101 ?
b100111010100 >
b1111000001111 O
b101100010000 N
b1101001010 P
b11100101101 A
b11100101101 L
b10101111001 @
b11011010011 u
b101101010001 t
b110000101011 s
b100001 r
b1010001001111 X
b101010000 W
b1111011110010 Y
b100101111 $
b100101111 (
b100101111 1
b100101111 V
1#
#3040000
0#
#3045000
b100110100010 6
b100110100010 R
b10010101111 p
b11000100000 3
b11000100000 [
b11001000011 .
b11001000011 9
b11001000011 l
b10010101111 "
b10010101111 )
b10010101111 -
b10010101111 8
b10010101111 n
b1001101000100 T
b11001000011 7
b11001000011 S
b10010101111 5
b10010101111 Q
b11111110110110001 C
b101010110010 D
b1100101000001 ^
b110001000000 4
b110001000000 \
b100111100000 2
b100111100000 Z
b1101001010 o
b101100010000 ,
b101100010000 =
b101100010000 ]
b101100010000 q
b1101000110111100 F
b100110000 ;
b100110000 B
b101101010001 u
b110000101011 t
b1101001010 s
b101100010000 r
b100111010100 ?
b10101000 >
b10101111001 A
b10101111001 L
b100001 @
b1100101000010 O
b11001000011 N
b10010101111 P
b11001010 :
b11001010 K
b11001010 M
b1010101100100000000000000000 E
b10101010001001000100 J
b101100 j
b1111100111111 X
b110001000000 W
b100111100000 Y
b100110000 $
b100110000 (
b100110000 1
b100110000 V
1#
#3050000
0#
#3055000
b101111101010 6
b101111101010 R
b1001110000 p
b1110111010 3
b1110111010 [
b101011010011 .
b101011010011 9
b101011010011 l
b1001110000 "
b1001110000 )
b1001110000 -
b1001110000 8
b1001110000 n
b11111101010011000 C
b11110011001 D
b1011111010100 T
b101011010011 7
b101011010011 S
b1001110000 5
b1001110000 Q
b1010001110101 ^
b11101110100 4
b11101110100 \
b10100010010 2
b10100010010 Z
b1001010011000000 F
b10010101111 o
b11001000011 ,
b11001000011 =
b11001000011 ]
b11001000011 q
b100110001 ;
b100110001 B
b101101 j
b111100110010000000000000000 E
b10101010101101000000 J
b101010110010 :
b101010110010 K
b101010110010 M
b10101000 ?
b11000100000 >
b1110111010010 O
b101011010011 N
b1010101101111 P
b100001 A
b100001 L
b101100010000 @
b110000101011 u
b1101001010 t
b10010101111 s
b11001000011 r
b1101001110011 X
b11101110100 W
b10100010010 Y
b100110001 $
b100110001 (
b100110001 1
b100110001 V
1#
#3060000
0#
#3065000
b1011010100 6
b1011010100 R
b1101110111 p
b110010000011 3
b110010000011 [
b10110101000 .
b10110101000 9
b10110101000 l
b1101110111 "
b1101110111 )
b1101110111 -
b1101110111 8
b1101110111 n
b1001010101001 T
b10110101000 7
b10110101000 S
b1101110111 5
b1101110111 Q
b11111011101111111 C
b10010000000 D
b1100100000110 ^
b110000000101 4
b110000000101 \
b100110100001 2
b100110100001 Z
b1001110000 o
b101011010011 ,
b101011010011 =
b101011010011 ]
b101011010011 q
b101011111000100 F
b100110010 ;
b100110010 B
b1101001010 u
b10010101111 t
b1001110000 s
b101011010011 r
b11000100000 ?
b1110111010 >
b101100010000 A
b101100010000 L
b11001000011 @
b10110101000 O
b1001010101001 N
b1101110111 P
b11110011001 :
b11110011001 K
b11110011001 M
b100100000000000000000000000 E
b10101011010000111100 J
b101110 j
b1111100000100 X
b110000000101 W
b100110100001 Y
b100110010 $
b100110010 (
b100110010 1
b100110010 V
1#
#3070000
0#
#3075000
b101111100010 6
b101111100010 R
b111000011 p
b100111101110 3
b100111101110 [
b101011000011 .
b101011000011 9
b101011000011 l
b111000011 "
b111000011 )
b111000011 -
b111000011 8
b111000011 n
b11111010001100110 C
b101100111 D
b1011111000100 T
b101011000011 7
b101011000011 S
b111000011 5
b111000011 Q
b1001111011100 ^
b11011011011 4
b11011011011 \
b10001110101 2
b10001110101 Z
b1101011001000 F
b1101110111 o
b10110101000 ,
b10110101000 =
b10110101000 ]
b10110101000 q
b100110011 ;
b100110011 B
b101111 j
b1011001110000000000000000 E
b10101011110100111000 J
b10010000000 :
b10010000000 K
b10010000000 M
b1110111010 ?
b110010000011 >
b1110111000010 O
b101011000011 N
b111000011 P
b11001000011 A
b11001000011 L
b101011010011 @
b10010101111 u
b1001110000 t
b1101110111 s
b10110101000 r
b1100111011010 X
b11011011011 W
b10001110101 Y
b100110011 $
b100110011 (
b100110011 1
b100110011 V
1#
#3080000
0#
#3085000
b11000011101 6
b11000011101 R
b100101101100 p
b110001111100 3
b110001111100 [
b110000111010 .
b110000111010 9
b110000111010 l
b100101101100 "
b100101101100 )
b100101101100 -
b100101101100 8
b100101101100 n
b1100100111011 T
b110000111010 7
b110000111010 S
b100101101100 5
b100101101100 Q
b11111111001001110 C
b101101001111 D
b1100011111000 ^
b101111110111 4
b101111110111 \
b100110001111 2
b100110001111 Z
b111000011 o
b101011000011 ,
b101011000011 =
b101011000011 ]
b101011000011 q
b1101110111001100 F
b100110100 ;
b100110100 B
b1001110000 u
b1101110111 t
b111000011 s
b101011000011 r
b110010000011 ?
b100111101110 >
b101011010011 A
b101011010011 L
b10110101000 @
b1111100111001 O
b110000111010 N
b100101101100 P
b101100111 :
b101100111 K
b101100111 M
b1011010011110000000000000000 E
b10101100011000110100 J
b110000 j
b1111011110110 X
b101111110111 W
b100110001111 Y
b100110100 $
b100110100 (
b100110100 1
b100110100 V
1#
#3090000
0#
#3095000
b111111011 6
b111111011 R
b11101011010 p
b110111 3
b110111 [
b1111110110 .
b1111110110 9
b1111110110 l
b11101011010 "
b11101011010 )
b11101011010 -
b11101011010 8
b11101011010 n
b11111101100110101 C
b100000110110 D
b1000011110111 T
b1111110110 7
b1111110110 S
b11101011010 5
b11101011010 Q
b110101101111 ^
b1101110 4
b1101110 \
b101100000101 2
b101100000101 Z
b1010000011010000 F
b100101101100 o
b110000111010 ,
b110000111010 =
b110000111010 ]
b110000111010 q
b100110101 ;
b100110101 B
b110001 j
b1000001101100000000000000000 E
b10101100111100110000 J
b101101001111 :
b101101001111 K
b101101001111 M
b100111101110 ?
b110001111100 >
b1111110110 O
b1000011110111 N
b1101001011001 P
b10110101000 A
b10110101000 L
b101011000011 @
b1101110111 u
b111000011 t
b100101101100 s
b110000111010 r
b1101110 X
b110101101111 W
b101100000101 Y
b100110101 $
b100110101 (
b100110101 1
b100110101 V
1#
#3100000
0#
#3105000
b1011111100 6
b1011111100 R
b1010001101 p
b1010010110 3
b1010010110 [
b10111111000 .
b10111111000 9
b10111111000 l
b1010001101 "
b1010001101 )
b1010001101 -
b1010001101 8
b1010001101 n
b1001011111001 T
b10111111000 7
b10111111000 S
b1010001101 5
b1010001101 Q
b11111100000011100 C
b10100011101 D
b1001000101101 ^
b10100101100 4
b10100101100 \
b1011000000 2
b1011000000 Z
b11101011010 o
b1111110110 ,
b1111110110 =
b1111110110 ]
b1111110110 q
b110001111010100 F
b100110110 ;
b100110110 B
b111000011 u
b100101101100 t
b11101011010 s
b1111110110 r
b110001111100 ?
b110111 >
b101011000011 A
b101011000011 L
b110000111010 @
b10111111000 O
b1001011111001 N
b1010001101 P
b100000110110 :
b100000110110 K
b100000110110 M
b101000111010000000000000000 E
b10101101100000101100 J
b110010 j
b1100000101011 X
b10100101100 W
b1011000000 Y
b100110110 $
b100110110 (
b100110110 1
b100110110 V
1#
#3110000
0#
#3115000
b1000101011 6
b1000101011 R
b11100011101 p
b101000011000 3
b101000011000 [
b10001010110 .
b10001010110 9
b10001010110 l
b11100011101 "
b11100011101 )
b11100011101 -
b11100011101 8
b11100011101 n
b11111010100000011 C
b1000000100 D
b1000101010111 T
b10001010110 7
b10001010110 S
b11100011101 5
b11100011101 Q
b1010000110000 ^
b11100101111 4
b11100101111 \
b10011000001 2
b10011000001 Z
b10011011011000 F
b1010001101 o
b10111111000 ,
b10111111000 =
b10111111000 ]
b10111111000 q
b100110111 ;
b100110111 B
b110011 j
b10000001000000000000000000 E
b10101110000100101000 J
b10100011101 :
b10100011101 K
b10100011101 M
b110111 ?
b1010010110 >
b10001010110 O
b1000101010111 N
b11100011101 P
b110000111010 A
b110000111010 L
b1111110110 @
b100101101100 u
b11101011010 t
b1010001101 s
b10111111000 r
b1101000101110 X
b11100101111 W
b10011000001 Y
b100110111 $
b100110111 (
b100110111 1
b100110111 V
1#
#3120000
0#
#3125000
b1011111101 6
b1011111101 R
b111110010 p
b1011000111 3
b1011000111 [
b10111111010 .
b10111111010 9
b10111111010 l
b111110010 "
b111110010 )
b111110010 -
b111110010 8
b111110010 n
b1001011111011 T
b10111111010 7
b10111111010 S
b111110010 5
b111110010 Q
b11111111011101011 C
b101111101100 D
b1001010001111 ^
b10110001110 4
b10110001110 \
b1100011110 2
b1100011110 Z
b11100011101 o
b10001010110 ,
b10001010110 =
b10001010110 ]
b10001010110 q
b1110100111011100 F
b100111000 ;
b100111000 B
b11101011010 u
b1010001101 t
b11100011101 s
b10001010110 r
b1010010110 ?
b101000011000 >
b1111110110 A
b1111110110 L
b10111111000 @
b1100011111001 O
b10111111010 N
b111110010 P
b1000000100 :
b1000000100 K
b1000000100 M
b1011111011000000000000000000 E
b10101110101000100100 J
b110100 j
b1100010001101 X
b10110001110 W
b1100011110 Y
b100111000 $
b100111000 (
b100111000 1
b100111000 V
1#
#3130000
0#
#3135000
b100011110010 6
b100011110010 R
b11100001101 p
b101000011010 3
b101000011010 [
b10011100011 .
b10011100011 9
b10011100011 l
b11100001101 "
b11100001101 )
b11100001101 -
b11100001101 8
b11100001101 n
b11111101111010010 C
b100011010011 D
b1000111100100 T
b10011100011 7
b10011100011 S
b11100001101 5
b11100001101 Q
b1010000110100 ^
b11100110011 4
b11100110011 \
b10011000001 2
b10011000001 Z
b1010110011100000 F
b111110010 o
b10111111010 ,
b10111111010 =
b10111111010 ]
b10111111010 q
b100111001 ;
b100111001 B
b110101 j
b1000110100110000000000000000 E
b10101111001100100000 J
b101111101100 :
b101111101100 K
b101111101100 M
b101000011000 ?
b1011000111 >
b10011100011 O
b1000111100100 N
b1101000001100 P
b10111111000 A
b10111111000 L
b10001010110 @
b1010001101 u
b11100011101 t
b111110010 s
b10111111010 r
b1101000110010 X
b11100110011 W
b10011000001 Y
b100111001 $
b100111001 (
b100111001 1
b100111001 V
1#
#3140000
0#
#3145000
b10100 6
b10100 R
b100010000100 p
b100110001111 3
b100110001111 [
b101000 .
b101000 9
b101000 l
b100010000100 "
b100010000100 )
b100010000100 -
b100010000100 8
b100010000100 n
b110100101001 T
b101000 7
b101000 S
b100010000100 5
b100010000100 Q
b11111100010111001 C
b10110111010 D
b1001100011110 ^
b11000011101 4
b11000011101 \
b1110101001 2
b1110101001 Z
b11100001101 o
b10011100011 ,
b10011100011 =
b10011100011 ]
b10011100011 q
b110111111100100 F
b100111010 ;
b100111010 B
b11100011101 u
b111110010 t
b11100001101 s
b10011100011 r
b1011000111 ?
b101000011010 >
b10001010110 A
b10001010110 L
b10111111010 @
b101000 O
b110100101001 N
b1101110000011 P
b100011010011 :
b100011010011 K
b100011010011 M
b101101110100000000000000000 E
b10101111110000011100 J
b110110 j
b1100100011100 X
b11000011101 W
b1110101001 Y
b100111010 $
b100111010 (
b100111010 1
b100111010 V
1#
#3150000
0#
#3155000
b10111011010 6
b10111011010 R
b1000000 p
b11100110010 3
b11100110010 [
b101110110100 .
b101110110100 9
b101110110100 l
b1000000 "
b1000000 )
b1000000 -
b1000000 8
b1000000 n
b11111010110100000 C
b1010100001 D
b1100010110101 T
b101110110100 7
b101110110100 S
b1000000 5
b1000000 Q
b111001100100 ^
b101100011 4
b101100011 \
b101111101110 2
b101111101110 Z
b11001011101000 F
b100010000100 o
b101000 ,
b101000 =
b101000 ]
b101000 q
b100111011 ;
b100111011 B
b110111 j
b10101000010000000000000000 E
b10110000010100011000 J
b10110111010 :
b10110111010 K
b10110111010 M
b101000011010 ?
b100110001111 >
b1111010110011 O
b101110110100 N
b1000000 P
b10111111010 A
b10111111010 L
b10011100011 @
b111110010 u
b11100001101 t
b100010000100 s
b101000 r
b1010001100010 X
b101100011 W
b1111011101101 Y
b100111011 $
b100111011 (
b100111011 1
b100111011 V
1#
#3160000
0#
#3165000
b1111000010 6
b1111000010 R
b1001000010 p
b11001111000 3
b11001111000 [
b11110000100 .
b11110000100 9
b11110000100 l
b1001000010 "
b1001000010 )
b1001000010 -
b1001000010 8
b1001000010 n
b1010010000101 T
b11110000100 7
b11110000100 S
b1001000010 5
b1001000010 Q
b11111111110001000 C
b110010001001 D
b1100111110001 ^
b110011110000 4
b110011110000 \
b101001111000 2
b101001111000 Z
b1000000 o
b101110110100 ,
b101110110100 =
b101110110100 ]
b101110110100 q
b1111010111101100 F
b100111100 ;
b100111100 B
b11100001101 u
b100010000100 t
b1000000 s
b101110110100 r
b100110001111 ?
b11100110010 >
b10011100011 A
b10011100011 L
b101000 @
b1101010000011 O
b11110000100 N
b1001000010 P
b1010100001 :
b1010100001 K
b1010100001 M
b1100100010010000000000000000 E
b10110000111000010100 J
b111000 j
b1111111101111 X
b110011110000 W
b101001111000 Y
b100111100 $
b100111100 (
b100111100 1
b100111100 V
1#
#3170000
0#
#3175000
b110011011001 6
b110011011001 R
b10100000 p
b101011100001 3
b101011100001 [
b110010110001 .
b110010110001 9
b110010110001 l
b10100000 "
b10100000 )
b10100000 -
b10100000 8
b10100000 n
b11111110001101111 C
b100101110000 D
b1100110110010 T
b110010110001 7
b110010110001 S
b10100000 5
b10100000 Q
b1010111000010 ^
b100011000001 4
b100011000001 \
b11001000111 2
b11001000111 Z
b1011100011110000 F
b1001000010 o
b11110000100 ,
b11110000100 =
b11110000100 ]
b11110000100 q
b100111101 ;
b100111101 B
b111001 j
b1001011100000000000000000000 E
b10110001011100010000 J
b110010001001 :
b110010001001 K
b110010001001 M
b11100110010 ?
b11001111000 >
b1111110110000 O
b110010110001 N
b1001110011111 P
b101000 A
b101000 L
b101110110100 @
b100010000100 u
b1000000 t
b1001000010 s
b11110000100 r
b1101111000000 X
b100011000001 W
b11001000111 Y
b100111101 $
b100111101 (
b100111101 1
b100111101 V
1#
#3180000
0#
#3185000
b101010010010 6
b101010010010 R
b1001000100 p
b1110111 3
b1110111 [
b100000100011 .
b100000100011 9
b100000100011 l
b1001000100 "
b1001000100 )
b1001000100 -
b1001000100 8
b1001000100 n
b1010100100100 T
b100000100011 7
b100000100011 S
b1001000100 5
b1001000100 Q
b11111100101010110 C
b11001010111 D
b110111101111 ^
b11101110 4
b11101110 \
b101101110011 2
b101101110011 Z
b10100000 o
b110010110001 ,
b110010110001 =
b110010110001 ]
b110010110001 q
b111101111110100 F
b100111110 ;
b100111110 B
b1000000 u
b1001000010 t
b10100000 s
b110010110001 r
b11001111000 ?
b101011100001 >
b101110110100 A
b101110110100 L
b11110000100 @
b100000100011 O
b1010100100100 N
b1001000100 P
b100101110000 :
b100101110000 K
b100101110000 M
b110010101110000000000000000 E
b10110010000000001100 J
b111010 j
b11101110 X
b110111101111 W
b101101110011 Y
b100111110 $
b100111110 (
b100111110 1
b100111110 V
1#
#3190000
0#
#3195000
b1101101 6
b1101101 R
b100101101 p
b10010110001 3
b10010110001 [
b11011010 .
b11011010 9
b11011010 l
b100101101 "
b100101101 )
b100101101 -
b100101101 8
b100101101 n
b11111011000111101 C
b1100111110 D
b110111011011 T
b11011010 7
b11011010 S
b100101101 5
b100101101 Q
b1011001100011 ^
b100101100010 4
b100101100010 \
b11011100100 2
b11011100100 Z
b11111011111000 F
b1001000100 o
b100000100011 ,
b100000100011 =
b100000100011 ]
b100000100011 q
b100111111 ;
b100111111 B
b111011 j
b11001111100000000000000000 E
b10110010100100001000 J
b11001010111 :
b11001010111 K
b11001010111 M
b101011100001 ?
b1110111 >
b11011010 O
b110111011011 N
b100101101 P
b11110000100 A
b11110000100 L
b110010110001 @
b1001000010 u
b10100000 t
b1001000100 s
b100000100011 r
b1110001100001 X
b100101100010 W
b11011100100 Y
b100111111 $
b100111111 (
b100111111 1
b100111111 V
1#
#3200000
0#
#3205000
b101110111 6
b101110111 R
b100101110011 p
b100001101 3
b100001101 [
b1011101110 .
b1011101110 9
b1011101110 l
b100101110011 "
b100101110011 )
b100101110011 -
b100101110011 8
b100101110011 n
b111111101111 T
b1011101110 7
b1011101110 S
b100101110011 5
b100101110011 Q
b11111001100100100 C
b100101 D
b111100011011 ^
b1000011010 4
b1000011010 \
b110010011011 2
b110010011011 Z
b100101101 o
b11011010 ,
b11011010 =
b11011010 ]
b11011010 q
b111111100 F
b101000000 ;
b101000000 B
b10100000 u
b1001000100 t
b100101101 s
b11011010 r
b1110111 ?
b10010110001 >
b110010110001 A
b110010110001 L
b100000100011 @
b1011101110 O
b111111101111 N
b100101110011 P
b1100111110 :
b1100111110 K
b1100111110 M
b1001010000000000000000 E
b10110011001000000100 J
b111100 j
b1010100011001 X
b1000011010 W
b1111110011010 Y
b101000000 $
b101000000 (
b101000000 1
b101000000 V
1#
#3210000
0#
#3215000
b10000100100 6
b10000100100 R
b11111111110 p
b100010011000 3
b100010011000 [
b100001001000 .
b100001001000 9
b100001001000 l
b11111111110 "
b11111111110 )
b11111111110 -
b11111111110 8
b11111111110 n
b11111110100001100 C
b101000001101 D
b1010101001001 T
b100001001000 7
b100001001000 S
b11111111110 5
b11111111110 Q
b1000100110000 ^
b10000101111 4
b10000101111 \
b110101101 2
b110101101 Z
b1100010100000000 F
b100101110011 o
b1011101110 ,
b1011101110 =
b1011101110 ]
b1011101110 q
b101000001 ;
b101000001 B
b111101 j
b1010000011010000000000000000 E
b10110011101100000000 J
b100101 :
b100101 K
b100101 M
b10010110001 ?
b100001101 >
b1101101000111 O
b100001001000 N
b11111111110 P
b100000100011 A
b100000100011 L
b11011010 @
b1001000100 u
b100101101 t
b100101110011 s
b1011101110 r
b1011100101110 X
b10000101111 W
b110101101 Y
b101000001 $
b101000001 (
b101000001 1
b101000001 V
1#
#3220000
0#
#3225000
b101111110100 6
b101111110100 R
b1111001110 p
b10011000101 3
b10011000101 [
b101011100111 .
b101011100111 9
b101011100111 l
b1111001110 "
b1111001110 )
b1111001110 -
b1111001110 8
b1111001110 n
b1011111101000 T
b101011100111 7
b101011100111 S
b1111001110 5
b1111001110 Q
b11111100111110011 C
b11011110100 D
b1011010001011 ^
b100110001010 4
b100110001010 \
b11100000110 2
b11100000110 Z
b11111111110 o
b100001001000 ,
b100001001000 =
b100001001000 ]
b100001001000 q
b1000100000000100 F
b101000010 ;
b101000010 B
b100101101 u
b100101110011 t
b11111111110 s
b100001001000 r
b100001101 ?
b100010011000 >
b11011010 A
b11011010 L
b1011101110 @
b1110111100110 O
b101011100111 N
b1011011001101 P
b101000001101 :
b101000001101 K
b101000001101 M
b110111101000000000000000000 E
b10110100001111111100 J
b111110 j
b1110010001001 X
b100110001010 W
b11100000110 Y
b101000010 $
b101000010 (
b101000010 1
b101000010 V
1#
#3230000
0#
#3235000
b10011110001 6
b10011110001 R
b100011111011 p
b11000010101 3
b11000010101 [
b100111100010 .
b100111100010 9
b100111100010 l
b100011111011 "
b100011111011 )
b100011111011 -
b100011111011 8
b100011111011 n
b11111011011011010 C
b1111011011 D
b1011011100011 T
b100111100010 7
b100111100010 S
b100011111011 5
b100011111011 Q
b1100100101011 ^
b110000101010 4
b110000101010 \
b100110100100 2
b100110100100 Z
b100101100001000 F
b1111001110 o
b101011100111 ,
b101011100111 =
b101011100111 ]
b101011100111 q
b101000011 ;
b101000011 B
b111111 j
b11110110110000000000000000 E
b10110100110011111000 J
b11011110100 :
b11011110100 K
b11011110100 M
b100010011000 ?
b10011000101 >
b1110011100001 O
b100111100010 N
b1101111111010 P
b1011101110 A
b1011101110 L
b100001001000 @
b100101110011 u
b11111111110 t
b1111001110 s
b101011100111 r
b1111100101001 X
b110000101010 W
b100110100100 Y
b101000011 $
b101000011 (
b101000011 1
b101000011 V
1#
#3240000
0#
#3245000
b110010010010 6
b110010010010 R
b10001101101 p
b10110010011 3
b10110010011 [
b110000100011 .
b110000100011 9
b110000100011 l
b10001101101 "
b10001101101 )
b10001101101 -
b10001101101 8
b10001101101 n
b1100100100100 T
b110000100011 7
b110000100011 S
b10001101101 5
b10001101101 Q
b11111001111000001 C
b11000010 D
b101011110010 *
b101011110010 <
b101011110010 G
b101011110010 `
b110 +
b110 a
b1100000100111 ^
b101100100110 4
b101100100110 \
b100010011110 2
b100010011110 Z
b100011111011 o
b100111100010 ,
b100111100010 =
b100111100010 ]
b100111100010 q
b111000001100 F
b10 h
b101000100 ;
b101000100 B
b11111111110 u
b1111001110 t
b100011111011 s
b100111100010 r
b10011000101 ?
b11000010101 >
b100001001000 A
b100001001000 L
b101011100111 @
b1111100100010 O
b110000100011 N
b10001101101 P
b1111011011 :
b1111011011 K
b1111011011 M
b110000100000000000000000 E
b10110101010111110100 J
b1000000 j
b1111000100101 X
b101100100110 W
b100010011110 Y
b101000100 $
b101000100 (
b101000100 1
b101000100 V
1#
#3250000
0#
#3255000
b110001010101 6
b110001010101 R
b101000100101 p
b11010110100 3
b11010110100 [
b101110101001 .
b101110101001 9
b101110101001 l
b101000100101 "
b101000100101 )
b101000100101 -
b101000100101 8
b101000100101 n
b1100010101010 T
b101110101001 7
b101110101001 S
b101000100101 5
b101000100101 Q
b110101101000 ^
b1100111 4
b1100111 \
b101011011110 2
b101011011110 Z
b1100110110111000 F
b11111110110000000 C
b101010000001 D
b10001101101 o
b110000100011 ,
b110000100011 =
b110000100011 ]
b110000100011 q
b101000101 ;
b101000101 B
b1000001 j
b1010100000010000000000000000 E
b11011101101001001000 J
b11000010 :
b11000010 K
b11000010 M
b11000010101 ?
b10110010011 >
b1111010101000 O
b101110101001 N
b101000100101 P
b101011100111 A
b101011100111 L
b100111100010 @
b1111001110 u
b100011111011 t
b10001101101 s
b110000100011 r
b1100111 X
b110101101000 W
b101011011110 Y
b101000101 $
b101000101 (
b101000101 1
b101000101 V
1#
#3260000
0#
#3265000
b1110110001 6
b1110110001 R
b110001100010 p
b110011111000 3
b110011111000 [
b11101100010 .
b11101100010 9
b11101100010 l
b110001100010 "
b110001100010 )
b110001100010 -
b110001100010 8
b110001100010 n
b1010001100011 T
b11101100010 7
b11101100010 S
b110001100010 5
b110001100010 Q
b11111001110110011 C
b10110100 D
b1100111110000 ^
b110011101111 4
b110011101111 \
b101001100011 2
b101001100011 Z
b101000100101 o
b101110101001 ,
b101110101001 =
b101110101001 ]
b101110101001 q
b110011000110 F
b101000110 ;
b101000110 B
b100011111011 u
b10001101101 t
b101000100101 s
b101110101001 r
b10110010011 ?
b11010110100 >
b100111100010 A
b100111100010 L
b110000100011 @
b11101100010 O
b1010001100011 N
b1111101100001 P
b101010000001 :
b101010000001 K
b101010000001 M
b101101000000000000000000 E
b11011110010100111010 J
b1000010 j
b1111111101110 X
b110011101111 W
b101001100011 Y
b101000110 $
b101000110 (
b101000110 1
b101000110 V
1#
#3270000
0#
#3275000
b110011101100 6
b110011101100 R
b101101101111 p
b101011010101 3
b101011010101 [
b110011010111 .
b110011010111 9
b110011010111 l
b101101101111 "
b101101101111 )
b101101101111 -
b101101101111 8
b101101101111 n
b11111011011100111 C
b1111101000 D
b1100111011000 T
b110011010111 7
b110011010111 S
b101101101111 5
b101101101111 Q
b1010110101010 ^
b100010101001 4
b100010101001 \
b11000011011 2
b11000011011 Z
b100101111010100 F
b110001100010 o
b11101100010 ,
b11101100010 =
b11101100010 ]
b11101100010 q
b101000111 ;
b101000111 B
b1000011 j
b11111010000000000000000000 E
b11011111000000101100 J
b10110100 :
b10110100 K
b10110100 M
b11010110100 ?
b110011111000 >
b1111111010110 O
b110011010111 N
b101101101111 P
b110000100011 A
b110000100011 L
b101110101001 @
b10001101101 u
b101000100101 t
b110001100010 s
b11101100010 r
b1101110101000 X
b100010101001 W
b11000011011 Y
b101000111 $
b101000111 (
b101000111 1
b101000111 V
1#
#3280000
0#
#3285000
b101001000 6
b101001000 R
b11111000001 p
b10001111 3
b10001111 [
b1010010000 .
b1010010000 9
b1010010000 l
b11111000001 "
b11111000001 )
b11111000001 -
b11111000001 8
b11111000001 n
b111110010001 T
b1010010000 7
b1010010000 S
b11111000001 5
b11111000001 Q
b11111101000011011 C
b11100011100 D
b111000011111 ^
b100011110 4
b100011110 \
b101110001111 2
b101110001111 Z
b101101101111 o
b110011010111 ,
b110011010111 =
b110011010111 ]
b110011010111 q
b1000101011100010 F
b101001000 ;
b101001000 B
b101000100101 u
b110001100010 t
b101101101111 s
b110011010111 r
b110011111000 ?
b101011010101 >
b101110101001 A
b101110101001 L
b11101100010 @
b1010010000 O
b111110010001 N
b11111000001 P
b1111101000 :
b1111101000 K
b1111101000 M
b111000111000000000000000000 E
b11011111101100011110 J
b1000100 j
b100011110 X
b111000011111 W
b101110001111 Y
b101001000 $
b101001000 (
b101001000 1
b101001000 V
1#
#3290000
0#
#3295000
b11100111111 6
b11100111111 R
b1000110 p
b100001101101 3
b100001101101 [
b101111101 .
b101111101 9
b101111101 l
b1000110 "
b1000110 )
b1000110 -
b1000110 8
b1000110 n
b11111110101001111 C
b101001010000 D
b111001111110 T
b101111101 7
b101111101 S
b1000110 5
b1000110 Q
b1000011011010 ^
b1111011001 4
b1111011001 \
b101000111 2
b101000111 Z
b1100100111110000 F
b11111000001 o
b1010010000 ,
b1010010000 =
b1010010000 ]
b1010010000 q
b101001001 ;
b101001001 B
b1000101 j
b1010010100000000000000000000 E
b11100000011000010000 J
b11100011100 :
b11100011100 K
b11100011100 M
b101011010101 ?
b10001111 >
b101111101 O
b111001111110 N
b1000110 P
b11101100010 A
b11101100010 L
b110011010111 @
b110001100010 u
b101101101111 t
b11111000001 s
b1010010000 r
b1011011011000 X
b1111011001 W
b101000111 Y
b101001001 $
b101001001 (
b101001001 1
b101001001 V
1#
#3300000
0#
#3305000
b10100010011 6
b10100010011 R
b1010000111 p
b11111100100 3
b11111100100 [
b101000100110 .
b101000100110 9
b101000100110 l
b1010000111 "
b1010000111 )
b1010000111 -
b1010000111 8
b1010000111 n
b1011100100111 T
b101000100110 7
b101000100110 S
b1010000111 5
b1010000111 Q
b11111001110000010 C
b10000011 D
b111111001000 ^
b1011000111 4
b1011000111 \
b110011 2
b110011 Z
b1000110 o
b101111101 ,
b101111101 =
b101111101 ]
b101111101 q
b100011111110 F
b101001010 ;
b101001010 B
b101101101111 u
b11111000001 t
b1000110 s
b101111101 r
b10001111 ?
b100001101101 >
b110011010111 A
b110011010111 L
b1010010000 @
b101000100110 O
b1011100100111 N
b1010000111 P
b101001010000 :
b101001010000 K
b101001010000 M
b100000110000000000000000 E
b11100001000100000010 J
b1000110 j
b1010111000110 X
b1011000111 W
b110011 Y
b101001010 $
b101001010 (
b101001010 1
b101001010 V
1#
#3310000
0#
#3315000
b100000001010 6
b100000001010 R
b1000001101 p
b110000111001 3
b110000111001 [
b1100010011 .
b1100010011 9
b1100010011 l
b1000001101 "
b1000001101 )
b1000001101 -
b1000001101 8
b1000001101 n
b11111011010110110 C
b1110110111 D
b1000000010100 T
b1100010011 7
b1100010011 S
b1000001101 5
b1000001101 Q
b1100001110010 ^
b101101110001 4
b101101110001 \
b100011011011 2
b100011011011 Z
b100100000001100 F
b1010000111 o
b101000100110 ,
b101000100110 =
b101000100110 ]
b101000100110 q
b101001011 ;
b101001011 B
b1000111 j
b11101101110000000000000000 E
b11100001101111110100 J
b10000011 :
b10000011 K
b10000011 M
b100001101101 ?
b11111100100 >
b1011000010010 O
b1100010011 N
b1000001101 P
b1010010000 A
b1010010000 L
b101111101 @
b11111000001 u
b1000110 t
b1010000111 s
b101000100110 r
b1111001110000 X
b101101110001 W
b100011011011 Y
b101001011 $
b101001011 (
b101001011 1
b101001011 V
1#
#3320000
0#
#3325000
b1010011010 6
b1010011010 R
b101011000111 p
b100010110000 3
b100010110000 [
b10100110100 .
b10100110100 9
b10100110100 l
b101011000111 "
b101011000111 )
b101011000111 -
b101011000111 8
b101011000111 n
b1001000110101 T
b10100110100 7
b10100110100 S
b101011000111 5
b101011000111 Q
b11111100111101010 C
b11011101011 D
b1000101100000 ^
b10001011111 4
b10001011111 \
b111000111 2
b111000111 Z
b1000001101 o
b1100010011 ,
b1100010011 =
b1100010011 ]
b1100010011 q
b1000011100011010 F
b101001100 ;
b101001100 B
b1000110 u
b1010000111 t
b1000001101 s
b1100010011 r
b11111100100 ?
b110000111001 >
b101111101 A
b101111101 L
b101000100110 @
b1100000110011 O
b10100110100 N
b1110111000110 P
b1110110111 :
b1110110111 K
b1110110111 M
b110111010110000000000000000 E
b11100010011011100110 J
b1001000 j
b1011101011110 X
b10001011111 W
b111000111 Y
b101001100 $
b101001100 (
b101001100 1
b101001100 V
1#
#3330000
0#
#3335000
b1000001000 6
b1000001000 R
b1100111011 p
b100111000001 3
b100111000001 [
b10000010000 .
b10000010000 9
b10000010000 l
b1100111011 "
b1100111011 )
b1100111011 -
b1100111011 8
b1100111011 n
b11111110100011110 C
b101000011111 D
b1000100010001 T
b10000010000 7
b10000010000 S
b1100111011 5
b1100111011 Q
b1001110000010 ^
b11010000001 4
b11010000001 \
b1111100111 2
b1111100111 Z
b1100011000101000 F
b101011000111 o
b10100110100 ,
b10100110100 =
b10100110100 ]
b10100110100 q
b101001101 ;
b101001101 B
b1001001 j
b1010000111110000000000000000 E
b11100011000111011000 J
b11011101011 :
b11011101011 K
b11011101011 M
b110000111001 ?
b100010110000 >
b10000010000 O
b1000100010001 N
b1100111011 P
b101000100110 A
b101000100110 L
b1100010011 @
b1010000111 u
b1000001101 t
b101011000111 s
b10100110100 r
b1100110000000 X
b11010000001 W
b1111100111 Y
b101001101 $
b101001101 (
b101001101 1
b101001101 V
1#
#3340000
0#
#3345000
b11010011001 6
b11010011001 R
b10111110101 p
b1010101111 3
b1010101111 [
b110001 .
b110001 9
b110001 l
b10111110101 "
b10111110101 )
b10111110101 -
b10111110101 8
b10111110101 n
b110100110010 T
b110001 7
b110001 S
b10111110101 5
b10111110101 Q
b11111001101010001 C
b1010010 D
b1001001011111 ^
b10101011110 4
b10101011110 \
b1011000010 2
b1011000010 Z
b1100111011 o
b10000010000 ,
b10000010000 =
b10000010000 ]
b10000010000 q
b10100110110 F
b101001110 ;
b101001110 B
b1000001101 u
b101011000111 t
b1100111011 s
b10000010000 r
b100010110000 ?
b100111000001 >
b1100010011 A
b1100010011 L
b10100110100 @
b110001 O
b110100110010 N
b1100011110100 P
b101000011111 :
b101000011111 K
b101000011111 M
b10100100000000000000000 E
b11100011110011001010 J
b1001010 j
b1100001011101 X
b10101011110 W
b1011000010 Y
b101001110 $
b101001110 (
b101001110 1
b101001110 V
1#
#3350000
0#
#3355000
b1011000011 6
b1011000011 R
b10011100010 p
b11000000 3
b11000000 [
b10110000110 .
b10110000110 9
b10110000110 l
b10011100010 "
b10011100010 )
b10011100010 -
b10011100010 8
b10011100010 n
b11111011010000101 C
b1110000110 D
b1001010000111 T
b10110000110 7
b10110000110 S
b10011100010 5
b10011100010 Q
b111010000001 ^
b110000000 4
b110000000 \
b101111100011 2
b101111100011 Z
b100010001000100 F
b10111110101 o
b110001 ,
b110001 =
b110001 ]
b110001 q
b101001111 ;
b101001111 B
b1001011 j
b11100001100000000000000000 E
b11100100011110111100 J
b1010010 :
b1010010 K
b1010010 M
b100111000001 ?
b1010101111 >
b1100010000101 O
b10110000110 N
b10011100010 P
b10100110100 A
b10100110100 L
b10000010000 @
b101011000111 u
b1100111011 t
b10111110101 s
b110001 r
b1010001111111 X
b110000000 W
b1111011100010 Y
b101001111 $
b101001111 (
b101001111 1
b101001111 V
1#
#3360000
0#
#3365000
b1111001011 6
b1111001011 R
b10001010 p
b1101101011 3
b1101101011 [
b11110010110 .
b11110010110 9
b11110010110 l
b10001010 "
b10001010 )
b10001010 -
b10001010 8
b10001010 n
b1010010010111 T
b11110010110 7
b11110010110 S
b10001010 5
b10001010 Q
b11111100110111001 C
b11010111010 D
b1001111010111 ^
b11011010110 4
b11011010110 \
b10000110110 2
b10000110110 Z
b10011100010 o
b10110000110 ,
b10110000110 =
b10110000110 ]
b10110000110 q
b1000001101010010 F
b101010000 ;
b101010000 B
b1100111011 u
b10111110101 t
b10011100010 s
b10110000110 r
b1010101111 ?
b11000000 >
b10000010000 A
b10000010000 L
b110001 @
b1101010010101 O
b11110010110 N
b10001010 P
b1110000110 :
b1110000110 K
b1110000110 M
b110101110100000000000000000 E
b11100101001010101110 J
b1001100 j
b1100111010101 X
b11011010110 W
b10000110110 Y
b101010000 $
b101010000 (
b101010000 1
b101010000 V
1#
#3370000
0#
#3375000
b100111110110 6
b100111110110 R
b11001111000 p
b101011110100 3
b101011110100 [
b11011101011 .
b11011101011 9
b11011101011 l
b11001111000 "
b11001111000 )
b11001111000 -
b11001111000 8
b11001111000 n
b11111110011101101 C
b100111101110 D
b1001111101100 T
b11011101011 7
b11011101011 S
b11001111000 5
b11001111000 Q
b1010111101000 ^
b100011100111 4
b100011100111 \
b11001000101 2
b11001000101 Z
b1100001001100000 F
b10001010 o
b11110010110 ,
b11110010110 =
b11110010110 ]
b11110010110 q
b101010001 ;
b101010001 B
b1001101 j
b1001111011100000000000000000 E
b11100101110110100000 J
b11010111010 :
b11010111010 K
b11010111010 M
b11000000 ?
b1101101011 >
b1100111101010 O
b11011101011 N
b1100101110111 P
b110001 A
b110001 L
b10110000110 @
b10111110101 u
b10011100010 t
b10001010 s
b11110010110 r
b1101111100110 X
b100011100111 W
b11001000101 Y
b101010001 $
b101010001 (
b101010001 1
b101010001 V
1#
#3380000
0#
#3385000
b11110111010 6
b11110111010 R
b100010011001 p
b101010011111 3
b101010011111 [
b1001110011 .
b1001110011 9
b1001110011 l
b100010011001 "
b100010011001 )
b100010011001 -
b100010011001 8
b100010011001 n
b111101110100 T
b1001110011 7
b1001110011 S
b100010011001 5
b100010011001 Q
b11111001100100000 C
b100001 D
b1010100111110 ^
b100000111101 4
b100000111101 \
b10110011001 2
b10110011001 Z
b11001111000 o
b11011101011 ,
b11011101011 =
b11011101011 ]
b11011101011 q
b101101110 F
b101010010 ;
b101010010 B
b10011100010 u
b10001010 t
b11001111000 s
b11011101011 r
b1101101011 ?
b101011110100 >
b10110000110 A
b10110000110 L
b11110010110 @
b1001110011 O
b111101110100 N
b1101110011000 P
b100111101110 :
b100111101110 K
b100111101110 M
b1000010000000000000000 E
b11100110100010010010 J
b1001110 j
b1101100111100 X
b100000111101 W
b10110011001 Y
b101010010 $
b101010010 (
b101010010 1
b101010010 V
1#
#3390000
0#
#3395000
b101001011100 6
b101001011100 R
b11101110101 p
b111100011 3
b111100011 [
b11110110111 .
b11110110111 9
b11110110111 l
b11101110101 "
b11101110101 )
b11101110101 -
b11101110101 8
b11101110101 n
b11111011001010100 C
b1101010101 D
b1010010111000 T
b11110110111 7
b11110110111 S
b11101110101 5
b11101110101 Q
b1000011000111 ^
b1111000110 4
b1111000110 \
b100100000 2
b100100000 Z
b100000001111100 F
b100010011001 o
b1001110011 ,
b1001110011 =
b1001110011 ]
b1001110011 q
b101010011 ;
b101010011 B
b1001111 j
b11010101010000000000000000 E
b11100111001110000100 J
b100001 :
b100001 K
b100001 M
b101011110100 ?
b101010011111 >
b1101010110110 O
b11110110111 N
b11101110101 P
b11110010110 A
b11110010110 L
b11011101011 @
b10001010 u
b11001111000 t
b100010011001 s
b1001110011 r
b1011011000101 X
b1111000110 W
b100100000 Y
b101010011 $
b101010011 (
b101010011 1
b101010011 V
1#
#3400000
0#
#3405000
b10100100000 6
b10100100000 R
b1110010110 p
b101100000110 3
b101100000110 [
b101001000000 .
b101001000000 9
b101001000000 l
b1110010110 "
b1110010110 )
b1110010110 -
b1110010110 8
b1110010110 n
b1011101000001 T
b101001000000 7
b101001000000 S
b1110010110 5
b1110010110 Q
b11111100110001000 C
b11010001001 D
b1011000001100 ^
b100100001011 4
b100100001011 \
b11001100011 2
b11001100011 Z
b11101110101 o
b11110110111 ,
b11110110111 =
b11110110111 ]
b11110110111 q
b111111110001010 F
b101010100 ;
b101010100 B
b11001111000 u
b100010011001 t
b11101110101 s
b11110110111 r
b101010011111 ?
b111100011 >
b11011101011 A
b11011101011 L
b1001110011 @
b1110100111111 O
b101001000000 N
b1110010110 P
b1101010101 :
b1101010101 K
b1101010101 M
b110100010010000000000000000 E
b11100111111001110110 J
b1010000 j
b1110000001010 X
b100100001011 W
b11001100011 Y
b101010100 $
b101010100 (
b101010100 1
b101010100 V
1#
#3410000
0#
#3415000
b10001111110 6
b10001111110 R
b100011101011 p
b110001001011 3
b110001001011 [
b100011111100 .
b100011111100 9
b100011111100 l
b100011101011 "
b100011101011 )
b100011101011 -
b100011101011 8
b100011101011 n
b11111110010111100 C
b100110111101 D
b1010111111101 T
b100011111100 7
b100011111100 S
b100011101011 5
b100011101011 Q
b1100010010110 ^
b101110010101 4
b101110010101 \
b100011101011 2
b100011101011 Z
b1011111010011000 F
b1110010110 o
b101001000000 ,
b101001000000 =
b101001000000 ]
b101001000000 q
b101010101 ;
b101010101 B
b1010001 j
b1001101111010000000000000000 E
b11101000100101101000 J
b11010001001 :
b11010001001 K
b11010001001 M
b111100011 ?
b101100000110 >
b1101111111011 O
b100011111100 N
b1101111101010 P
b1001110011 A
b1001110011 L
b11110110111 @
b100010011001 u
b11101110101 t
b1110010110 s
b101001000000 r
b1111010010100 X
b101110010101 W
b100011101011 Y
b101010101 $
b101010101 (
b101010101 1
b101010101 V
1#
#3420000
0#
#3425000
b100010111010 6
b100010111010 R
b101011111011 p
b10100101001 3
b10100101001 [
b10001110011 .
b10001110011 9
b10001110011 l
b101011111011 "
b101011111011 )
b101011111011 -
b101011111011 8
b101011111011 n
b1000101110100 T
b10001110011 7
b10001110011 S
b101011111011 5
b101011111011 Q
b11111111111110000 C
b110011110001 D
b1011101010011 ^
b101001010010 4
b101001010010 \
b11110100110 2
b11110100110 Z
b100011101011 o
b100011111100 ,
b100011111100 =
b100011111100 ]
b100011111100 q
b1111110110100110 F
b101010110 ;
b101010110 B
b11101110101 u
b1110010110 t
b100011101011 s
b100011111100 r
b101100000110 ?
b110001001011 >
b11110110111 A
b11110110111 L
b101001000000 @
b10001110011 O
b1000101110100 N
b1110111111010 P
b100110111101 :
b100110111101 K
b100110111101 M
b1100111100010000000000000000 E
b11101001010001011010 J
b1010010 j
b1110101010001 X
b101001010010 W
b11110100110 Y
b101010110 $
b101010110 (
b101010110 1
b101010110 V
1#
#3430000
0#
#3435000
b10100011000 6
b10100011000 R
b101001010000 p
b1011100101 3
b1011100101 [
b101000110000 .
b101000110000 9
b101000110000 l
b101001010000 "
b101001010000 )
b101001010000 -
b101001010000 8
b101001010000 n
b11111011000100011 C
b1100100100 D
b1011100110001 T
b101000110000 7
b101000110000 S
b101001010000 5
b101001010000 Q
b1001011001011 ^
b10111001010 4
b10111001010 \
b1100011100 2
b1100011100 Z
b11110010110100 F
b101011111011 o
b10001110011 ,
b10001110011 =
b10001110011 ]
b10001110011 q
b101010111 ;
b101010111 B
b1010011 j
b11001001000000000000000000 E
b11101001111101001100 J
b110011110001 :
b110011110001 K
b110011110001 M
b110001001011 ?
b10100101001 >
b101000110000 O
b1011100110001 N
b1110101001111 P
b101001000000 A
b101001000000 L
b100011111100 @
b1110010110 u
b100011101011 t
b101011111011 s
b10001110011 r
b1100011001001 X
b10111001010 W
b1100011100 Y
b101010111 $
b101010111 (
b101010111 1
b101010111 V
1#
#3440000
0#
#3445000
b11000010000 6
b11000010000 R
b10111011000 p
b10111000100 3
b10111000100 [
b110000100000 .
b110000100000 9
b110000100000 l
b10111011000 "
b10111011000 )
b10111011000 -
b10111011000 8
b10111011000 n
b1100100100001 T
b110000100000 7
b110000100000 S
b10111011000 5
b10111011000 Q
b11111100101010111 C
b11001011000 D
b1100010001001 ^
b101110001000 4
b101110001000 \
b100011011000 2
b100011011000 Z
b101001010000 o
b101000110000 ,
b101000110000 =
b101000110000 ]
b101000110000 q
b111101111000010 F
b101011000 ;
b101011000 B
b100011101011 u
b101011111011 t
b101001010000 s
b101000110000 r
b10100101001 ?
b1011100101 >
b100011111100 A
b100011111100 L
b10001110011 @
b1111100011111 O
b110000100000 N
b10111011000 P
b1100100100 :
b1100100100 K
b1100100100 M
b110010110000000000000000000 E
b11101010101000111110 J
b1010100 j
b1111010000111 X
b101110001000 W
b100011011000 Y
b101011000 $
b101011000 (
b101011000 1
b101011000 V
1#
#3450000
0#
#3455000
b101111100110 6
b101111100110 R
b101100011100 p
b111100 3
b111100 [
b101011001011 .
b101011001011 9
b101011001011 l
b101100011100 "
b101100011100 )
b101100011100 -
b101100011100 8
b101100011100 n
b11111110010001011 C
b100110001100 D
b1011111001100 T
b101011001011 7
b101011001011 S
b101100011100 5
b101100011100 Q
b110101111001 ^
b1111000 4
b1111000 \
b101011000111 2
b101011000111 Z
b1011101011010000 F
b10111011000 o
b110000100000 ,
b110000100000 =
b110000100000 ]
b110000100000 q
b101011001 ;
b101011001 B
b1010101 j
b1001100011000000000000000000 E
b11101011010100110000 J
b11001011000 :
b11001011000 K
b11001011000 M
b1011100101 ?
b10111000100 >
b1110111001010 O
b101011001011 N
b1111000011011 P
b10001110011 A
b10001110011 L
b101000110000 @
b101011111011 u
b101001010000 t
b10111011000 s
b110000100000 r
b1111000 X
b110101111001 W
b101011000111 Y
b101011001 $
b101011001 (
b101011001 1
b101011001 V
1#
#3460000
0#
#3465000
b100111011110 6
b100111011110 R
b10100100 p
b110010010011 3
b110010010011 [
b11010111011 .
b11010111011 9
b11010111011 l
b10100100 "
b10100100 )
b10100100 -
b10100100 8
b10100100 n
b1001110111100 T
b11010111011 7
b11010111011 S
b10100100 5
b10100100 Q
b11111111110111111 C
b110011000000 D
b1100100100110 ^
b110000100101 4
b110000100101 \
b100101110001 2
b100101110001 Z
b101100011100 o
b101011001011 ,
b101011001011 =
b101011001011 ]
b101011001011 q
b1111100111011110 F
b101011010 ;
b101011010 B
b101001010000 u
b10111011000 t
b101100011100 s
b101011001011 r
b10111000100 ?
b111100 >
b101000110000 A
b101000110000 L
b110000100000 @
b11010111011 O
b1001110111100 N
b10100100 P
b100110001100 :
b100110001100 K
b100110001100 M
b1100110000000000000000000000 E
b11101100000000100010 J
b1010110 j
b1111100100100 X
b110000100101 W
b100101110001 Y
b101011010 $
b101011010 (
b101011010 1
b101011010 V
1#
#3470000
0#
#3475000
b110001110000 6
b110001110000 R
b110001100001 p
b10000001011 3
b10000001011 [
b101111011111 .
b101111011111 9
b101111011111 l
b110001100001 "
b110001100001 )
b110001100001 -
b110001100001 8
b110001100001 n
b11111010111110010 C
b1011110011 D
b1100011100000 T
b101111011111 7
b101111011111 S
b110001100001 5
b110001100001 Q
b1010100010111 ^
b100000010110 4
b100000010110 \
b10101100000 2
b10101100000 Z
b11100011101100 F
b10100100 o
b11010111011 ,
b11010111011 =
b11010111011 ]
b11010111011 q
b101011011 ;
b101011011 B
b1010111 j
b10111100110000000000000000 E
b11101100101100010100 J
b110011000000 :
b110011000000 K
b110011000000 M
b111100 ?
b110010010011 >
b101111011111 O
b1100011100000 N
b1111101100000 P
b110000100000 A
b110000100000 L
b101011001011 @
b10111011000 u
b101100011100 t
b10100100 s
b11010111011 r
b1101100010101 X
b100000010110 W
b10101100000 Y
b101011011 $
b101011011 (
b101011011 1
b101011011 V
1#
#3480000
0#
#3485000
b11011011111 6
b11011011111 R
b11111011000 p
b11101 3
b11101 [
b10111101 .
b10111101 9
b10111101 l
b11111011000 "
b11111011000 )
b11111011000 -
b11111011000 8
b11111011000 n
b110110111110 T
b10111101 7
b10111101 S
b11111011000 5
b11111011000 Q
b11111100100100110 C
b11000100111 D
b110100111011 ^
b111010 4
b111010 \
b101010000011 2
b101010000011 Z
b110001100001 o
b101111011111 ,
b101111011111 =
b101111011111 ]
b101111011111 q
b111011111111010 F
b101011100 ;
b101011100 B
b101100011100 u
b10100100 t
b110001100001 s
b101111011111 r
b110010010011 ?
b10000001011 >
b101011001011 A
b101011001011 L
b11010111011 @
b10111101 O
b110110111110 N
b11111011000 P
b1011110011 :
b1011110011 K
b1011110011 M
b110001001110000000000000000 E
b11101101011000000110 J
b1011000 j
b111010 X
b110100111011 W
b101010000011 Y
b101011100 $
b101011100 (
b101011100 1
b101011100 V
1#
#3490000
0#
#3495000
b11001110001 6
b11001110001 R
b10010100 p
b100001101 3
b100001101 [
b110011100010 .
b110011100010 9
b110011100010 l
b10010100 "
b10010100 )
b10010100 -
b10010100 8
b10010100 n
b11111110001011010 C
b100101011011 D
b1100111100011 T
b110011100010 7
b110011100010 S
b10010100 5
b10010100 Q
b111100011011 ^
b1000011010 4
b1000011010 \
b110001100001 2
b110001100001 Z
b1011011100001000 F
b11111011000 o
b10111101 ,
b10111101 =
b10111101 ]
b10111101 q
b101011101 ;
b101011101 B
b1011001 j
b1001010110110000000000000000 E
b11101110000011111000 J
b11000100111 :
b11000100111 K
b11000100111 M
b10000001011 ?
b11101 >
b1111111100001 O
b110011100010 N
b10010100 P
b11010111011 A
b11010111011 L
b101111011111 @
b10100100 u
b110001100001 t
b11111011000 s
b10111101 r
b1010100011001 X
b1000011010 W
b1111101100000 Y
b101011101 $
b101011101 (
b101011101 1
b101011101 V
1#
#3500000
0#
#3505000
b101010011101 6
b101010011101 R
b1010000100 p
b11100100000 3
b11100100000 [
b100000111001 .
b100000111001 9
b100000111001 l
b1010000100 "
b1010000100 )
b1010000100 -
b1010000100 8
b1010000100 n
b1010100111010 T
b100000111001 7
b100000111001 S
b1010000100 5
b1010000100 Q
b11111111110001110 C
b110010001111 D
b111001000000 ^
b100111111 4
b100111111 \
b101110000100 2
b101110000100 Z
b10010100 o
b110011100010 ,
b110011100010 =
b110011100010 ]
b110011100010 q
b1111011000010110 F
b101011110 ;
b101011110 B
b110001100001 u
b11111011000 t
b10010100 s
b110011100010 r
b11101 ?
b100001101 >
b101111011111 A
b101111011111 L
b10111101 @
b100000111001 O
b1010100111010 N
b1010000100 P
b100101011011 :
b100101011011 K
b100101011011 M
b1100100011110000000000000000 E
b11101110101111101010 J
b1011010 j
b100111111 X
b111001000000 W
b101110000100 Y
b101011110 $
b101011110 (
b101011110 1
b101011110 V
1#
#3510000
0#
#3515000
b11010100110 6
b11010100110 R
b100101111 p
b10011001100 3
b10011001100 [
b1001011 .
b1001011 9
b1001011 l
b100101111 "
b100101111 )
b100101111 -
b100101111 8
b100101111 n
b11111010111000001 C
b1011000010 D
b110101001100 T
b1001011 7
b1001011 S
b100101111 5
b100101111 Q
b1011010011001 ^
b100110011000 4
b100110011000 \
b11011011010 2
b11011011010 Z
b11010100100100 F
b1010000100 o
b100000111001 ,
b100000111001 =
b100000111001 ]
b100000111001 q
b101011111 ;
b101011111 B
b1011011 j
b10110000100000000000000000 E
b11101111011011011100 J
b110010001111 :
b110010001111 K
b110010001111 M
b100001101 ?
b11100100000 >
b1001011 O
b110101001100 N
b1010000101110 P
b10111101 A
b10111101 L
b110011100010 @
b11111011000 u
b10010100 t
b1010000100 s
b100000111001 r
b1110010010111 X
b100110011000 W
b11011011010 Y
b101011111 $
b101011111 (
b101011111 1
b101011111 V
1#
#3520000
0#
#3525000
b11111010010 6
b11111010010 R
b101000100000 p
b11101010110 3
b11101010110 [
b1010100011 .
b1010100011 9
b1010100011 l
b101000100000 "
b101000100000 )
b101000100000 -
b101000100000 8
b101000100000 n
b111110100100 T
b1010100011 7
b1010100011 S
b101000100000 5
b101000100000 Q
b11111100011110101 C
b10111110110 D
b111010101100 ^
b110101011 4
b110101011 \
b101111101100 2
b101111101100 Z
b100101111 o
b1001011 ,
b1001011 =
b1001011 ]
b1001011 q
b111010000110010 F
b101100000 ;
b101100000 B
b10010100 u
b1010000100 t
b100101111 s
b1001011 r
b11100100000 ?
b10011001100 >
b110011100010 A
b110011100010 L
b100000111001 @
b1010100011 O
b111110100100 N
b101000100000 P
b1011000010 :
b1011000010 K
b1011000010 M
b101111101100000000000000000 E
b11110000000111001110 J
b1011100 j
b1010010101010 X
b110101011 W
b1111011101011 Y
b101100000 $
b101100000 (
b101100000 1
b101100000 V
1#
#3530000
0#
#3535000
b10010111 6
b10010111 R
b1001000011 p
b1000000010 3
b1000000010 [
b100101110 .
b100101110 9
b100101110 l
b1001000011 "
b1001000011 )
b1001000011 -
b1001000011 8
b1001000011 n
b11111110000101001 C
b100100101010 D
b111000101111 T
b100101110 7
b100101110 S
b1001000011 5
b1001000011 Q
b1000100000101 ^
b10000000100 4
b10000000100 \
b101000010 2
b101000010 Z
b1011001101000000 F
b101000100000 o
b1010100011 ,
b1010100011 =
b1010100011 ]
b1010100011 q
b101100001 ;
b101100001 B
b1011101 j
b1001001010100000000000000000 E
b11110000110011000000 J
b10111110110 :
b10111110110 K
b10111110110 M
b10011001100 ?
b11101010110 >
b100101110 O
b111000101111 N
b1001000011 P
b100000111001 A
b100000111001 L
b1001011 @
b1010000100 u
b100101111 t
b101000100000 s
b1010100011 r
b1011100000011 X
b10000000100 W
b101000010 Y
b101100001 $
b101100001 (
b101100001 1
b101100001 V
1#
#3540000
0#
#3545000
b101100111011 6
b101100111011 R
b10000100010 p
b101001000 3
b101001000 [
b100101110101 .
b100101110101 9
b100101110101 l
b10000100010 "
b10000100010 )
b10000100010 -
b10000100010 8
b10000100010 n
b1011001110110 T
b100101110101 7
b100101110101 S
b10000100010 5
b10000100010 Q
b11111111101011101 C
b110001011110 D
b111110010001 ^
b1010010000 4
b1010010000 \
b110011001101 2
b110011001101 Z
b1001000011 o
b100101110 ,
b100101110 =
b100101110 ]
b100101110 q
b1111001001001110 F
b101100010 ;
b101100010 B
b100101111 u
b101000100000 t
b1001000011 s
b100101110 r
b11101010110 ?
b1000000010 >
b1001011 A
b1001011 L
b1010100011 @
b1110001110100 O
b100101110101 N
b1011100100001 P
b100100101010 :
b100100101010 K
b100100101010 M
b1100010111100000000000000000 E
b11110001011110110010 J
b1011110 j
b1010110001111 X
b1010010000 W
b1111111001100 Y
b101100010 $
b101100010 (
b101100010 1
b101100010 V
1#
#3550000
0#
#3555000
b100000000 6
b100000000 R
b1101000110 p
b10101101100 3
b10101101100 [
b1000000000 .
b1000000000 9
b1000000000 l
b1101000110 "
b1101000110 )
b1101000110 -
b1101000110 8
b1101000110 n
b11111010110010000 C
b1010010001 D
b111100000001 T
b1000000000 7
b1000000000 S
b1101000110 5
b1101000110 Q
b1011111011001 ^
b101011011000 4
b101011011000 \
b100000010010 2
b100000010010 Z
b11000101011100 F
b10000100010 o
b100101110101 ,
b100101110101 =
b100101110101 ]
b100101110101 q
b101100011 ;
b101100011 B
b1011111 j
b10100100010000000000000000 E
b11110010001010100100 J
b110001011110 :
b110001011110 K
b110001011110 M
b1000000010 ?
b101001000 >
b1000000000 O
b111100000001 N
b1011001000101 P
b1010100011 A
b1010100011 L
b100101110 @
b101000100000 u
b1001000011 t
b10000100010 s
b100101110101 r
b1110111010111 X
b101011011000 W
b100000010010 Y
b101100011 $
b101100011 (
b101100011 1
b101100011 V
1#
#3560000
0#
#3565000
b100001100000 6
b100001100000 R
b101110011110 p
b110110010 3
b110110010 [
b1110111111 .
b1110111111 9
b1110111111 l
b101110011110 "
b101110011110 )
b101110011110 -
b101110011110 8
b101110011110 n
b1000011000000 T
b1110111111 7
b1110111111 S
b101110011110 5
b101110011110 Q
b11111100011000100 C
b10111000101 D
b101001011 *
b101001011 <
b101001011 G
b101001011 `
b111 +
b111 a
b1000001100101 ^
b1101100100 4
b1101100100 \
b10011100 2
b10011100 Z
b1101000110 o
b1000000000 ,
b1000000000 =
b1000000000 ]
b1000000000 q
b111000001101010 F
b11 h
b101100100 ;
b101100100 B
b1001000011 u
b10000100010 t
b1101000110 s
b1000000000 r
b101001000 ?
b10101101100 >
b100101110 A
b100101110 L
b100101110101 @
b1011010111110 O
b1110111111 N
b1111010011101 P
b1010010001 :
b1010010001 K
b1010010001 M
b101110001010000000000000000 E
b11110010110110010110 J
b1100000 j
b1011001100011 X
b1101100100 W
b10011100 Y
b101100100 $
b101100100 (
b101100100 1
b101100100 V
1#
#3570000
0#
#3575000
b11110011101 6
b11110011101 R
b1110110000 p
b1010010010 3
b1010010010 [
b1000111001 .
b1000111001 9
b1000111001 l
b1110110000 "
b1110110000 )
b1110110000 -
b1110110000 8
b1110110000 n
b111100111010 T
b1000111001 7
b1000111001 S
b1110110000 5
b1110110000 Q
b1001000100101 ^
b10100100100 4
b10100100100 \
b1001011010 2
b1001011010 Z
b111110110100 F
b11111001111001101 C
b11001110 D
b101110011110 o
b1110111111 ,
b1110111111 =
b1110111111 ]
b1110111111 q
b101100101 ;
b101100101 B
b1100001 j
b110011100000000000000000 E
b11100110001001100 J
b10111000101 :
b10111000101 K
b10111000101 M
b10101101100 ?
b110110010 >
b1000111001 O
b111100111010 N
b1110110000 P
b100101110101 A
b100101110101 L
b1000000000 @
b10000100010 u
b1101000110 t
b101110011110 s
b1110111111 r
b1100000100011 X
b10100100100 W
b1001011010 Y
b101100101 $
b101100101 (
b101100101 1
b101100101 V
1#
#3580000
0#
#3585000
b101100111 6
b101100111 R
b100110010 p
b100001010000 3
b100001010000 [
b1011001110 .
b1011001110 9
b1011001110 l
b100110010 "
b100110010 )
b100110010 -
b100110010 8
b100110010 n
b111111001111 T
b1011001110 7
b1011001110 S
b100110010 5
b100110010 Q
b11111111001000000 C
b101101000001 D
b1000010100000 ^
b1110011111 4
b1110011111 \
b11010011 2
b11010011 Z
b1110110000 o
b1000111001 ,
b1000111001 =
b1000111001 ]
b1000111001 q
b1101110101101001 F
b101100110 ;
b101100110 B
b1101000110 u
b101110011110 t
b1110110000 s
b1000111001 r
b110110010 ?
b1010010010 >
b1000000000 A
b1000000000 L
b1110111111 @
b1010111001101 O
b1011001110 N
b100110010 P
b11001110 :
b11001110 K
b11001110 M
b1011010000010000000000000000 E
b11100110110010111 J
b1100010 j
b1011010011110 X
b1110011111 W
b11010011 Y
b101100110 $
b101100110 (
b101100110 1
b101100110 V
1#
#3590000
0#
#3595000
b11110000000 6
b11110000000 R
b10101111111 p
b100010011011 3
b100010011011 [
b111111111 .
b111111111 9
b111111111 l
b10101111111 "
b10101111111 )
b10101111111 -
b10101111111 8
b10101111111 n
b11111101110110010 C
b100010110011 D
b111100000000 T
b111111111 7
b111111111 S
b10101111111 5
b10101111111 Q
b1000100110110 ^
b10000110101 4
b10000110101 \
b101100111 2
b101100111 Z
b1010101100011110 F
b100110010 o
b1011001110 ,
b1011001110 =
b1011001110 ]
b1011001110 q
b101100111 ;
b101100111 B
b1100011 j
b1000101100110000000000000000 E
b11100111011100010 J
b101101000001 :
b101101000001 K
b101101000001 M
b1010010010 ?
b100001010000 >
b111111111 O
b111100000000 N
b1100001111110 P
b1110111111 A
b1110111111 L
b1000111001 @
b101110011110 u
b1110110000 t
b100110010 s
b1011001110 r
b1011100110100 X
b10000110101 W
b101100111 Y
b101100111 $
b101100111 (
b101100111 1
b101100111 V
1#
#3600000
0#
#3605000
b10101110110 6
b10101110110 R
b11010000111 p
b100000110100 3
b100000110100 [
b101011101100 .
b101011101100 9
b101011101100 l
b11010000111 "
b11010000111 )
b11010000111 -
b11010000111 8
b11010000111 n
b1011111101101 T
b101011101100 7
b101011101100 S
b11010000111 5
b11010000111 Q
b11111100100100100 C
b11000100101 D
b1000001101000 ^
b1101100111 4
b1101100111 \
b10010111 2
b10010111 Z
b10101111111 o
b111111111 ,
b111111111 =
b111111111 ]
b111111111 q
b111100011010011 F
b101101000 ;
b101101000 B
b1110110000 u
b100110010 t
b10101111111 s
b111111111 r
b100001010000 ?
b100010011011 >
b1000111001 A
b1000111001 L
b1011001110 @
b1110111101011 O
b101011101100 N
b1100110000110 P
b100010110011 :
b100010110011 K
b100010110011 M
b110001001010000000000000000 E
b11101000000101101 J
b1100100 j
b1011001100110 X
b1101100111 W
b10010111 Y
b101101000 $
b101101000 (
b101101000 1
b101101000 V
1#
#3610000
0#
#3615000
b101011111010 6
b101011111010 R
b100110101010 p
b110010101011 3
b110010101011 [
b100011110011 .
b100011110011 9
b100011110011 l
b100110101010 "
b100110101010 )
b100110101010 -
b100110101010 8
b100110101010 n
b11111011010010110 C
b1110010111 D
b1010111110100 T
b100011110011 7
b100011110011 S
b100110101010 5
b100110101010 Q
b1100101010110 ^
b110001010101 4
b110001010101 \
b100110000011 2
b100110000011 Z
b100011010001000 F
b11010000111 o
b101011101100 ,
b101011101100 =
b101011101100 ]
b101011101100 q
b101101001 ;
b101101001 B
b1100101 j
b11100101110000000000000000 E
b11101000101111000 J
b11000100101 :
b11000100101 K
b11000100101 M
b100010011011 ?
b100000110100 >
b1101111110010 O
b100011110011 N
b1110010101001 P
b1011001110 A
b1011001110 L
b111111111 @
b100110010 u
b10101111111 t
b11010000111 s
b101011101100 r
b1111101010100 X
b110001010101 W
b100110000011 Y
b101101001 $
b101101001 (
b101101001 1
b101101001 V
1#
#3620000
0#
#3625000
b1011001011 6
b1011001011 R
b101101101001 p
b101110101111 3
b101110101111 [
b10110010110 .
b10110010110 9
b10110010110 l
b101101101001 "
b101101101001 )
b101101101001 -
b101101101001 8
b101101101001 n
b1001010010111 T
b10110010110 7
b10110010110 S
b101101101001 5
b101101101001 Q
b11111010000001000 C
b100001001 D
b1011101011110 ^
b101001011101 4
b101001011101 \
b11110001001 2
b11110001001 Z
b100110101010 o
b100011110011 ,
b100011110011 =
b100011110011 ]
b100011110011 q
b1010000111101 F
b101101010 ;
b101101010 B
b10101111111 u
b11010000111 t
b100110101010 s
b100011110011 r
b100000110100 ?
b110010101011 >
b111111111 A
b111111111 L
b101011101100 @
b1100010010101 O
b10110010110 N
b1111001101000 P
b1110010111 :
b1110010111 K
b1110010111 M
b1000010010000000000000000 E
b11101001011000011 J
b1100110 j
b1110101011100 X
b101001011101 W
b11110001001 Y
b101101010 $
b101101010 (
b101101010 1
b101101010 V
1#
#3630000
0#
#3635000
b110001111011 6
b110001111011 R
b100111100011 p
b101000000001 3
b101000000001 [
b101111110101 .
b101111110101 9
b101111110101 l
b100111100011 "
b100111100011 )
b100111100011 -
b100111100011 8
b100111100011 n
b11111111001111011 C
b101101111100 D
b1100011110110 T
b101111110101 7
b101111110101 S
b100111100011 5
b100111100011 Q
b1010000000010 ^
b11100000001 4
b11100000001 \
b10000101011 2
b10000101011 Z
b1110000111110010 F
b101101101001 o
b10110010110 ,
b10110010110 =
b10110010110 ]
b10110010110 q
b101101011 ;
b101101011 B
b1100111 j
b1011011111000000000000000000 E
b11101010000001110 J
b100001001 :
b100001001 K
b100001001 M
b110010101011 ?
b101110101111 >
b1111011110100 O
b101111110101 N
b100111100011 P
b101011101100 A
b101011101100 L
b100011110011 @
b11010000111 u
b100110101010 t
b101101101001 s
b10110010110 r
b1101000000000 X
b11100000001 W
b10000101011 Y
b101101011 $
b101101011 (
b101101011 1
b101101011 V
1#
#3640000
0#
#3645000
b1110110111 6
b1110110111 R
b101001111000 p
b110000 3
b110000 [
b11101101110 .
b11101101110 9
b11101101110 l
b101001111000 "
b101001111000 )
b101001111000 -
b101001111000 8
b101001111000 n
b1010001101111 T
b11101101110 7
b11101101110 S
b101001111000 5
b101001111000 Q
b11111101111101101 C
b100011101110 D
b110101100001 ^
b1100000 4
b1100000 \
b101010001001 2
b101010001001 Z
b100111100011 o
b101111110101 ,
b101111110101 =
b101111110101 ]
b101111110101 q
b1010111110100111 F
b101101100 ;
b101101100 B
b100110101010 u
b101101101001 t
b100111100011 s
b101111110101 r
b101110101111 ?
b101000000001 >
b100011110011 A
b100011110011 L
b10110010110 @
b11101101110 O
b1010001101111 N
b1110101110111 P
b101101111100 :
b101101111100 K
b101101111100 M
b1000111011100000000000000000 E
b11101010101011001 J
b1101000 j
b1100000 X
b110101100001 W
b101010001001 Y
b101101100 $
b101101100 (
b101101100 1
b101101100 V
1#
#3650000
0#
#3655000
b11101000010 6
b11101000010 R
b100110101001 p
b101011101110 3
b101011101110 [
b110000011 .
b110000011 9
b110000011 l
b100110101001 "
b100110101001 )
b100110101001 -
b100110101001 8
b100110101001 n
b11111100101011111 C
b11001100000 D
b111010000100 T
b110000011 7
b110000011 S
b100110101001 5
b100110101001 Q
b1010111011100 ^
b100011011011 4
b100011011011 \
b11000000001 2
b11000000001 Z
b111110101011100 F
b101001111000 o
b11101101110 ,
b11101101110 =
b11101101110 ]
b11101101110 q
b101101101 ;
b101101101 B
b1101001 j
b110011000000000000000000000 E
b11101011010100100 J
b100011101110 :
b100011101110 K
b100011101110 M
b101000000001 ?
b110000 >
b110000011 O
b111010000100 N
b1110010101000 P
b10110010110 A
b10110010110 L
b101111110101 @
b101101101001 u
b100111100011 t
b101001111000 s
b11101101110 r
b1101111011010 X
b100011011011 W
b11000000001 Y
b101101101 $
b101101101 (
b101101101 1
b101101101 V
1#
#3660000
0#
#3665000
b1010101010 6
b1010101010 R
b10110010101 p
b11111111001 3
b11111111001 [
b10101010100 .
b10101010100 9
b10101010100 l
b10110010101 "
b10110010101 )
b10110010101 -
b10110010101 8
b10110010101 n
b1001001010101 T
b10101010100 7
b10101010100 S
b10110010101 5
b10110010101 Q
b11111011011010001 C
b1111010010 D
b111111110010 ^
b1011110001 4
b1011110001 \
b10101 2
b10101 Z
b100110101001 o
b110000011 ,
b110000011 =
b110000011 ]
b110000011 q
b100101100010001 F
b101101110 ;
b101101110 B
b100111100011 u
b101001111000 t
b100110101001 s
b110000011 r
b110000 ?
b101011101110 >
b101111110101 A
b101111110101 L
b11101101110 @
b10101010100 O
b1001001010101 N
b10110010101 P
b11001100000 :
b11001100000 K
b11001100000 M
b11110100100000000000000000 E
b11101011111101111 J
b1101010 j
b1010111110000 X
b1011110001 W
b10101 Y
b101101110 $
b101101110 (
b101101110 1
b101101110 V
1#
#3670000
0#
#3675000
b10110100000 6
b10110100000 R
b1110011100 p
b100111100010 3
b100111100010 [
b101101000000 .
b101101000000 9
b101101000000 l
b1110011100 "
b1110011100 )
b1110011100 -
b1110011100 8
b1110011100 n
b11111010001000011 C
b101000100 D
b1100001000001 T
b101101000000 7
b101101000000 S
b1110011100 5
b1110011100 Q
b1001111000100 ^
b11011000011 4
b11011000011 \
b1111100101 2
b1111100101 Z
b1100011000110 F
b10110010101 o
b10101010100 ,
b10101010100 =
b10101010100 ]
b10101010100 q
b101101111 ;
b101101111 B
b1101011 j
b1010001000000000000000000 E
b11101100100111010 J
b1111010010 :
b1111010010 K
b1111010010 M
b101011101110 ?
b11111111001 >
b1111000111111 O
b101101000000 N
b1110011100 P
b11101101110 A
b11101101110 L
b110000011 @
b101001111000 u
b100110101001 t
b10110010101 s
b10101010100 r
b1100111000010 X
b11011000011 W
b1111100101 Y
b101101111 $
b101101111 (
b101101111 1
b101101111 V
1#
#3680000
0#
#3685000
b11111100100 6
b11111100100 R
b111111 p
b11001011000 3
b11001011000 [
b1011000111 .
b1011000111 9
b1011000111 l
b111111 "
b111111 )
b111111 -
b111111 8
b111111 n
b111111001000 T
b1011000111 7
b1011000111 S
b111111 5
b111111 Q
b11111111010110110 C
b101110110111 D
b1100110110001 ^
b110010110000 4
b110010110000 \
b100111010000 2
b100111010000 Z
b1110011100 o
b101101000000 ,
b101101000000 =
b101101000000 ]
b101101000000 q
b1110011001111011 F
b101110000 ;
b101110000 B
b100110101001 u
b10110010101 t
b1110011100 s
b101101000000 r
b11111111001 ?
b100111100010 >
b110000011 A
b110000011 L
b10101010100 @
b1010111000110 O
b1011000111 N
b111111 P
b101000100 :
b101000100 K
b101000100 M
b1011101101110000000000000000 E
b11101101010000101 J
b1101100 j
b1111110101111 X
b110010110000 W
b100111010000 Y
b101110000 $
b101110000 (
b101110000 1
b101110000 V
1#
#3690000
0#
#3695000
b1000000101 6
b1000000101 R
b11010011110 p
b1000011100 3
b1000011100 [
b10000001010 .
b10000001010 9
b10000001010 l
b11010011110 "
b11010011110 )
b11010011110 -
b11010011110 8
b11010011110 n
b11111110000101000 C
b100100101001 D
b1000100001011 T
b10000001010 7
b10000001010 S
b11010011110 5
b11010011110 Q
b1000100111001 ^
b10000111000 4
b10000111000 \
b101010110 2
b101010110 Z
b1011010000110000 F
b111111 o
b1011000111 ,
b1011000111 =
b1011000111 ]
b1011000111 q
b101110001 ;
b101110001 B
b1101101 j
b1001001010010000000000000000 E
b11101101111010000 J
b101110110111 :
b101110110111 K
b101110110111 M
b100111100010 ?
b11001011000 >
b10000001010 O
b1000100001011 N
b1100110011101 P
b10101010100 A
b10101010100 L
b101101000000 @
b10110010101 u
b1110011100 t
b111111 s
b1011000111 r
b1011100110111 X
b10000111000 W
b101010110 Y
b101110001 $
b101110001 (
b101110001 1
b101110001 V
1#
#3700000
0#
#3705000
b1110110100 6
b1110110100 R
b1000010111 p
b1010111110 3
b1010111110 [
b11101101000 .
b11101101000 9
b11101101000 l
b1000010111 "
b1000010111 )
b1000010111 -
b1000010111 8
b1000010111 n
b1010001101001 T
b11101101000 7
b11101101000 S
b1000010111 5
b1000010111 Q
b11111100110011010 C
b11010011011 D
b1001001111101 ^
b10101111100 4
b10101111100 \
b1010011000 2
b1010011000 Z
b11010011110 o
b10000001010 ,
b10000001010 =
b10000001010 ]
b10000001010 q
b1000000111100101 F
b101110010 ;
b101110010 B
b1110011100 u
b111111 t
b11010011110 s
b10000001010 r
b11001011000 ?
b1000011100 >
b101101000000 A
b101101000000 L
b1011000111 @
b11101101000 O
b1010001101001 N
b1000010111 P
b100100101001 :
b100100101001 K
b100100101001 M
b110100110110000000000000000 E
b11101110100011011 J
b1101110 j
b1100001111011 X
b10101111100 W
b1010011000 Y
b101110010 $
b101110010 (
b101110010 1
b101110010 V
1#
#3710000
0#
#3715000
b10010110001 6
b10010110001 R
b100100101101 p
b101011101110 3
b101011101110 [
b100101100010 .
b100101100010 9
b100101100010 l
b100100101101 "
b100100101101 )
b100100101101 -
b100100101101 8
b100100101101 n
b11111011100001100 C
b10000001101 D
b1011001100011 T
b100101100010 7
b100101100010 S
b100100101101 5
b100100101101 Q
b1010111011100 ^
b100011011011 4
b100011011011 \
b10111110101 2
b10111110101 Z
b100111110011010 F
b1000010111 o
b11101101000 ,
b11101101000 =
b11101101000 ]
b11101101000 q
b101110011 ;
b101110011 B
b1101111 j
b100000011010000000000000000 E
b11101111001100110 J
b11010011011 :
b11010011011 K
b11010011011 M
b1000011100 ?
b1010111110 >
b1110001100001 O
b100101100010 N
b1110000101100 P
b1011000111 A
b1011000111 L
b10000001010 @
b111111 u
b11010011110 t
b1000010111 s
b11101101000 r
b1101111011010 X
b100011011011 W
b10111110101 Y
b101110011 $
b101110011 (
b101110011 1
b101110011 V
1#
#3720000
0#
#3725000
b101010001100 6
b101010001100 R
b110011111110 p
b10101101011 3
b10101101011 [
b100000010111 .
b100000010111 9
b100000010111 l
b110011111110 "
b110011111110 )
b110011111110 -
b110011111110 8
b110011111110 n
b1010100011000 T
b100000010111 7
b100000010111 S
b110011111110 5
b110011111110 Q
b11111010001111110 C
b101111111 D
b1011111010111 ^
b101011010110 4
b101011010110 \
b11111101110 2
b11111101110 Z
b100100101101 o
b100101100010 ,
b100101100010 =
b100101100010 ]
b100101100010 q
b1110101001111 F
b101110100 ;
b101110100 B
b11010011110 u
b1000010111 t
b100100101101 s
b100101100010 r
b1010111110 ?
b101011101110 >
b10000001010 A
b10000001010 L
b11101101000 @
b1101100010110 O
b100000010111 N
b1111111111101 P
b10000001101 :
b10000001101 K
b10000001101 M
b1011111110000000000000000 E
b11101111110110001 J
b1110000 j
b1110111010101 X
b101011010110 W
b11111101110 Y
b101110100 $
b101110100 (
b101110100 1
b101110100 V
1#
#3730000
0#
#3735000
b101011110100 6
b101011110100 R
b10111101001 p
b10011000110 3
b10011000110 [
b100011100111 .
b100011100111 9
b100011100111 l
b10111101001 "
b10111101001 )
b10111101001 -
b10111101001 8
b10111101001 n
b11111111011110001 C
b101111110010 D
b1010111101000 T
b100011100111 7
b100011100111 S
b10111101001 5
b10111101001 Q
b1011010001101 ^
b100110001100 4
b100110001100 \
b11010100010 2
b11010100010 Z
b1110101100000100 F
b110011111110 o
b100000010111 ,
b100000010111 =
b100000010111 ]
b100000010111 q
b101110101 ;
b101110101 B
b1110001 j
b1011111100100000000000000000 E
b11110000011111100 J
b101111111 :
b101111111 K
b101111111 M
b101011101110 ?
b10101101011 >
b1101111100110 O
b100011100111 N
b10111101001 P
b11101101000 A
b11101101000 L
b100101100010 @
b1000010111 u
b100100101101 t
b110011111110 s
b100000010111 r
b1110010001011 X
b100110001100 W
b11010100010 Y
b101110101 $
b101110101 (
b101110101 1
b101110101 V
1#
#3740000
0#
#3745000
b101010101010 6
b101010101010 R
b101001110001 p
b101110101111 3
b101110101111 [
b100001010011 .
b100001010011 9
b100001010011 l
b101001110001 "
b101001110001 )
b101001110001 -
b101001110001 8
b101001110001 n
b1010101010100 T
b100001010011 7
b100001010011 S
b101001110001 5
b101001110001 Q
b11111110001100011 C
b100101100100 D
b1011101011110 ^
b101001011101 4
b101001011101 \
b11101110001 2
b11101110001 Z
b10111101001 o
b100011100111 ,
b100011100111 =
b100011100111 ]
b100011100111 q
b1011100010111001 F
b101110110 ;
b101110110 B
b100100101101 u
b110011111110 t
b10111101001 s
b100011100111 r
b10101101011 ?
b10011000110 >
b100101100010 A
b100101100010 L
b100000010111 @
b100001010011 O
b1010101010100 N
b1110101110000 P
b101111110010 :
b101111110010 K
b101111110010 M
b1001011001000000000000000000 E
b11110001001000111 J
b1110010 j
b1110101011100 X
b101001011101 W
b11101110001 Y
b101110110 $
b101110110 (
b101110110 1
b101110110 V
1#
#3750000
0#
#3755000
b1000111101 6
b1000111101 R
b101110110100 p
b10011100101 3
b10011100101 [
b10001111010 .
b10001111010 9
b10001111010 l
b101110110100 "
b101110110100 )
b101110110100 -
b101110110100 8
b101110110100 n
b11111100111010101 C
b11011010110 D
b1000101111011 T
b10001111010 7
b10001111010 S
b101110110100 5
b101110110100 Q
b1011011001011 ^
b100111001010 4
b100111001010 \
b11011011100 2
b11011011100 Z
b1000011001101110 F
b101001110001 o
b100001010011 ,
b100001010011 =
b100001010011 ]
b100001010011 q
b101110111 ;
b101110111 B
b1110011 j
b110110101100000000000000000 E
b11110001110010010 J
b100101100100 :
b100101100100 K
b100101100100 M
b10011000110 ?
b101110101111 >
b10001111010 O
b1000101111011 N
b1111010110011 P
b100000010111 A
b100000010111 L
b100011100111 @
b110011111110 u
b10111101001 t
b101001110001 s
b100001010011 r
b1110011001001 X
b100111001010 W
b11011011100 Y
b101110111 $
b101110111 (
b101110111 1
b101110111 V
1#
#3760000
0#
#3765000
b101011110 6
b101011110 R
b1000010001 p
b1011111001 3
b1011111001 [
b1010111100 .
b1010111100 9
b1010111100 l
b1000010001 "
b1000010001 )
b1000010001 -
b1000010001 8
b1000010001 n
b111110111101 T
b1010111100 7
b1010111100 S
b1000010001 5
b1000010001 Q
b11111011101000111 C
b10001001000 D
b1001011110011 ^
b10111110010 4
b10111110010 \
b1100000010 2
b1100000010 Z
b101110110100 o
b10001111010 ,
b10001111010 =
b10001111010 ]
b10001111010 q
b101010000100011 F
b101111000 ;
b101111000 B
b10111101001 u
b101001110001 t
b101110110100 s
b10001111010 r
b101110101111 ?
b10011100101 >
b100011100111 A
b100011100111 L
b100001010011 @
b1010111100 O
b111110111101 N
b1000010001 P
b11011010110 :
b11011010110 K
b11011010110 M
b100010010000000000000000000 E
b11110010011011101 J
b1110100 j
b1100011110001 X
b10111110010 W
b1100000010 Y
b101111000 $
b101111000 (
b101111000 1
b101111000 V
1#
#3770000
0#
#3775000
b110011001110 6
b110011001110 R
b10000001011 p
b100010011011 3
b100010011011 [
b110010011011 .
b110010011011 9
b110010011011 l
b10000001011 "
b10000001011 )
b10000001011 -
b10000001011 8
b10000001011 n
b11111010010111001 C
b110111010 D
b1100110011100 T
b110010011011 7
b110010011011 S
b10000001011 5
b10000001011 Q
b1000100110110 ^
b10000110101 4
b10000110101 \
b101000011 2
b101000011 Z
b10000111011000 F
b1000010001 o
b1010111100 ,
b1010111100 =
b1010111100 ]
b1010111100 q
b101111001 ;
b101111001 B
b1110101 j
b1101110100000000000000000 E
b11110011000101000 J
b10001001000 :
b10001001000 K
b10001001000 M
b10011100101 ?
b1011111001 >
b1111110011010 O
b110010011011 N
b10000001011 P
b100001010011 A
b100001010011 L
b10001111010 @
b101001110001 u
b101110110100 t
b1000010001 s
b1010111100 r
b1011100110100 X
b10000110101 W
b101000011 Y
b101111001 $
b101111001 (
b101111001 1
b101111001 V
1#
#3780000
0#
#3785000
b1100011010 6
b1100011010 R
b1011000000 p
b10001010 3
b10001010 [
b11000110100 .
b11000110100 9
b11000110100 l
b1011000000 "
b1011000000 )
b1011000000 -
b1011000000 8
b1011000000 n
b1001100110101 T
b11000110100 7
b11000110100 S
b1011000000 5
b1011000000 Q
b11111111100101100 C
b110000101101 D
b111000010101 ^
b100010100 4
b100010100 \
b101100100001 2
b101100100001 Z
b10000001011 o
b110010011011 ,
b110010011011 =
b110010011011 ]
b110010011011 q
b1110111110001101 F
b101111010 ;
b101111010 B
b101110110100 u
b1000010001 t
b10000001011 s
b110010011011 r
b1011111001 ?
b100010011011 >
b10001111010 A
b10001111010 L
b1010111100 @
b1100100110011 O
b11000110100 N
b1011000000 P
b110111010 :
b110111010 K
b110111010 M
b1100001011010000000000000000 E
b11110011101110011 J
b1110110 j
b100010100 X
b111000010101 W
b101100100001 Y
b101111010 $
b101111010 (
b101111010 1
b101111010 V
1#
#3790000
0#
#3795000
b11110100 6
b11110100 R
b1110010000 p
b101001011000 3
b101001011000 [
b111101000 .
b111101000 9
b111101000 l
b1110010000 "
b1110010000 )
b1110010000 -
b1110010000 8
b1110010000 n
b11111110010011110 C
b100110011111 D
b111011101001 T
b111101000 7
b111101000 S
b1110010000 5
b1110010000 Q
b1010010110000 ^
b11110101111 4
b11110101111 \
b10010111001 2
b10010111001 Z
b1011110101000010 F
b1011000000 o
b11000110100 ,
b11000110100 =
b11000110100 ]
b11000110100 q
b101111011 ;
b101111011 B
b1110111 j
b1001100111110000000000000000 E
b11110100010111110 J
b110000101101 :
b110000101101 K
b110000101101 M
b100010011011 ?
b10001010 >
b111101000 O
b111011101001 N
b1011010001111 P
b1010111100 A
b1010111100 L
b110010011011 @
b1000010001 u
b10000001011 t
b1011000000 s
b11000110100 r
b1101010101110 X
b11110101111 W
b10010111001 Y
b101111011 $
b101111011 (
b101111011 1
b101111011 V
1#
#3800000
0#
#3805000
b101100011101 6
b101100011101 R
b1011111100 p
b110110010 3
b110110010 [
b100100111001 .
b100100111001 9
b100100111001 l
b1011111100 "
b1011111100 )
b1011111100 -
b1011111100 8
b1011111100 n
b1011000111010 T
b100100111001 7
b100100111001 S
b1011111100 5
b1011111100 Q
b11111101000010000 C
b11100010001 D
b1000001100101 ^
b1101100100 4
b1101100100 \
b1101100 2
b1101100 Z
b1110010000 o
b111101000 ,
b111101000 =
b111101000 ]
b111101000 q
b1000101011110111 F
b101111100 ;
b101111100 B
b10000001011 u
b1011000000 t
b1110010000 s
b111101000 r
b10001010 ?
b101001011000 >
b110010011011 A
b110010011011 L
b11000110100 @
b100100111001 O
b1011000111010 N
b1011111100 P
b100110011111 :
b100110011111 K
b100110011111 M
b111000100010000000000000000 E
b11110101000001001 J
b1111000 j
b1011001100011 X
b1101100100 W
b1101100 Y
b101111100 $
b101111100 (
b101111100 1
b101111100 V
1#
#3810000
0#
#3815000
b100010 6
b100010 R
b110000100100 p
b10101011011 3
b10101011011 [
b1000100 .
b1000100 9
b1000100 l
b110000100100 "
b110000100100 )
b110000100100 -
b110000100100 8
b110000100100 n
b11111011110000010 C
b10010000011 D
b110101000101 T
b1000100 7
b1000100 S
b110000100100 5
b110000100100 Q
b1011110110111 ^
b101010110110 4
b101010110110 \
b11110111100 2
b11110111100 Z
b101100010101100 F
b1011111100 o
b100100111001 ,
b100100111001 =
b100100111001 ]
b100100111001 q
b101111101 ;
b101111101 B
b1111001 j
b100100000110000000000000000 E
b11110101101010100 J
b11100010001 :
b11100010001 K
b11100010001 M
b101001011000 ?
b110110010 >
b1000100 O
b110101000101 N
b1111100100011 P
b11000110100 A
b11000110100 L
b111101000 @
b1011000000 u
b1110010000 t
b1011111100 s
b100100111001 r
b1110110110101 X
b101010110110 W
b11110111100 Y
b101111101 $
b101111101 (
b101111101 1
b101111101 V
1#
#3820000
0#
#3825000
b100110110110 6
b100110110110 R
b101001100110 p
b11100001 3
b11100001 [
b11001101011 .
b11001101011 9
b11001101011 l
b101001100110 "
b101001100110 )
b101001100110 -
b101001100110 8
b101001100110 n
b1001101101100 T
b11001101011 7
b11001101011 S
b101001100110 5
b101001100110 Q
b11111010011110100 C
b111110101 D
b111011000011 ^
b111000010 4
b111000010 \
b101111000111 2
b101111000111 Z
b110000100100 o
b1000100 ,
b1000100 =
b1000100 ]
b1000100 q
b10011001100001 F
b101111110 ;
b101111110 B
b1110010000 u
b1011111100 t
b110000100100 s
b1000100 r
b110110010 ?
b10101011011 >
b111101000 A
b111101000 L
b100100111001 @
b1100101101010 O
b11001101011 N
b1110101100101 P
b10010000011 :
b10010000011 K
b10010000011 M
b1111101010000000000000000 E
b11110110010011111 J
b1111010 j
b1010011000001 X
b111000010 W
b1111011000110 Y
b101111110 $
b101111110 (
b101111110 1
b101111110 V
1#
#3830000
0#
#3835000
b10110010111 6
b10110010111 R
b11101000100 p
b1111110101 3
b1111110101 [
b101100101110 .
b101100101110 9
b101100101110 l
b11101000100 "
b11101000100 )
b11101000100 -
b11101000100 8
b11101000100 n
b11111111101100111 C
b110001101000 D
b1100000101111 T
b101100101110 7
b101100101110 S
b11101000100 5
b11101000100 Q
b1010011101011 ^
b11111101010 4
b11111101010 \
b10011101100 2
b10011101100 Z
b1111010000010110 F
b101001100110 o
b11001101011 ,
b11001101011 =
b11001101011 ]
b11001101011 q
b101111111 ;
b101111111 B
b1111011 j
b1100011010000000000000000000 E
b11110110111101010 J
b111110101 :
b111110101 K
b111110101 M
b10101011011 ?
b11100001 >
b1111000101101 O
b101100101110 N
b11101000100 P
b100100111001 A
b100100111001 L
b1000100 @
b1011111100 u
b110000100100 t
b101001100110 s
b11001101011 r
b1101011101001 X
b11111101010 W
b10011101100 Y
b101111111 $
b101111111 (
b101111111 1
b101111111 V
1#
#3840000
0#
#3845000
b11001010110 6
b11001010110 R
b11011101 p
b11001010111 3
b11001010111 [
b110010101100 .
b110010101100 9
b110010101100 l
b11011101 "
b11011101 )
b11011101 -
b11011101 8
b11011101 n
b1100110101101 T
b110010101100 7
b110010101100 S
b11011101 5
b11011101 Q
b11111110011011001 C
b100111011010 D
b1100110101111 ^
b110010101110 4
b110010101110 \
b100110101110 2
b100110101110 Z
b11101000100 o
b101100101110 ,
b101100101110 =
b101100101110 ]
b101100101110 q
b1100000111001011 F
b110000000 ;
b110000000 B
b110000100100 u
b101001100110 t
b11101000100 s
b101100101110 r
b11100001 ?
b1111110101 >
b1000100 A
b1000100 L
b11001101011 @
b1111110101011 O
b110010101100 N
b1001111011100 P
b110001101000 :
b110001101000 K
b110001101000 M
b1001110110100000000000000000 E
b11110111100110101 J
b1111100 j
b1111110101101 X
b110010101110 W
b100110101110 Y
b110000000 $
b110000000 (
b110000000 1
b110000000 V
1#
#3850000
0#
#3855000
b110100010 6
b110100010 R
b100110010010 p
b10010110 3
b10010110 [
b1101000100 .
b1101000100 9
b1101000100 l
b100110010010 "
b100110010010 )
b100110010010 -
b100110010010 8
b100110010010 n
b11111101001001011 C
b11101001100 D
b1000001000101 T
b1101000100 7
b1101000100 S
b100110010010 5
b100110010010 Q
b111000101101 ^
b100101100 4
b100101100 \
b101100101011 2
b101100101011 Z
b1000111110000000 F
b11011101 o
b110010101100 ,
b110010101100 =
b110010101100 ]
b110010101100 q
b110000001 ;
b110000001 B
b1111101 j
b111010011000000000000000000 E
b11111000010000000 J
b100111011010 :
b100111011010 K
b100111011010 M
b1111110101 ?
b11001010111 >
b1101000100 O
b1000001000101 N
b1110010010001 P
b11001101011 A
b11001101011 L
b101100101110 @
b101001100110 u
b11101000100 t
b11011101 s
b110010101100 r
b100101100 X
b111000101101 W
b101100101011 Y
b110000001 $
b110000001 (
b110000001 1
b110000001 V
1#
#3860000
0#
#3865000
b100100111101 6
b100100111101 R
b1111100010 p
b1001100011 3
b1001100011 [
b10101111001 .
b10101111001 9
b10101111001 l
b1111100010 "
b1111100010 )
b1111100010 -
b1111100010 8
b1111100010 n
b1001001111010 T
b10101111001 7
b10101111001 S
b1111100010 5
b1111100010 Q
b11111011110111101 C
b10010111110 D
b1000111000111 ^
b10011000110 4
b10011000110 \
b111000010 2
b111000010 Z
b100110010010 o
b1101000100 ,
b1101000100 =
b1101000100 ]
b1101000100 q
b101110100110101 F
b110000010 ;
b110000010 B
b11101000100 u
b11011101 t
b100110010010 s
b1101000100 r
b11001010111 ?
b10010110 >
b101100101110 A
b101100101110 L
b110010101100 @
b10101111001 O
b1001001111010 N
b1111100010 P
b11101001100 :
b11101001100 K
b11101001100 M
b100101111100000000000000000 E
b11111000111001011 J
b1111110 j
b1011111000101 X
b10011000110 W
b111000010 Y
b110000010 $
b110000010 (
b110000010 1
b110000010 V
1#
#3870000
0#
#3875000
b100010110101 6
b100010110101 R
b11111101110 p
b1101111110 3
b1101111110 [
b10001101001 .
b10001101001 9
b10001101001 l
b11111101110 "
b11111101110 )
b11111101110 -
b11111101110 8
b11111101110 n
b11111010100101111 C
b1000110000 D
b1000101101010 T
b10001101001 7
b10001101001 S
b11111101110 5
b11111101110 Q
b1001111111101 ^
b11011111100 4
b11011111100 \
b1111110110 2
b1111110110 Z
b10101011101010 F
b1111100010 o
b10101111001 ,
b10101111001 =
b10101111001 ]
b10101111001 q
b110000011 ;
b110000011 B
b1111111 j
b10001100000000000000000000 E
b11111001100010110 J
b10010111110 :
b10010111110 K
b10010111110 M
b10010110 ?
b1001100011 >
b10001101001 O
b1000101101010 N
b11111101110 P
b110010101100 A
b110010101100 L
b1101000100 @
b11011101 u
b100110010010 t
b1111100010 s
b10101111001 r
b1100111111011 X
b11011111100 W
b1111110110 Y
b110000011 $
b110000011 (
b110000011 1
b110000011 V
1#
#3880000
0#
#3885000
b1010111010 6
b1010111010 R
b100010100 p
b100101110111 3
b100101110111 [
b10101110100 .
b10101110100 9
b10101110100 l
b100010100 "
b100010100 )
b100010100 -
b100010100 8
b100010100 n
b1001001110101 T
b10101110100 7
b10101110100 S
b100010100 5
b100010100 Q
b11111111110100010 C
b110010100011 D
b100110001001 *
b100110001001 <
b100110001001 G
b100110001001 `
b1000 +
b1000 a
b1001011101110 ^
b10111101101 4
b10111101101 \
b1011100101 2
b1011100101 Z
b11111101110 o
b10001101001 ,
b10001101001 =
b10001101001 ]
b10001101001 q
b1111100010011111 F
b0 h
b1000 e
b110000100 ;
b110000100 B
b100110010010 u
b1111100010 t
b11111101110 s
b10001101001 r
b1001100011 ?
b1101111110 >
b1101000100 A
b1101000100 L
b10101111001 @
b1100001110011 O
b10101110100 N
b100010100 P
b1000110000 :
b1000110000 K
b1000110000 M
b1100101000110000000000000000 E
b11111010001100001 J
b100 /
b100 g
b0 j
b1100011101100 X
b10111101101 W
b1011100101 Y
b110000100 $
b110000100 (
b110000100 1
b110000100 V
1#
#3890000
0#
#3895000
b100100001110 6
b100100001110 R
b10111010111 p
b100111111101 3
b100111111101 [
b10100011011 .
b10100011011 9
b10100011011 l
b10111010111 "
b10111010111 )
b10111010111 -
b10111010111 8
b10111010111 n
b1001000011100 T
b10100011011 7
b10100011011 S
b10111010111 5
b10111010111 Q
b1001111111010 ^
b11011111001 4
b11011111001 \
b1111101111 2
b1111101111 Z
b1110000001011100 F
b11111111001110011 C
b101101110100 D
b100010100 o
b10101110100 ,
b10101110100 =
b10101110100 ]
b10101110100 q
b110000101 ;
b110000101 B
b1 j
b1011011101000000000000000000 E
b11100111001110100100 J
b110010100011 :
b110010100011 K
b110010100011 M
b1101111110 ?
b100101110111 >
b10100011011 O
b1001000011100 N
b1100011010110 P
b10101111001 A
b10101111001 L
b10001101001 @
b1111100010 u
b11111101110 t
b100010100 s
b10101110100 r
b1100111111000 X
b11011111001 W
b1111101111 Y
b110000101 $
b110000101 (
b110000101 1
b110000101 V
1#
#3900000
0#
#3905000
b101101110 6
b101101110 R
b10111110110 p
b100111010001 3
b100111010001 [
b1011011100 .
b1011011100 9
b1011011100 l
b10111110110 "
b10111110110 )
b10111110110 -
b10111110110 8
b10111110110 n
b111111011101 T
b1011011100 7
b1011011100 S
b10111110110 5
b10111110110 Q
b11111110101101000 C
b101001101001 D
b1001110100010 ^
b11010100001 4
b11010100001 \
b1110010101 2
b1110010101 Z
b10111010111 o
b10100011011 ,
b10100011011 =
b10100011011 ]
b10100011011 q
b1100101111010011 F
b110000110 ;
b110000110 B
b11111101110 u
b100010100 t
b10111010111 s
b10100011011 r
b100101110111 ?
b100111111101 >
b10001101001 A
b10001101001 L
b10101110100 @
b1011011100 O
b111111011101 N
b1100011110101 P
b101101110100 :
b101101110100 K
b101101110100 M
b1010011010010000000000000000 E
b11100111110100101101 J
b10 j
b1100110100000 X
b11010100001 W
b1110010101 Y
b110000110 $
b110000110 (
b110000110 1
b110000110 V
1#
#3910000
0#
#3915000
b100000001100 p
b100010110010 3
b100010110010 [
b100000001100 "
b100000001100 )
b100000001100 -
b100000001100 8
b100000001100 n
b11111110001011101 C
b100101011110 D
b100000001100 5
b100000001100 Q
b1000101100100 ^
b10001100011 4
b10001100011 \
b101010101 2
b101010101 Z
b1011011101001010 F
b10111110110 o
b1011011100 ,
b1011011100 =
b1011011100 ]
b1011011100 q
b110000111 ;
b110000111 B
b11 j
b1001010111100000000000000000 E
b11101000011010110110 J
b101001101001 :
b101001101001 K
b101001101001 M
b100111111101 ?
b100111010001 >
b1011011100 O
b111111011101 N
b1101100001011 P
b10101110100 A
b10101110100 L
b10100011011 @
b100010100 u
b10111010111 t
b10111110110 s
b1011011100 r
b1011101100010 X
b10001100011 W
b101010101 Y
b110000111 $
b110000111 (
b110000111 1
b110000111 V
1#
#3920000
0#
#3925000
b10111100 6
b10111100 R
b100010111110 p
b1000110010 3
b1000110010 [
b101111000 .
b101111000 9
b101111000 l
b100010111110 "
b100010111110 )
b100010111110 -
b100010111110 8
b100010111110 n
b111001111001 T
b101111000 7
b101111000 S
b100010111110 5
b100010111110 Q
b11111101101010010 C
b100001010011 D
b1000101100101 ^
b10001100100 4
b10001100100 \
b101010100 2
b101010100 Z
b100000001100 o
b1010001011000001 F
b110001000 ;
b110001000 B
b10111010111 u
b10111110110 t
b100000001100 s
b100111010001 ?
b100010110010 >
b10100011011 A
b10100011011 L
b1011011100 @
b101111000 O
b111001111001 N
b1101110111101 P
b100101011110 :
b100101011110 K
b100101011110 M
b1000010100110000000000000000 E
b11101001000000111111 J
b100 j
b1011101100011 X
b10001100100 W
b101010100 Y
b110001000 $
b110001000 (
b110001000 1
b110001000 V
1#
#3930000
0#
#3935000
b110000011000 6
b110000011000 R
b11110001010 p
b100000000001 3
b100000000001 [
b101100101111 .
b101100101111 9
b101100101111 l
b11110001010 "
b11110001010 )
b11110001010 -
b11110001010 8
b11110001010 n
b11111101001000111 C
b11101001000 D
b1100000110000 T
b101100101111 7
b101100101111 S
b11110001010 5
b11110001010 Q
b1000000000010 ^
b1100000001 4
b1100000001 \
b110011110000 2
b110011110000 Z
b1000111000111000 F
b100010111110 o
b101111000 ,
b101111000 =
b101111000 ]
b101111000 q
b110001001 ;
b110001001 B
b101 j
b111010010000000000000000000 E
b11101001100111001000 J
b100001010011 :
b100001010011 K
b100001010011 M
b100010110010 ?
b1000110010 >
b1111000101110 O
b101100101111 N
b1101010001001 P
b1011011100 A
b1011011100 L
b10111110110 u
b100000001100 t
b100010111110 s
b101111000 r
b1011000000000 X
b1100000001 W
b1111111101111 Y
b110001001 $
b110001001 (
b110001001 1
b110001001 V
1#
#3940000
0#
#3945000
b10100010010 6
b10100010010 R
b100010010101 p
b110011011101 3
b110011011101 [
b101000100100 .
b101000100100 9
b101000100100 l
b100010010101 "
b100010010101 )
b100010010101 -
b100010010101 8
b100010010101 n
b1011100100101 T
b101000100100 7
b101000100100 S
b100010010101 5
b100010010101 Q
b11111100100111100 C
b11000111101 D
b1100110111010 ^
b110010111001 4
b110010111001 \
b100110100101 2
b100110100101 Z
b11110001010 o
b101100101111 ,
b101100101111 =
b101100101111 ]
b101100101111 q
b111100110101111 F
b110001010 ;
b110001010 B
b100000001100 u
b100010111110 t
b11110001010 s
b101100101111 r
b1000110010 ?
b100000000001 >
b101111000 @
b1110100100011 O
b101000100100 N
b1101110010100 P
b11101001000 :
b11101001000 K
b11101001000 M
b110001111010000000000000000 E
b11101010001101010001 J
b110 j
b1111110111000 X
b110010111001 W
b100110100101 Y
b110001010 $
b110001010 (
b110001010 1
b110001010 V
1#
#3950000
0#
#3955000
b101001011011 6
b101001011011 R
b100000111100 p
b110001011000 3
b110001011000 [
b11110110101 .
b11110110101 9
b11110110101 l
b100000111100 "
b100000111100 )
b100000111100 -
b100000111100 8
b100000111100 n
b11111100000110001 C
b10100110010 D
b1010010110110 T
b11110110101 7
b11110110101 S
b100000111100 5
b100000111100 Q
b1100010110000 ^
b101110101111 4
b101110101111 \
b100010011001 2
b100010011001 Z
b110010100100110 F
b100010010101 o
b101000100100 ,
b101000100100 =
b101000100100 ]
b101000100100 q
b110001011 ;
b110001011 B
b111 j
b101001100100000000000000000 E
b11101010110011011010 J
b11000111101 :
b11000111101 K
b11000111101 M
b100000000001 ?
b110011011101 >
b1101010110100 O
b11110110101 N
b1101100111011 P
b101111000 A
b101111000 L
b101100101111 @
b100010111110 u
b11110001010 t
b100010010101 s
b101000100100 r
b1111010101110 X
b101110101111 W
b100010011001 Y
b110001011 $
b110001011 (
b110001011 1
b110001011 V
1#
#3960000
0#
#3965000
b110110000 6
b110110000 R
b10111111101 p
b101100100001 3
b101100100001 [
b1101100000 .
b1101100000 9
b1101100000 l
b10111111101 "
b10111111101 )
b10111111101 -
b10111111101 8
b10111111101 n
b1000001100001 T
b1101100000 7
b1101100000 S
b10111111101 5
b10111111101 Q
b11111011100100110 C
b10000100111 D
b1011001000010 ^
b100101000001 4
b100101000001 \
b11000101001 2
b11000101001 Z
b100000111100 o
b11110110101 ,
b11110110101 =
b11110110101 ]
b11110110101 q
b101000010011101 F
b110001100 ;
b110001100 B
b11110001010 u
b100010010101 t
b100000111100 s
b11110110101 r
b110011011101 ?
b110001011000 >
b101100101111 A
b101100101111 L
b101000100100 @
b1101100000 O
b1000001100001 N
b10111111101 P
b10100110010 :
b10100110010 K
b10100110010 M
b100001001110000000000000000 E
b11101011011001100011 J
b1000 j
b1110001000000 X
b100101000001 W
b11000101001 Y
b110001100 $
b110001100 (
b110001100 1
b110001100 V
1#
#3970000
0#
#3975000
b10100101 6
b10100101 R
b100011110111 3
b100011110111 [
b101001010 .
b101001010 9
b101001010 l
b11111011000011011 C
b1100011100 D
b111001001011 T
b101001010 7
b101001010 S
b1000111101110 ^
b10011101101 4
b10011101101 \
b111010011 2
b111010011 Z
b11110000010100 F
b10111111101 o
b1101100000 ,
b1101100000 =
b1101100000 ]
b1101100000 q
b110001101 ;
b110001101 B
b1001 j
b11000111000000000000000000 E
b11101011111111101100 J
b10000100111 :
b10000100111 K
b10000100111 M
b110001011000 ?
b101100100001 >
b101001010 O
b111001001011 N
b10111111101 P
b101000100100 A
b101000100100 L
b11110110101 @
b100010010101 u
b100000111100 t
b10111111101 s
b1101100000 r
b1011111101100 X
b10011101101 W
b111010011 Y
b110001101 $
b110001101 (
b110001101 1
b110001101 V
1#
#3980000
0#
#3985000
b101111101001 6
b101111101001 R
b10010011001 p
b101101100 3
b101101100 [
b101011010001 .
b101011010001 9
b101011010001 l
b10010011001 "
b10010011001 )
b10010011001 -
b10010011001 8
b10010011001 n
b1011111010010 T
b101011010001 7
b101011010001 S
b10010011001 5
b10010011001 Q
b11111010100010000 C
b1000010001 D
b111111011001 ^
b1011011000 4
b1011011000 \
b110010111101 2
b110010111101 Z
b101001010 ,
b101001010 =
b101001010 ]
b101001010 q
b10011110001011 F
b110001110 ;
b110001110 B
b100000111100 u
b10111111101 t
b101001010 r
b101100100001 ?
b100011110111 >
b11110110101 A
b11110110101 L
b1101100000 @
b1110111010000 O
b101011010001 N
b10010011001 P
b1100011100 :
b1100011100 K
b1100011100 M
b10000100010000000000000000 E
b11101100100101110101 J
b1010 j
b1010111010111 X
b1011011000 W
b1111110111100 Y
b110001110 $
b110001110 (
b110001110 1
b110001110 V
1#
#3990000
0#
#3995000
b100100111001 6
b100100111001 R
b101001111 p
b11000110000 3
b11000110000 [
b10101110001 .
b10101110001 9
b10101110001 l
b101001111 "
b101001111 )
b101001111 -
b101001111 8
b101001111 n
b11111010000000101 C
b100000110 D
b1001001110010 T
b10101110001 7
b10101110001 S
b101001111 5
b101001111 Q
b1100101100001 ^
b110001100000 4
b110001100000 \
b100101000010 2
b100101000010 Z
b1001100000010 F
b10010011001 o
b101011010001 ,
b101011010001 =
b101011010001 ]
b101011010001 q
b110001111 ;
b110001111 B
b1011 j
b1000001100000000000000000 E
b11101101001011111110 J
b1000010001 :
b1000010001 K
b1000010001 M
b100011110111 ?
b101101100 >
b1100001110000 O
b10101110001 N
b101001111 P
b1101100000 A
b1101100000 L
b101001010 @
b10111111101 u
b10010011001 s
b101011010001 r
b1111101011111 X
b110001100000 W
b100101000010 Y
b110001111 $
b110001111 (
b110001111 1
b110001111 V
1#
#4000000
0#
#4005000
b100101000 6
b100101000 R
b1000100 p
b101000000001 3
b101000000001 [
b1001010000 .
b1001010000 9
b1001010000 l
b1000100 "
b1000100 )
b1000100 -
b1000100 8
b1000100 n
b111101010001 T
b1001010000 7
b1001010000 S
b1000100 5
b1000100 Q
b11111111111111011 C
b110011111100 D
b1010000000010 ^
b11100000001 4
b11100000001 \
b1111100001 2
b1111100001 Z
b101001111 o
b10101110001 ,
b10101110001 =
b10101110001 ]
b10101110001 q
b1111111001111001 F
b110010000 ;
b110010000 B
b10010011001 t
b101001111 s
b10101110001 r
b101101100 ?
b11000110000 >
b101001010 A
b101001010 L
b101011010001 @
b1010101001111 O
b1001010000 N
b1000100 P
b100000110 :
b100000110 K
b100000110 M
b1100111111000000000000000000 E
b11101101110010000111 J
b1100 j
b1101000000000 X
b11100000001 W
b1111100001 Y
b110010000 $
b110010000 (
b110010000 1
b110010000 V
1#
#4010000
0#
#4015000
b10101100110 6
b10101100110 R
b101011010110 p
b100001110001 3
b100001110001 [
b101011001100 .
b101011001100 9
b101011001100 l
b101011010110 "
b101011010110 )
b101011010110 -
b101011010110 8
b101011010110 n
b11111111011110000 C
b101111110001 D
b1011111001101 T
b101011001100 7
b101011001100 S
b101011010110 5
b101011010110 Q
b1000011100010 ^
b1111100001 4
b1111100001 \
b10111111 2
b10111111 Z
b1110100111110000 F
b1000100 o
b1001010000 ,
b1001010000 =
b1001010000 ]
b1001010000 q
b110010001 ;
b110010001 B
b1101 j
b1011111100010000000000000000 E
b11101110011000010000 J
b110011111100 :
b110011111100 K
b110011111100 M
b11000110000 ?
b101000000001 >
b101011001100 O
b1011111001101 N
b1110111010101 P
b101011010001 A
b101011010001 L
b10101110001 @
b10010011001 u
b101001111 t
b1000100 s
b1001010000 r
b1011011100000 X
b1111100001 W
b10111111 Y
b110010001 $
b110010001 (
b110010001 1
b110010001 V
1#
#4020000
0#
#4025000
b100010110001 6
b100010110001 R
b11010000001 p
b11000101111 3
b11000101111 [
b10001100001 .
b10001100001 9
b10001100001 l
b11010000001 "
b11010000001 )
b11010000001 -
b11010000001 8
b11010000001 n
b1000101100010 T
b10001100001 7
b10001100001 S
b11010000001 5
b11010000001 Q
b11111110111100101 C
b101011100110 D
b1100101011111 ^
b110001011110 4
b110001011110 \
b100100111010 2
b100100111010 Z
b101011010110 o
b101011001100 ,
b101011001100 =
b101011001100 ]
b101011001100 q
b1101010101100111 F
b110010010 ;
b110010010 B
b101001111 u
b1000100 t
b101011010110 s
b101011001100 r
b101000000001 ?
b100001110001 >
b10101110001 A
b10101110001 L
b1001010000 @
b10001100001 O
b1000101100010 N
b1100110000000 P
b101111110001 :
b101111110001 K
b101111110001 M
b1010111001100000000000000000 E
b11101110111110011001 J
b1110 j
b1111101011101 X
b110001011110 W
b100100111010 Y
b110010010 $
b110010010 (
b110010010 1
b110010010 V
1#
#4030000
0#
#4035000
b11010011011 6
b11010011011 R
b10001101011 p
b1011111010 3
b1011111010 [
b110101 .
b110101 9
b110101 l
b10001101011 "
b10001101011 )
b10001101011 -
b10001101011 8
b10001101011 n
b11111110011011010 C
b100111011011 D
b110100110110 T
b110101 7
b110101 S
b10001101011 5
b10001101011 Q
b1001011110101 ^
b10111110100 4
b10111110100 \
b1011001110 2
b1011001110 Z
b1100000011011110 F
b11010000001 o
b10001100001 ,
b10001100001 =
b10001100001 ]
b10001100001 q
b110010011 ;
b110010011 B
b1111 j
b1001110110110000000000000000 E
b11101111100100100010 J
b101011100110 :
b101011100110 K
b101011100110 M
b100001110001 ?
b11000101111 >
b110101 O
b110100110110 N
b1011101101010 P
b1001010000 A
b1001010000 L
b101011001100 @
b1000100 u
b101011010110 t
b11010000001 s
b10001100001 r
b1100011110011 X
b10111110100 W
b1011001110 Y
b110010011 $
b110010011 (
b110010011 1
b110010011 V
1#
#4040000
0#
#4045000
b1111010011 6
b1111010011 R
b11110001 p
b11101100101 3
b11101100101 [
b11110100110 .
b11110100110 9
b11110100110 l
b11110001 "
b11110001 )
b11110001 -
b11110001 8
b11110001 n
b1010010100111 T
b11110100110 7
b11110100110 S
b11110001 5
b11110001 Q
b11111101111001111 C
b100011010000 D
b10101100010 *
b10101100010 <
b10101100010 G
b10101100010 `
b1001 +
b1001 a
b111011001010 ^
b111001001 4
b111001001 \
b101110100010 2
b101110100010 Z
b10001101011 o
b110101 ,
b110101 =
b110101 ]
b110101 q
b1010110001010101 F
b1 h
b110010100 ;
b110010100 B
b101011010110 u
b11010000001 t
b10001101011 s
b110101 r
b11000101111 ?
b1011111010 >
b101011001100 A
b101011001100 L
b10001100001 @
b11110100110 O
b1010010100111 N
b11110001 P
b100111011011 :
b100111011011 K
b100111011011 M
b1000110100000000000000000000 E
b11110000001010101011 J
b10000 j
b1010011001000 X
b111001001 W
b1111010100001 Y
b110010100 $
b110010100 (
b110010100 1
b110010100 V
1#
#4050000
0#
#4055000
b11000 6
b11000 R
b100010010010 p
b101100011110 3
b101100011110 [
b110000 .
b110000 9
b110000 l
b100010010010 "
b100010010010 )
b100010010010 -
b100010010010 8
b100010010010 n
b110100110001 T
b110000 7
b110000 S
b100010010010 5
b100010010010 Q
b1011000111100 ^
b100100111011 4
b100100111011 \
b11000010001 2
b11000010001 Z
b100101011000 F
b11111001110000001 C
b10000010 D
b11110001 o
b11110100110 ,
b11110100110 =
b11110100110 ]
b11110100110 q
b110010101 ;
b110010101 B
b10001 j
b100000100000000000000000 E
b10000111111010101000 J
b100011010000 :
b100011010000 K
b100011010000 M
b1011111010 ?
b11101100101 >
b110000 O
b110100110001 N
b1101110010001 P
b10001100001 A
b10001100001 L
b110101 @
b11010000001 u
b10001101011 t
b11110001 s
b11110100110 r
b1110000111010 X
b100100111011 W
b11000010001 Y
b110010101 $
b110010101 (
b110010101 1
b110010101 V
1#
#4060000
0#
#4065000
b11011011100 6
b11011011100 R
b110010110100 p
b11100011 3
b11100011 [
b10110111 .
b10110111 9
b10110111 l
b110010110100 "
b110010110100 )
b110010110100 -
b110010110100 8
b110010110100 n
b110110111000 T
b10110111 7
b10110111 S
b110010110100 5
b110010110100 Q
b11111111111101110 C
b110011101111 D
b111011000111 ^
b111000110 4
b111000110 \
b101110011011 2
b101110011011 Z
b100010010010 o
b110000 ,
b110000 =
b110000 ]
b110000 q
b1111110111110110 F
b110010110 ;
b110010110 B
b10001101011 u
b11110001 t
b100010010010 s
b110000 r
b11101100101 ?
b101100011110 >
b110101 A
b110101 L
b11110100110 @
b1001110110110 O
b10110111 N
b1111110110011 P
b10000010 :
b10000010 K
b10000010 M
b1100111011110000000000000000 E
b10001000010000001010 J
b10010 j
b1010011000101 X
b111000110 W
b1111010011010 Y
b110010110 $
b110010110 (
b110010110 1
b110010110 V
1#
#4070000
0#
#4075000
b1111001010 6
b1111001010 R
b11110111000 p
b100100111 3
b100100111 [
b11110010100 .
b11110010100 9
b11110010100 l
b11110111000 "
b11110111000 )
b11110111000 -
b11110111000 8
b11110111000 n
b11111111101011010 C
b110001011011 D
b1010010010101 T
b11110010100 7
b11110010100 S
b11110111000 5
b11110111000 Q
b111101001111 ^
b1001001110 4
b1001001110 \
b110000100001 2
b110000100001 Z
b1111001010010100 F
b110010110100 o
b10110111 ,
b10110111 =
b10110111 ]
b10110111 q
b110010111 ;
b110010111 B
b10011 j
b1100010110110000000000000000 E
b10001000100101101100 J
b110011101111 :
b110011101111 K
b110011101111 M
b101100011110 ?
b11100011 >
b11110010100 O
b1010010010101 N
b1101010110111 P
b11110100110 A
b11110100110 L
b110000 @
b11110001 u
b100010010010 t
b110010110100 s
b10110111 r
b1010101001101 X
b1001001110 W
b1111100100000 Y
b110010111 $
b110010111 (
b110010111 1
b110010111 V
1#
#4080000
0#
#4085000
b110011000110 6
b110011000110 R
b11010110 p
b10010010110 3
b10010010110 [
b110010001011 .
b110010001011 9
b110010001011 l
b11010110 "
b11010110 )
b11010110 -
b11010110 8
b11010110 n
b1100110001100 T
b110010001011 7
b110010001011 S
b11010110 5
b11010110 Q
b11111111011000110 C
b101111000111 D
b1011000101101 ^
b100100101100 4
b100100101100 \
b10111111100 2
b10111111100 Z
b11110111000 o
b11110010100 ,
b11110010100 =
b11110010100 ]
b11110010100 q
b1110011100110010 F
b110011000 ;
b110011000 B
b100010010010 u
b110010110100 t
b11110111000 s
b11110010100 r
b11100011 ?
b100100111 >
b110000 A
b110000 L
b10110111 @
b1111110001010 O
b110010001011 N
b1001111010101 P
b110001011011 :
b110001011011 K
b110001011011 M
b1011110001110000000000000000 E
b10001000111011001110 J
b10100 j
b1110000101011 X
b100100101100 W
b10111111100 Y
b110011000 $
b110011000 (
b110011000 1
b110011000 V
1#
#4090000
0#
#4095000
b11000111111 6
b11000111111 R
b111110001 p
b11100010010 3
b11100010010 [
b110001111110 .
b110001111110 9
b110001111110 l
b111110001 "
b111110001 )
b111110001 -
b111110001 8
b111110001 n
b11111111000110010 C
b101100110011 D
b1100101111111 T
b110001111110 7
b110001111110 S
b111110001 5
b111110001 Q
b111000100100 ^
b100100011 4
b100100011 \
b101011110010 2
b101011110010 Z
b1101101111010000 F
b11010110 o
b110010001011 ,
b110010001011 =
b110010001011 ]
b110010001011 q
b110011001 ;
b110011001 B
b10101 j
b1011001100110000000000000000 E
b10001001010000110000 J
b101111000111 :
b101111000111 K
b101111000111 M
b100100111 ?
b10010010110 >
b1111101111101 O
b110001111110 N
b1010011110000 P
b10110111 A
b10110111 L
b11110010100 @
b110010110100 u
b11110111000 t
b11010110 s
b110010001011 r
b100100011 X
b111000100100 W
b101011110010 Y
b110011001 $
b110011001 (
b110011001 1
b110011001 V
1#
#4100000
0#
#4105000
b1011100011 6
b1011100011 R
b100101100010 p
b11100001100 3
b11100001100 [
b10111000110 .
b10111000110 9
b10111000110 l
b100101100010 "
b100101100010 )
b100101100010 -
b100101100010 8
b100101100010 n
b1001011000111 T
b10111000110 7
b10111000110 S
b100101100010 5
b100101100010 Q
b11111110110011110 C
b101010011111 D
b111000011000 ^
b100010111 4
b100010111 \
b101011100100 2
b101011100100 Z
b111110001 o
b110001111110 ,
b110001111110 =
b110001111110 ]
b110001111110 q
b1101000001101110 F
b110011010 ;
b110011010 B
b11110111000 u
b11010110 t
b111110001 s
b110001111110 r
b10010010110 ?
b11100010010 >
b11110010100 A
b11110010100 L
b110010001011 @
b10111000110 O
b1001011000111 N
b1110001100001 P
b101100110011 :
b101100110011 K
b101100110011 M
b1010100111110000000000000000 E
b10001001100110010010 J
b10110 j
b100010111 X
b111000011000 W
b101011100100 Y
b110011010 $
b110011010 (
b110011010 1
b110011010 V
1#
#4110000
0#
#4115000
b101110010101 6
b101110010101 R
b111101100 p
b101000110001 3
b101000110001 [
b101000101001 .
b101000101001 9
b101000101001 l
b111101100 "
b111101100 )
b111101100 -
b111101100 8
b111101100 n
b11111110100001010 C
b101000001011 D
b1011100101010 T
b101000101001 7
b101000101001 S
b111101100 5
b111101100 Q
b1010001100010 ^
b11101100001 4
b11101100001 \
b10000101011 2
b10000101011 Z
b1100010100001100 F
b100101100010 o
b10111000110 ,
b10111000110 =
b10111000110 ]
b10111000110 q
b110011011 ;
b110011011 B
b10111 j
b1010000010110000000000000000 E
b10001001111011110100 J
b101010011111 :
b101010011111 K
b101010011111 M
b11100010010 ?
b11100001100 >
b101000101001 O
b1011100101010 N
b111101100 P
b110010001011 A
b110010001011 L
b110001111110 @
b11010110 u
b111110001 t
b100101100010 s
b10111000110 r
b1101001100000 X
b11101100001 W
b10000101011 Y
b110011011 $
b110011011 (
b110011011 1
b110011011 V
1#
#4120000
0#
#4125000
b10011000100 6
b10011000100 R
b1001110011 p
b110001100011 3
b110001100011 [
b100110001000 .
b100110001000 9
b100110001000 l
b1001110011 "
b1001110011 )
b1001110011 -
b1001110011 8
b1001110011 n
b1011010001001 T
b100110001000 7
b100110001000 S
b1001110011 5
b1001110011 Q
b11111110001110110 C
b100101110111 D
b1100011000110 ^
b101111000101 4
b101111000101 \
b100010001101 2
b100010001101 Z
b111101100 o
b101000101001 ,
b101000101001 =
b101000101001 ]
b101000101001 q
b1011100110101010 F
b110011100 ;
b110011100 B
b111110001 u
b100101100010 t
b111101100 s
b101000101001 r
b11100001100 ?
b101000110001 >
b110001111110 A
b110001111110 L
b10111000110 @
b100110001000 O
b1011010001001 N
b1001110011 P
b101000001011 :
b101000001011 K
b101000001011 M
b1001011101110000000000000000 E
b10001010010001010110 J
b11000 j
b1111011000100 X
b101111000101 W
b100010001101 Y
b110011100 $
b110011100 (
b110011100 1
b110011100 V
1#
#4130000
0#
#4135000
b100011110 6
b100011110 R
b100101010000 p
b110000010011 3
b110000010011 [
b1000111100 .
b1000111100 9
b1000111100 l
b100101010000 "
b100101010000 )
b100101010000 -
b100101010000 8
b100101010000 n
b11111101111100010 C
b100011100011 D
b111100111101 T
b1000111100 7
b1000111100 S
b100101010000 5
b100101010000 Q
b1100000100110 ^
b101100100101 4
b101100100101 \
b11111101011 2
b11111101011 Z
b1010111001001000 F
b1001110011 o
b100110001000 ,
b100110001000 =
b100110001000 ]
b100110001000 q
b110011101 ;
b110011101 B
b11001 j
b1000111000110000000000000000 E
b10001010100110111000 J
b100101110111 :
b100101110111 K
b100101110111 M
b101000110001 ?
b110001100011 >
b1000111100 O
b111100111101 N
b1110001001111 P
b10111000110 A
b10111000110 L
b101000101001 @
b100101100010 u
b111101100 t
b1001110011 s
b100110001000 r
b1111000100100 X
b101100100101 W
b11111101011 Y
b110011101 $
b110011101 (
b110011101 1
b110011101 V
1#
#4140000
0#
#4145000
b100110000110 6
b100110000110 R
b101000110 p
b111101101 3
b111101101 [
b11000001011 .
b11000001011 9
b11000001011 l
b101000110 "
b101000110 )
b101000110 -
b101000110 8
b101000110 n
b1001100001100 T
b11000001011 7
b11000001011 S
b101000110 5
b101000110 Q
b11111101101001110 C
b100001001111 D
b1000011011011 ^
b1111011010 4
b1111011010 \
b10011110 2
b10011110 Z
b100101010000 o
b1000111100 ,
b1000111100 =
b1000111100 ]
b1000111100 q
b1010001011100110 F
b110011110 ;
b110011110 B
b111101100 u
b1001110011 t
b100101010000 s
b1000111100 r
b110001100011 ?
b110000010011 >
b101000101001 A
b101000101001 L
b100110001000 @
b11000001011 O
b1001100001100 N
b101000110 P
b100011100011 :
b100011100011 K
b100011100011 M
b1000010011110000000000000000 E
b10001010111100011010 J
b11010 j
b1011011011001 X
b1111011010 W
b10011110 Y
b110011110 $
b110011110 (
b110011110 1
b110011110 V
1#
#4150000
0#
#4155000
b1001101011 6
b1001101011 R
b100111001 p
b1111010101 3
b1111010101 [
b10011010110 .
b10011010110 9
b10011010110 l
b100111001 "
b100111001 )
b100111001 -
b100111001 8
b100111001 n
b11111101010111010 C
b11110111011 D
b1000111010111 T
b10011010110 7
b10011010110 S
b100111001 5
b100111001 Q
b1010010101011 ^
b11110101010 4
b11110101010 \
b10001101100 2
b10001101100 Z
b1001011110000100 F
b101000110 o
b11000001011 ,
b11000001011 =
b11000001011 ]
b11000001011 q
b110011111 ;
b110011111 B
b11011 j
b111101110110000000000000000 E
b10001011010001111100 J
b100001001111 :
b100001001111 K
b100001001111 M
b110000010011 ?
b111101101 >
b10011010110 O
b1000111010111 N
b100111001 P
b100110001000 A
b100110001000 L
b1000111100 @
b1001110011 u
b100101010000 t
b101000110 s
b11000001011 r
b1101010101001 X
b11110101010 W
b10001101100 Y
b110011111 $
b110011111 (
b110011111 1
b110011111 V
1#
#4160000
0#
#4165000
b101101111100 6
b101101111100 R
b11110000010 p
b1100111011 3
b1100111011 [
b100111110111 .
b100111110111 9
b100111110111 l
b11110000010 "
b11110000010 )
b11110000010 -
b11110000010 8
b11110000010 n
b1011011111000 T
b100111110111 7
b100111110111 S
b11110000010 5
b11110000010 Q
b11111101000100110 C
b11100100111 D
b1001101110111 ^
b11001110110 4
b11001110110 \
b1100110110 2
b1100110110 Z
b100111001 o
b10011010110 ,
b10011010110 =
b10011010110 ]
b10011010110 q
b1000110000100010 F
b110100000 ;
b110100000 B
b100101010000 u
b101000110 t
b100111001 s
b10011010110 r
b111101101 ?
b1111010101 >
b1000111100 A
b1000111100 L
b11000001011 @
b1110011110110 O
b100111110111 N
b1101010000001 P
b11110111011 :
b11110111011 K
b11110111011 M
b111001001110000000000000000 E
b10001011100111011110 J
b11100 j
b1100101110101 X
b11001110110 W
b1100110110 Y
b110100000 $
b110100000 (
b110100000 1
b110100000 V
1#
#4170000
0#
#4175000
b11010011001 6
b11010011001 R
b101111100101 p
b10111001100 3
b10111001100 [
b110001 .
b110001 9
b110001 l
b101111100101 "
b101111100101 )
b101111100101 -
b101111100101 8
b101111100101 n
b11111100110010010 C
b11010010011 D
b110100110010 T
b110001 7
b110001 S
b101111100101 5
b101111100101 Q
b1100010011001 ^
b101110011000 4
b101110011000 \
b100001010110 2
b100001010110 Z
b1000000011000000 F
b11110000010 o
b100111110111 ,
b100111110111 =
b100111110111 ]
b100111110111 q
b110100001 ;
b110100001 B
b11101 j
b110100100110000000000000000 E
b10001011111101000000 J
b11100100111 :
b11100100111 K
b11100100111 M
b1111010101 ?
b1100111011 >
b110001 O
b110100110010 N
b1111011100100 P
b11000001011 A
b11000001011 L
b10011010110 @
b101000110 u
b100111001 t
b11110000010 s
b100111110111 r
b1111010010111 X
b101110011000 W
b100001010110 Y
b110100001 $
b110100001 (
b110100001 1
b110100001 V
1#
#4180000
0#
#4185000
b110000110101 6
b110000110101 R
b101101000100 p
b11101101010 3
b11101101010 [
b101101101001 .
b101101101001 9
b101101101001 l
b101101000100 "
b101101000100 )
b101101000100 -
b101101000100 8
b101101000100 n
b1100001101010 T
b101101101001 7
b101101101001 S
b101101000100 5
b101101000100 Q
b11111100011111110 C
b10111111111 D
b111011010100 ^
b111010011 4
b111010011 \
b101110010000 2
b101110010000 Z
b101111100101 o
b110001 ,
b110001 =
b110001 ]
b110001 q
b111010101011110 F
b110100010 ;
b110100010 B
b100111001 u
b11110000010 t
b101111100101 s
b110001 r
b1100111011 ?
b10111001100 >
b10011010110 A
b10011010110 L
b100111110111 @
b1111001101000 O
b101101101001 N
b1111001000011 P
b11010010011 :
b11010010011 K
b11010010011 M
b101111111110000000000000000 E
b10001100010010100010 J
b11110 j
b1010011010010 X
b111010011 W
b1111010001111 Y
b110100010 $
b110100010 (
b110100010 1
b110100010 V
1#
#4190000
0#
#4195000
b11111111011 6
b11111111011 R
b1111111000 p
b11010000110 3
b11010000110 [
b1011110101 .
b1011110101 9
b1011110101 l
b1111111000 "
b1111111000 )
b1111111000 -
b1111111000 8
b1111111000 n
b11111100001101010 C
b10101101011 D
b111111110110 T
b1011110101 7
b1011110101 S
b1111111000 5
b1111111000 Q
b110100001100 ^
b1011 4
b1011 \
b100111000110 2
b100111000110 Z
b110100111111100 F
b101101000100 o
b101101101001 ,
b101101101001 =
b101101101001 ]
b101101101001 q
b110100011 ;
b110100011 B
b11111 j
b101011010110000000000000000 E
b10001100101000000100 J
b10111111111 :
b10111111111 K
b10111111111 M
b10111001100 ?
b11101101010 >
b1011110101 O
b111111110110 N
b1111111000 P
b100111110111 A
b100111110111 L
b110001 @
b11110000010 u
b101111100101 t
b101101000100 s
b101101101001 r
b1011 X
b110100001100 W
b100111000110 Y
b110100011 $
b110100011 (
b110100011 1
b110100011 V
1#
#4200000
0#
#4205000
b1011001110 6
b1011001110 R
b11111000111 p
b100011001101 3
b100011001101 [
b10110011100 .
b10110011100 9
b10110011100 l
b11111000111 "
b11111000111 )
b11111000111 -
b11111000111 8
b11111000111 n
b1001010011101 T
b10110011100 7
b10110011100 S
b11111000111 5
b11111000111 Q
b11111011111010110 C
b10011010111 D
b11000100011 *
b11000100011 <
b11000100011 G
b11000100011 `
b1010 +
b1010 a
b1000110011010 ^
b10010011001 4
b10010011001 \
b101010001 2
b101010001 Z
b1111111000 o
b1011110101 ,
b1011110101 =
b1011110101 ]
b1011110101 q
b101111010011010 F
b10 h
b110100100 ;
b110100100 B
b101111100101 u
b101101000100 t
b1111111000 s
b1011110101 r
b11101101010 ?
b11010000110 >
b110001 A
b110001 L
b101101101001 @
b1100010011011 O
b10110011100 N
b1101011000110 P
b10101101011 :
b10101101011 K
b10101101011 M
b100110101110000000000000000 E
b10001100111101100110 J
b100000 j
b1011110011000 X
b10010011001 W
b101010001 Y
b110100100 $
b110100100 (
b110100100 1
b110100100 V
1#
#4210000
0#
#4215000
b100000100000 6
b100000100000 R
b11010010010 p
b101000100001 3
b101000100001 [
b1100111111 .
b1100111111 9
b1100111111 l
b11010010010 "
b11010010010 )
b11010010010 -
b11010010010 8
b11010010010 n
b1000001000000 T
b1100111111 7
b1100111111 S
b11010010010 5
b11010010010 Q
b1010001000010 ^
b11101000001 4
b11101000001 \
b1111110111 2
b1111110111 Z
b110101010010100 F
b11111100001110011 C
b10101110100 D
b11111000111 o
b10110011100 ,
b10110011100 =
b10110011100 ]
b10110011100 q
b110100101 ;
b110100101 B
b100001 j
b101011101000000000000000000 E
b10100001000101101100 J
b10011010111 :
b10011010111 K
b10011010111 M
b11010000110 ?
b100011001101 >
b1100111111 O
b1000001000000 N
b11010010010 P
b101101101001 A
b101101101001 L
b1011110101 @
b101101000100 u
b1111111000 t
b11111000111 s
b10110011100 r
b1101001000000 X
b11101000001 W
b1111110111 Y
b110100101 $
b110100101 (
b110100101 1
b110100101 V
1#
#4220000
0#
#4225000
b101010110101 6
b101010110101 R
b101010000010 p
b100011110011 3
b100011110011 [
b100001101001 .
b100001101001 9
b100001101001 l
b101010000010 "
b101010000010 )
b101010000010 -
b101010000010 8
b101010000010 n
b1010101101010 T
b100001101001 7
b100001101001 S
b101010000010 5
b101010000010 Q
b11111010100111110 C
b1000111111 D
b1000111100110 ^
b10011100101 4
b10011100101 \
b110011001 2
b110011001 Z
b11010010010 o
b1100111111 ,
b1100111111 =
b1100111111 ]
b1100111111 q
b10101101110001 F
b110100110 ;
b110100110 B
b1111111000 u
b11111000111 t
b11010010010 s
b1100111111 r
b100011001101 ?
b101000100001 >
b1011110101 A
b1011110101 L
b10110011100 @
b1101101101000 O
b100001101001 N
b1110110000001 P
b10101110100 :
b10101110100 K
b10101110100 M
b10001111110000000000000000 E
b10100001011110001111 J
b100010 j
b1011111100100 X
b10011100101 W
b110011001 Y
b110100110 $
b110100110 (
b110100110 1
b110100110 V
1#
#4230000
0#
#4235000
b101001101110 6
b101001101110 R
b1101011101 p
b10100001000 3
b10100001000 [
b11111011011 .
b11111011011 9
b11111011011 l
b1101011101 "
b1101011101 )
b1101011101 -
b1101011101 8
b1101011101 n
b11111111100001010 C
b110000001011 D
b1010011011100 T
b11111011011 7
b11111011011 S
b1101011101 5
b1101011101 Q
b1011100010001 ^
b101000010000 4
b101000010000 \
b11011000010 2
b11011000010 Z
b1110110001001110 F
b101010000010 o
b100001101001 ,
b100001101001 =
b100001101001 ]
b100001101001 q
b110100111 ;
b110100111 B
b100011 j
b1100000010110000000000000000 E
b10100001110110110010 J
b1000111111 :
b1000111111 K
b1000111111 M
b101000100001 ?
b100011110011 >
b1101011011010 O
b11111011011 N
b1101011101 P
b10110011100 A
b10110011100 L
b1100111111 @
b11111000111 u
b11010010010 t
b101010000010 s
b100001101001 r
b1110100001111 X
b101000010000 W
b11011000010 Y
b110100111 $
b110100111 (
b110100111 1
b110100111 V
1#
#4240000
0#
#4245000
b11110100101 6
b11110100101 R
b10000110101 p
b101101000010 3
b101101000010 [
b1001001001 .
b1001001001 9
b1001001001 l
b10000110101 "
b10000110101 )
b10000110101 -
b10000110101 8
b10000110101 n
b111101001010 T
b1001001001 7
b1001001001 S
b10000110101 5
b10000110101 Q
b11111101111010101 C
b100011010110 D
b1011010000100 ^
b100110000011 4
b100110000011 \
b11000110011 2
b11000110011 Z
b1101011101 o
b11111011011 ,
b11111011011 =
b11111011011 ]
b11111011011 q
b1010110100101011 F
b110101000 ;
b110101000 B
b11010010010 u
b101010000010 t
b1101011101 s
b11111011011 r
b100011110011 ?
b10100001000 >
b1100111111 A
b1100111111 L
b100001101001 @
b1001001001 O
b111101001010 N
b1011100110100 P
b110000001011 :
b110000001011 K
b110000001011 M
b1000110101100000000000000000 E
b10100010001111010101 J
b100100 j
b1110010000010 X
b100110000011 W
b11000110011 Y
b110101000 $
b110101000 (
b110101000 1
b110101000 V
1#
#4250000
0#
#4255000
b1000011111 6
b1000011111 R
b110010010100 p
b111111001 3
b111111001 [
b10000111110 .
b10000111110 9
b10000111110 l
b110010010100 "
b110010010100 )
b110010010100 -
b110010010100 8
b110010010100 n
b11111100010100000 C
b10110100001 D
b1000100111111 T
b10000111110 7
b10000111110 S
b110010010100 5
b110010010100 Q
b1000011110011 ^
b1111110010 4
b1111110010 \
b10100000 2
b10100000 Z
b110111000001000 F
b10000110101 o
b1001001001 ,
b1001001001 =
b1001001001 ]
b1001001001 q
b110101001 ;
b110101001 B
b100101 j
b101101000010000000000000000 E
b10100010100111111000 J
b100011010110 :
b100011010110 K
b100011010110 M
b10100001000 ?
b101101000010 >
b10000111110 O
b1000100111111 N
b1111110010011 P
b100001101001 A
b100001101001 L
b11111011011 @
b101010000010 u
b1101011101 t
b10000110101 s
b1001001001 r
b1011011110001 X
b1111110010 W
b10100000 Y
b110101001 $
b110101001 (
b110101001 1
b110101001 V
1#
#4260000
0#
#4265000
b11010111110 6
b11010111110 R
b1000111010 p
b1011110100 3
b1011110100 [
b1111011 .
b1111011 9
b1111011 l
b1000111010 "
b1000111010 )
b1000111010 -
b1000111010 8
b1000111010 n
b110101111100 T
b1111011 7
b1111011 S
b1000111010 5
b1000111010 Q
b11111010101101011 C
b1001101100 D
b1001011101001 ^
b10111101000 4
b10111101000 \
b1010010100 2
b1010010100 Z
b110010010100 o
b10000111110 ,
b10000111110 =
b10000111110 ]
b10000111110 q
b10111011100101 F
b110101010 ;
b110101010 B
b1101011101 u
b10000110101 t
b110010010100 s
b10000111110 r
b101101000010 ?
b111111001 >
b11111011011 A
b11111011011 L
b1001001001 @
b1111011 O
b110101111100 N
b1000111010 P
b10110100001 :
b10110100001 K
b10110100001 M
b10011011000000000000000000 E
b10100011000000011011 J
b100110 j
b1100011100111 X
b10111101000 W
b1010010100 Y
b110101010 $
b110101010 (
b110101010 1
b110101010 V
1#
#4270000
0#
#4275000
b100011011011 6
b100011011011 R
b110011011110 p
b100010011 3
b100010011 [
b10010110101 .
b10010110101 9
b10010110101 l
b110011011110 "
b110011011110 )
b110011011110 -
b110011011110 8
b110011011110 n
b11111111100110111 C
b110000111000 D
b1000110110110 T
b10010110101 7
b10010110101 S
b110011011110 5
b110011011110 Q
b111100100111 ^
b1000100110 4
b1000100110 \
b101111010001 2
b101111010001 Z
b1110111111000010 F
b1000111010 o
b1111011 ,
b1111011 =
b1111011 ]
b1111011 q
b110101011 ;
b110101011 B
b100111 j
b1100001110000000000000000000 E
b10100011011000111110 J
b1001101100 :
b1001101100 K
b1001101100 M
b111111001 ?
b1011110100 >
b1011110110100 O
b10010110101 N
b1111111011101 P
b1001001001 A
b1001001001 L
b10000111110 @
b10000110101 u
b110010010100 t
b1000111010 s
b1111011 r
b1010100100101 X
b1000100110 W
b1111011010000 Y
b110101011 $
b110101011 (
b110101011 1
b110101011 V
1#
#4280000
0#
#4285000
b100000111011 6
b100000111011 R
b10100000111 p
b100110110001 3
b100110110001 [
b1101110101 .
b1101110101 9
b1101110101 l
b10100000111 "
b10100000111 )
b10100000111 -
b10100000111 8
b10100000111 n
b1000001110110 T
b1101110101 7
b1101110101 S
b10100000111 5
b10100000111 Q
b11111110000000010 C
b100100000011 D
b1001101100010 ^
b11001100001 4
b11001100001 \
b1100001001 2
b1100001001 Z
b110011011110 o
b10010110101 ,
b10010110101 =
b10010110101 ]
b10010110101 q
b1011000010011111 F
b110101100 ;
b110101100 B
b110010010100 u
b1000111010 t
b110011011110 s
b10010110101 r
b1011110100 ?
b100010011 >
b10000111110 A
b10000111110 L
b1111011 @
b1101110101 O
b1000001110110 N
b1100000000110 P
b110000111000 :
b110000111000 K
b110000111000 M
b1001000000110000000000000000 E
b10100011110001100001 J
b101000 j
b1100101100000 X
b11001100001 W
b1100001001 Y
b110101100 $
b110101100 (
b110101100 1
b110101100 V
1#
#4290000
0#
#4295000
b10010111111 6
b10010111111 R
b10001111001 p
b1010010001 3
b1010010001 [
b100101111110 .
b100101111110 9
b100101111110 l
b10001111001 "
b10001111001 )
b10001111001 -
b10001111001 8
b10001111001 n
b11111100011001101 C
b10111001110 D
b1011001111111 T
b100101111110 7
b100101111110 S
b10001111001 5
b10001111001 Q
b1001000100011 ^
b10100100010 4
b10100100010 \
b111001000 2
b111001000 Z
b111000101111100 F
b10100000111 o
b1101110101 ,
b1101110101 =
b1101110101 ]
b1101110101 q
b110101101 ;
b110101101 B
b101001 j
b101110011100000000000000000 E
b10100100001010000100 J
b100100000011 :
b100100000011 K
b100100000011 M
b100010011 ?
b100110110001 >
b1110001111101 O
b100101111110 N
b1011101111000 P
b1111011 A
b1111011 L
b10010110101 @
b1000111010 u
b110011011110 t
b10100000111 s
b1101110101 r
b1100000100001 X
b10100100010 W
b111001000 Y
b110101101 $
b110101101 (
b110101101 1
b110101101 V
1#
#4300000
0#
#4305000
b101111000010 6
b101111000010 R
b101111101000 p
b10110010110 3
b10110010110 [
b101010000011 .
b101010000011 9
b101010000011 l
b101111101000 "
b101111101000 )
b101111101000 -
b101111101000 8
b101111101000 n
b1011110000100 T
b101010000011 7
b101010000011 S
b101111101000 5
b101111101000 Q
b11111010110011000 C
b1010011001 D
b1100000101101 ^
b101100101100 4
b101100101100 \
b11111010000 2
b11111010000 Z
b10001111001 o
b100101111110 ,
b100101111110 =
b100101111110 ]
b100101111110 q
b11001001011001 F
b110101110 ;
b110101110 B
b110011011110 u
b10100000111 t
b10001111001 s
b100101111110 r
b100110110001 ?
b1010010001 >
b10010110101 A
b10010110101 L
b1101110101 @
b1110110000010 O
b101010000011 N
b1111011100111 P
b10111001110 :
b10111001110 K
b10111001110 M
b10100110010000000000000000 E
b10100100100010100111 J
b101010 j
b1111000101011 X
b101100101100 W
b11111010000 Y
b110101110 $
b110101110 (
b110101110 1
b110101110 V
1#
#4310000
0#
#4315000
b1100000111 6
b1100000111 R
b11011100 p
b11000011001 3
b11000011001 [
b11000001110 .
b11000001110 9
b11000001110 l
b11011100 "
b11011100 )
b11011100 -
b11011100 8
b11011100 n
b11111111101100100 C
b110001100101 D
b1001100001111 T
b11000001110 7
b11000001110 S
b11011100 5
b11011100 Q
b1100100110011 ^
b110000110010 4
b110000110010 \
b100011010100 2
b100011010100 Z
b1111001100110110 F
b101111101000 o
b101010000011 ,
b101010000011 =
b101010000011 ]
b101010000011 q
b110101111 ;
b110101111 B
b101011 j
b1100011001010000000000000000 E
b10100100111011001010 J
b1010011001 :
b1010011001 K
b1010011001 M
b1010010001 ?
b10110010110 >
b1100100001101 O
b11000001110 N
b11011100 P
b1101110101 A
b1101110101 L
b100101111110 @
b10100000111 u
b10001111001 t
b101111101000 s
b101010000011 r
b1111100110001 X
b110000110010 W
b100011010100 Y
b110101111 $
b110101111 (
b110101111 1
b110101111 V
1#
#4320000
0#
#4325000
b10001110001 6
b10001110001 R
b101000011010 p
b1111011111 3
b1111011111 [
b100011100010 .
b100011100010 9
b100011100010 l
b101000011010 "
b101000011010 )
b101000011010 -
b101000011010 8
b101000011010 n
b1010111100011 T
b100011100010 7
b100011100010 S
b101000011010 5
b101000011010 Q
b11111110000101111 C
b100100110000 D
b1010010111111 ^
b11110111110 4
b11110111110 \
b10001011110 2
b10001011110 Z
b11011100 o
b11000001110 ,
b11000001110 =
b11000001110 ]
b11000001110 q
b1011010000010011 F
b110110000 ;
b110110000 B
b10001111001 u
b101111101000 t
b11011100 s
b11000001110 r
b10110010110 ?
b11000011001 >
b100101111110 A
b100101111110 L
b101010000011 @
b100011100010 O
b1010111100011 N
b1110100011001 P
b110001100101 :
b110001100101 K
b110001100101 M
b1001001100000000000000000000 E
b10100101010011101101 J
b101100 j
b1101010111101 X
b11110111110 W
b10001011110 Y
b110110000 $
b110110000 (
b110110000 1
b110110000 V
1#
#4330000
0#
#4335000
b1101011001 6
b1101011001 R
b101010011 p
b101111001010 3
b101111001010 [
b11010110010 .
b11010110010 9
b11010110010 l
b101010011 "
b101010011 )
b101010011 -
b101010011 8
b101010011 n
b11111100011111010 C
b10111111011 D
b1001110110011 T
b11010110010 7
b11010110010 S
b101010011 5
b101010011 Q
b1011110010100 ^
b101010010011 4
b101010010011 \
b11100110001 2
b11100110001 Z
b111010011110000 F
b101000011010 o
b100011100010 ,
b100011100010 =
b100011100010 ]
b100011100010 q
b110110001 ;
b110110001 B
b101101 j
b101111110110000000000000000 E
b10100101101100010000 J
b100100110000 :
b100100110000 K
b100100110000 M
b11000011001 ?
b1111011111 >
b11010110010 O
b1001110110011 N
b101010011 P
b101010000011 A
b101010000011 L
b11000001110 @
b101111101000 u
b11011100 t
b101000011010 s
b100011100010 r
b1110110010010 X
b101010010011 W
b11100110001 Y
b110110001 $
b110110001 (
b110110001 1
b110110001 V
1#
#4340000
0#
#4345000
b110010000101 6
b110010000101 R
b10011 p
b10000110010 3
b10000110010 [
b110000001001 .
b110000001001 9
b110000001001 l
b10011 "
b10011 )
b10011 -
b10011 8
b10011 n
b1100100001010 T
b110000001001 7
b110000001001 S
b10011 5
b10011 Q
b11111010111000101 C
b1011000110 D
b1010101100101 ^
b100001100100 4
b100001100100 \
b10100000000 2
b10100000000 Z
b101010011 o
b11010110010 ,
b11010110010 =
b11010110010 ]
b11010110010 q
b11010111001101 F
b110110010 ;
b110110010 B
b11011100 u
b101000011010 t
b101010011 s
b11010110010 r
b1111011111 ?
b101111001010 >
b11000001110 A
b11000001110 L
b100011100010 @
b1111100001000 O
b110000001001 N
b10011 P
b10111111011 :
b10111111011 K
b10111111011 M
b10110001100000000000000000 E
b10100110000100110011 J
b101110 j
b1101101100011 X
b100001100100 W
b10100000000 Y
b110110010 $
b110110010 (
b110110010 1
b110110010 V
1#
#4350000
0#
#4355000
b10111010100 6
b10111010100 R
b11000011100 p
b11011011110 3
b11011011110 [
b101110101000 .
b101110101000 9
b101110101000 l
b11000011100 "
b11000011100 )
b11000011100 -
b11000011100 8
b11000011100 n
b11111111110010001 C
b110010010010 D
b1100010101001 T
b101110101000 7
b101110101000 S
b11000011100 5
b11000011100 Q
b110110111100 ^
b10111011 4
b10111011 \
b101001010110 2
b101001010110 Z
b1111011010101010 F
b10011 o
b110000001001 ,
b110000001001 =
b110000001001 ]
b110000001001 q
b110110011 ;
b110110011 B
b101111 j
b1100100100100000000000000000 E
b10100110011101010110 J
b1011000110 :
b1011000110 K
b1011000110 M
b101111001010 ?
b10000110010 >
b1111010100111 O
b101110101000 N
b11000011100 P
b100011100010 A
b100011100010 L
b11010110010 @
b101000011010 u
b101010011 t
b10011 s
b110000001001 r
b10111011 X
b110110111100 W
b101001010110 Y
b110110011 $
b110110011 (
b110110011 1
b110110011 V
1#
#4360000
0#
#4365000
b100110100010 6
b100110100010 R
b11100100001 p
b11010101110 3
b11010101110 [
b11001000011 .
b11001000011 9
b11001000011 l
b11100100001 "
b11100100001 )
b11100100001 -
b11100100001 8
b11100100001 n
b1001101000100 T
b11001000011 7
b11001000011 S
b11100100001 5
b11100100001 Q
b11111110001011100 C
b100101011101 D
b100011001101 *
b100011001101 <
b100011001101 G
b100011001101 `
b1011 +
b1011 a
b110101011100 ^
b1011011 4
b1011011 \
b100111110100 2
b100111110100 Z
b11000011100 o
b101110101000 ,
b101110101000 =
b101110101000 ]
b101110101000 q
b1011011110000111 F
b11 h
b110110100 ;
b110110100 B
b101010011 u
b10011 t
b11000011100 s
b101110101000 r
b10000110010 ?
b11011011110 >
b11010110010 A
b11010110010 L
b110000001001 @
b11001000011 O
b1001101000100 N
b1101000100000 P
b110010010010 :
b110010010010 K
b110010010010 M
b1001010111010000000000000000 E
b10100110110101111001 J
b110000 j
b1011011 X
b110101011100 W
b100111110100 Y
b110110100 $
b110110100 (
b110110100 1
b110110100 V
1#
#4370000
0#
#4375000
b101010110011 6
b101010110011 R
b1010101100 p
b1111111100 3
b1111111100 [
b100001100101 .
b100001100101 9
b100001100101 l
b1010101100 "
b1010101100 )
b1010101100 -
b1010101100 8
b1010101100 n
b1010101100110 T
b100001100101 7
b100001100101 S
b1010101100 5
b1010101100 Q
b1010011111001 ^
b11111111000 4
b11111111000 \
b10010001110 2
b10010001110 Z
b1101011011011100 F
b11111110111111000 C
b101011111001 D
b11100100001 o
b11001000011 ,
b11001000011 =
b11001000011 ]
b11001000011 q
b110110101 ;
b110110101 B
b110001 j
b1010111110010000000000000000 E
b11101111110100100100 J
b100101011101 :
b100101011101 K
b100101011101 M
b11011011110 ?
b11010101110 >
b100001100101 O
b1010101100110 N
b1010101100 P
b110000001001 A
b110000001001 L
b101110101000 @
b10011 u
b11000011100 t
b11100100001 s
b11001000011 r
b1101011110111 X
b11111111000 W
b10010001110 Y
b110110101 $
b110110101 (
b110110101 1
b110110101 V
1#
#4380000
0#
#4385000
b10011010000 6
b10011010000 R
b10101111 p
b101110001110 3
b101110001110 [
b100110100000 .
b100110100000 9
b100110100000 l
b10101111 "
b10101111 )
b10101111 -
b10101111 8
b10101111 n
b1011010100001 T
b100110100000 7
b100110100000 S
b10101111 5
b10101111 Q
b11111010111011010 C
b1011011011 D
b1011100011100 ^
b101000011011 4
b101000011011 \
b11010101111 2
b11010101111 Z
b1010101100 o
b100001100101 ,
b100001100101 =
b100001100101 ]
b100001100101 q
b11011100001111 F
b110110110 ;
b110110110 B
b11000011100 u
b11100100001 t
b1010101100 s
b100001100101 r
b11010101110 ?
b1111111100 >
b101110101000 A
b101110101000 L
b11001000011 @
b100110100000 O
b1011010100001 N
b10101111 P
b101011111001 :
b101011111001 K
b101011111001 M
b10110110110000000000000000 E
b11110000010111110001 J
b110010 j
b1110100011010 X
b101000011011 W
b11010101111 Y
b110110110 $
b110110110 (
b110110110 1
b110110110 V
1#
#4390000
0#
#4395000
b10010001111 6
b10010001111 R
b1101101000 p
b110000101100 3
b110000101100 [
b100100011110 .
b100100011110 9
b100100011110 l
b1101101000 "
b1101101000 )
b1101101000 -
b1101101000 8
b1101101000 n
b11111101010111101 C
b11110111110 D
b1011000011111 T
b100100011110 7
b100100011110 S
b1101101000 5
b1101101000 Q
b1100001011000 ^
b101101010111 4
b101101010111 \
b11111101001 2
b11111101001 Z
b1001011101000010 F
b10101111 o
b100110100000 ,
b100110100000 =
b100110100000 ]
b100110100000 q
b110110111 ;
b110110111 B
b110011 j
b111101111100000000000000000 E
b11110000111010111110 J
b1011011011 :
b1011011011 K
b1011011011 M
b1111111100 ?
b101110001110 >
b1110000011101 O
b100100011110 N
b1101101000 P
b11001000011 A
b11001000011 L
b100001100101 @
b11100100001 u
b1010101100 t
b10101111 s
b100110100000 r
b1111001010110 X
b101101010111 W
b11111101001 Y
b110110111 $
b110110111 (
b110110111 1
b110110111 V
1#
#4400000
0#
#4405000
b110010001 6
b110010001 R
b10100111 p
b10101101011 3
b10101101011 [
b1100100010 .
b1100100010 9
b1100100010 l
b10100111 "
b10100111 )
b10100111 -
b10100111 8
b10100111 n
b1000000100011 T
b1100100010 7
b1100100010 S
b10100111 5
b10100111 Q
b11111111110100000 C
b110010100001 D
b1011111010111 ^
b101011010110 4
b101011010110 \
b11101100110 2
b11101100110 Z
b1101101000 o
b100100011110 ,
b100100011110 =
b100100011110 ]
b100100011110 q
b1111011101110101 F
b110111000 ;
b110111000 B
b1010101100 u
b10101111 t
b1101101000 s
b100100011110 r
b101110001110 ?
b110000101100 >
b100001100101 A
b100001100101 L
b100110100000 @
b1100100010 O
b1000000100011 N
b10100111 P
b11110111110 :
b11110111110 K
b11110111110 M
b1100101000010000000000000000 E
b11110001011110001011 J
b110100 j
b1110111010101 X
b101011010110 W
b11101100110 Y
b110111000 $
b110111000 (
b110111000 1
b110111000 V
1#
#4410000
0#
#4415000
b10010100000 6
b10010100000 R
b101000000000 p
b100011101110 3
b100011101110 [
b100101000000 .
b100101000000 9
b100101000000 l
b101000000000 "
b101000000000 )
b101000000000 -
b101000000000 8
b101000000000 n
b11111011110000010 C
b10010000011 D
b1011001000001 T
b100101000000 7
b100101000000 S
b101000000000 5
b101000000000 Q
b1000111011100 ^
b10011011011 4
b10011011011 \
b101101001 2
b101101001 Z
b101011110101000 F
b10100111 o
b1100100010 ,
b1100100010 =
b1100100010 ]
b1100100010 q
b110111001 ;
b110111001 B
b110101 j
b100100000110000000000000000 E
b11110010000001011000 J
b110010100001 :
b110010100001 K
b110010100001 M
b110000101100 ?
b10101101011 >
b100101000000 O
b1011001000001 N
b1110011111111 P
b100110100000 A
b100110100000 L
b100100011110 @
b10101111 u
b1101101000 t
b10100111 s
b1100100010 r
b1011111011010 X
b10011011011 W
b101101001 Y
b110111001 $
b110111001 (
b110111001 1
b110111001 V
1#
#4420000
0#
#4425000
b1010000 6
b1010000 R
b10010011011 p
b10101111101 3
b10101111101 [
b10100000 .
b10100000 9
b10100000 l
b10010011011 "
b10010011011 )
b10010011011 -
b10010011011 8
b10010011011 n
b110110100001 T
b10100000 7
b10100000 S
b10010011011 5
b10010011011 Q
b11111110001100101 C
b100101100110 D
b1011111111011 ^
b101011111010 4
b101011111010 \
b11110000110 2
b11110000110 Z
b101000000000 o
b100101000000 ,
b100101000000 =
b100101000000 ]
b100101000000 q
b1011011111011011 F
b110111010 ;
b110111010 B
b1101101000 u
b10100111 t
b101000000000 s
b100101000000 r
b10101101011 ?
b100011101110 >
b100100011110 A
b100100011110 L
b1100100010 @
b10100000 O
b110110100001 N
b10010011011 P
b10010000011 :
b10010000011 K
b10010000011 M
b1001011001100000000000000000 E
b11110010100100100101 J
b110110 j
b1110111111001 X
b101011111010 W
b11110000110 Y
b110111010 $
b110111010 (
b110111010 1
b110111010 V
1#
#4430000
0#
#4435000
b11001000100 6
b11001000100 R
b11010111101 p
b11110101110 3
b11110101110 [
b110010001000 .
b110010001000 9
b110010001000 l
b11010111101 "
b11010111101 )
b11010111101 -
b11010111101 8
b11010111101 n
b11111010001000111 C
b101001000 D
b1100110001001 T
b110010001000 7
b110010001000 S
b11010111101 5
b11010111101 Q
b111101011100 ^
b1001011011 4
b1001011011 \
b101111100110 2
b101111100110 Z
b1100000001110 F
b10010011011 o
b10100000 ,
b10100000 =
b10100000 ]
b10100000 q
b110111011 ;
b110111011 B
b110111 j
b1010010000000000000000000 E
b11110011000111110010 J
b100101100110 :
b100101100110 K
b100101100110 M
b100011101110 ?
b10101111101 >
b1111110000111 O
b110010001000 N
b1100110111100 P
b1100100010 A
b1100100010 L
b100101000000 @
b10100111 u
b101000000000 t
b10010011011 s
b10100000 r
b1010101011010 X
b1001011011 W
b1111011100101 Y
b110111011 $
b110111011 (
b110111011 1
b110111011 V
1#
#4440000
0#
#4445000
b10101000100 6
b10101000100 R
b11111111000 p
b11100100010 3
b11100100010 [
b101010001000 .
b101010001000 9
b101010001000 l
b11111111000 "
b11111111000 )
b11111111000 -
b11111111000 8
b11111111000 n
b1011110001001 T
b101010001000 7
b101010001000 S
b11111111000 5
b11111111000 Q
b11111100100101010 C
b11000101011 D
b111001000100 ^
b101000011 4
b101000011 \
b101011001100 2
b101011001100 Z
b11010111101 o
b110010001000 ,
b110010001000 =
b110010001000 ]
b110010001000 q
b111100001000001 F
b110111100 ;
b110111100 B
b101000000000 u
b10010011011 t
b11010111101 s
b110010001000 r
b10101111101 ?
b11110101110 >
b100101000000 A
b100101000000 L
b10100000 @
b1110110000111 O
b101010001000 N
b11111111000 P
b101001000 :
b101001000 K
b101001000 M
b110001010110000000000000000 E
b11110011101010111111 J
b111000 j
b101000011 X
b111001000100 W
b101011001100 Y
b110111100 $
b110111100 (
b110111100 1
b110111100 V
1#
#4450000
0#
#4455000
b100111100110 6
b100111100110 R
b11101110110 p
b110010100011 3
b110010100011 [
b11011001011 .
b11011001011 9
b11011001011 l
b11101110110 "
b11101110110 )
b11101110110 -
b11101110110 8
b11101110110 n
b11111111000001101 C
b101100001110 D
b1001111001100 T
b11011001011 7
b11011001011 S
b11101110110 5
b11101110110 Q
b1100101000110 ^
b110001000101 4
b110001000101 \
b100011001011 2
b100011001011 Z
b1101100001110100 F
b11111111000 o
b101010001000 ,
b101010001000 =
b101010001000 ]
b101010001000 q
b110111101 ;
b110111101 B
b111001 j
b1011000011100000000000000000 E
b11110100001110001100 J
b11000101011 :
b11000101011 K
b11000101011 M
b11110101110 ?
b11100100010 >
b1100111001010 O
b11011001011 N
b1101001110101 P
b10100000 A
b10100000 L
b110010001000 @
b10010011011 u
b11010111101 t
b11111111000 s
b101010001000 r
b1111101000100 X
b110001000101 W
b100011001011 Y
b110111101 $
b110111101 (
b110111101 1
b110111101 V
1#
#4460000
0#
#4465000
b101111001011 6
b101111001011 R
b101111010 p
b101011000101 3
b101011000101 [
b101010010101 .
b101010010101 9
b101010010101 l
b101111010 "
b101111010 )
b101111010 -
b101111010 8
b101111010 n
b1011110010110 T
b101010010101 7
b101010010101 S
b101111010 5
b101111010 Q
b11111010111101111 C
b1011110000 D
b1010110001010 ^
b100010001001 4
b100010001001 \
b10100001101 2
b10100001101 Z
b11101110110 o
b11011001011 ,
b11011001011 =
b11011001011 ]
b11011001011 q
b11100010100111 F
b110111110 ;
b110111110 B
b11010111101 u
b11111111000 t
b11101110110 s
b11011001011 r
b11100100010 ?
b110010100011 >
b110010001000 A
b110010001000 L
b101010001000 @
b101010010101 O
b1011110010110 N
b101111010 P
b101100001110 :
b101100001110 K
b101100001110 M
b10111100000000000000000000 E
b11110100110001011001 J
b111010 j
b1101110001000 X
b100010001001 W
b10100001101 Y
b110111110 $
b110111110 (
b110111110 1
b110111110 V
1#
#4470000
0#
#4475000
b11010111100 6
b11010111100 R
b11110011000 p
b11000101010 3
b11000101010 [
b1110111 .
b1110111 9
b1110111 l
b11110011000 "
b11110011000 )
b11110011000 -
b11110011000 8
b11110011000 n
b11111101011010010 C
b11111010011 D
b110101111000 T
b1110111 7
b1110111 S
b11110011000 5
b11110011000 Q
b1100101010101 ^
b110001010100 4
b110001010100 \
b100011010110 2
b100011010110 Z
b1001100011011010 F
b101111010 o
b101010010101 ,
b101010010101 =
b101010010101 ]
b101010010101 q
b110111111 ;
b110111111 B
b111011 j
b111110100110000000000000000 E
b11110101010100100110 J
b1011110000 :
b1011110000 K
b1011110000 M
b110010100011 ?
b101011000101 >
b1110111 O
b110101111000 N
b11110011000 P
b101010001000 A
b101010001000 L
b11011001011 @
b11111111000 u
b11101110110 t
b101111010 s
b101010010101 r
b1111101010011 X
b110001010100 W
b100011010110 Y
b110111111 $
b110111111 (
b110111111 1
b110111111 V
1#
#4480000
0#
#4485000
b11101001111 6
b11101001111 R
b101111111001 p
b11110011100 3
b11110011100 [
b110011101 .
b110011101 9
b110011101 l
b101111111001 "
b101111111001 )
b101111111001 -
b101111111001 8
b101111111001 n
b111010011110 T
b110011101 7
b110011101 S
b101111111001 5
b101111111001 Q
b11111111110110101 C
b110010110110 D
b111100111000 ^
b1000110111 4
b1000110111 \
b101110111000 2
b101110111000 Z
b11110011000 o
b1110111 ,
b1110111 =
b1110111 ]
b1110111 q
b1111100100001101 F
b111000000 ;
b111000000 B
b11101110110 u
b101111010 t
b11110011000 s
b1110111 r
b101011000101 ?
b11000101010 >
b11011001011 A
b11011001011 L
b101010010101 @
b110011101 O
b111010011110 N
b1111011111000 P
b11111010011 :
b11111010011 K
b11111010011 M
b1100101101100000000000000000 E
b11110101110111110011 J
b111100 j
b1010100110110 X
b1000110111 W
b1111010110111 Y
b111000000 $
b111000000 (
b111000000 1
b111000000 V
1#
#4490000
0#
#4495000
b10100100101 6
b10100100101 R
b101011100000 p
b110101111 3
b110101111 [
b101001001010 .
b101001001010 9
b101001001010 l
b101011100000 "
b101011100000 )
b101011100000 -
b101011100000 8
b101011100000 n
b11111011110010111 C
b10010011000 D
b1011101001011 T
b101001001010 7
b101001001010 S
b101011100000 5
b101011100000 Q
b1000001011111 ^
b1101011110 4
b1101011110 \
b110011011101 2
b110011011101 Z
b101100101000000 F
b101111111001 o
b110011101 ,
b110011101 =
b110011101 ]
b110011101 q
b111000001 ;
b111000001 B
b111101 j
b100100110000000000000000000 E
b11110110011011000000 J
b110010110110 :
b110010110110 K
b110010110110 M
b11000101010 ?
b11110011100 >
b101001001010 O
b1011101001011 N
b1110111011111 P
b101010010101 A
b101010010101 L
b1110111 @
b101111010 u
b11110011000 t
b101111111001 s
b110011101 r
b1011001011101 X
b1101011110 W
b1111111011100 Y
b111000001 $
b111000001 (
b111000001 1
b111000001 V
1#
#4500000
0#
#4505000
b100100001000 6
b100100001000 R
b100011100000 p
b11000000110 3
b11000000110 [
b10100001111 .
b10100001111 9
b10100001111 l
b100011100000 "
b100011100000 )
b100011100000 -
b100011100000 8
b100011100000 n
b1001000010000 T
b10100001111 7
b10100001111 S
b100011100000 5
b100011100000 Q
b11111110001111010 C
b100101111011 D
b1100100001101 ^
b110000001100 4
b110000001100 \
b100010001000 2
b100010001000 Z
b101011100000 o
b101001001010 ,
b101001001010 =
b101001001010 ]
b101001001010 q
b1011100101110011 F
b111000010 ;
b111000010 B
b11110011000 u
b101111111001 t
b101011100000 s
b101001001010 r
b11110011100 ?
b110101111 >
b1110111 A
b1110111 L
b110011101 @
b1100000001110 O
b10100001111 N
b1101111011111 P
b10010011000 :
b10010011000 K
b10010011000 M
b1001011110110000000000000000 E
b11110110111110001101 J
b111110 j
b1111100001011 X
b110000001100 W
b100010001000 Y
b111000010 $
b111000010 (
b111000010 1
b111000010 V
1#
#4510000
0#
#4515000
b10110001100 6
b10110001100 R
b10100100011 p
b1101101001 3
b1101101001 [
b101100011000 .
b101100011000 9
b101100011000 l
b10100100011 "
b10100100011 )
b10100100011 -
b10100100011 8
b10100100011 n
b11111010001011100 C
b101011101 D
b1100000011001 T
b101100011000 7
b101100011000 S
b10100100011 5
b10100100011 Q
b1001111010011 ^
b11011010010 4
b11011010010 \
b1101001100 2
b1101001100 Z
b1100110100110 F
b100011100000 o
b10100001111 ,
b10100001111 =
b10100001111 ]
b10100001111 q
b111000011 ;
b111000011 B
b111111 j
b1010111010000000000000000 E
b11110111100001011010 J
b100101111011 :
b100101111011 K
b100101111011 M
b110101111 ?
b11000000110 >
b1111000010111 O
b101100011000 N
b1100000100010 P
b110011101 A
b110011101 L
b101001001010 @
b101111111001 u
b101011100000 t
b100011100000 s
b10100001111 r
b1100111010001 X
b11011010010 W
b1101001100 Y
b111000011 $
b111000011 (
b111000011 1
b111000011 V
1#
#4520000
0#
#4525000
b110001010100 6
b110001010100 R
b100011101101 p
b11001101110 3
b11001101110 [
b101110100111 .
b101110100111 9
b101110100111 l
b100011101101 "
b100011101101 )
b100011101101 -
b100011101101 8
b100011101101 n
b1100010101000 T
b101110100111 7
b101110100111 S
b100011101101 5
b100011101101 Q
b11111100100111111 C
b11001000000 D
b110001100011 *
b110001100011 <
b110001100011 G
b110001100011 `
b1100 +
b1100 a
b1100111011101 ^
b110011011100 4
b110011011100 \
b100101010100 2
b100101010100 Z
b10100100011 o
b101100011000 ,
b101100011000 =
b101100011000 ]
b101100011000 q
b111100111011001 F
b100 h
b111000100 ;
b111000100 B
b101011100000 u
b100011100000 t
b10100100011 s
b101100011000 r
b11000000110 ?
b1101101001 >
b101001001010 A
b101001001010 L
b10100001111 @
b1111010100110 O
b101110100111 N
b100011101101 P
b101011101 :
b101011101 K
b101011101 M
b110010000000000000000000000 E
b11111000000100100111 J
b1000000 j
b1111111011011 X
b110011011100 W
b100101010100 Y
b111000100 $
b111000100 (
b111000100 1
b111000100 V
1#
#4530000
0#
#4535000
b110000101000 6
b110000101000 R
b101111010000 p
b11010110110 3
b11010110110 [
b101101001111 .
b101101001111 9
b101101001111 l
b101111010000 "
b101111010000 )
b101111010000 -
b101111010000 8
b101111010000 n
b1100001010000 T
b101101001111 7
b101101001111 S
b101111010000 5
b101111010000 Q
b110101101100 ^
b1101011 4
b1101011 \
b100111100010 2
b100111100010 Z
b111110100110100 F
b11111100101110001 C
b11001110010 D
b100011101101 o
b101110100111 ,
b101110100111 =
b101110100111 ]
b101110100111 q
b111000101 ;
b111000101 B
b1000001 j
b110011100100000000000000000 E
b101011101111011001100 J
b11001000000 :
b11001000000 K
b11001000000 M
b1101101001 ?
b11001101110 >
b1111001001110 O
b101101001111 N
b1111011001111 P
b10100001111 A
b10100001111 L
b101100011000 @
b100011100000 u
b10100100011 t
b100011101101 s
b101110100111 r
b1101011 X
b110101101100 W
b100111100010 Y
b111000101 $
b111000101 (
b111000101 1
b111000101 V
1#
#4540000
0#
#4545000
b100011000101 6
b100011000101 R
b10010100110 p
b1010 3
b1010 [
b10010001001 .
b10010001001 9
b10010001001 l
b10010100110 "
b10010100110 )
b10010100110 -
b10010100110 8
b10010100110 n
b1000110001010 T
b10010001001 7
b10010001001 S
b10010100110 5
b10010100110 Q
b11111100100101011 C
b11000101100 D
b110100010101 ^
b10100 4
b10100 \
b100110001001 2
b100110001001 Z
b101111010000 o
b101101001111 ,
b101101001111 =
b101101001111 ]
b101101001111 q
b111011111010001 F
b111000110 ;
b111000110 B
b10100100011 u
b100011101101 t
b101111010000 s
b101101001111 r
b11001101110 ?
b11010110110 >
b101100011000 A
b101100011000 L
b101110100111 @
b10010001001 O
b1000110001010 N
b10010100110 P
b11001110010 :
b11001110010 K
b11001110010 M
b110001011000000000000000000 E
b101011110101100101111 J
b1000010 j
b10100 X
b110100010101 W
b100110001001 Y
b111000110 $
b111000110 (
b111000110 1
b111000110 V
1#
#4550000
0#
#4555000
b1001101001 6
b1001101001 R
b10101111011 p
b1100101000 3
b1100101000 [
b10011010010 .
b10011010010 9
b10011010010 l
b10101111011 "
b10101111011 )
b10101111011 -
b10101111011 8
b10101111011 n
b11111100011100101 C
b10111100110 D
b1000111010011 T
b10011010010 7
b10011010010 S
b10101111011 5
b10101111011 Q
b1001101010001 ^
b11001010000 4
b11001010000 \
b1011000010 2
b1011000010 Z
b111001001101110 F
b10010100110 o
b10010001001 ,
b10010001001 =
b10010001001 ]
b10010001001 q
b111000111 ;
b111000111 B
b1000011 j
b101111001100000000000000000 E
b101011111011110010010 J
b11000101100 :
b11000101100 K
b11000101100 M
b11010110110 ?
b1010 >
b10011010010 O
b1000111010011 N
b10101111011 P
b101110100111 A
b101110100111 L
b101101001111 @
b100011101101 u
b101111010000 t
b10010100110 s
b10010001001 r
b1100101001111 X
b11001010000 W
b1011000010 Y
b111000111 $
b111000111 (
b111000111 1
b111000111 V
1#
#4560000
0#
#4565000
b1000011010 6
b1000011010 R
b10101101001 p
b1101001101 3
b1101001101 [
b10000110100 .
b10000110100 9
b10000110100 l
b10101101001 "
b10101101001 )
b10101101001 -
b10101101001 8
b10101101001 n
b1000100110101 T
b10000110100 7
b10000110100 S
b10101101001 5
b10101101001 Q
b11111100010011111 C
b10110100000 D
b1001110011011 ^
b11010011010 4
b11010011010 \
b1100001010 2
b1100001010 Z
b10101111011 o
b10011010010 ,
b10011010010 =
b10011010010 ]
b10011010010 q
b110110100001011 F
b111001000 ;
b111001000 B
b101111010000 u
b10010100110 t
b10101111011 s
b10011010010 r
b1010 ?
b1100101000 >
b101101001111 A
b101101001111 L
b10010001001 @
b10000110100 O
b1000100110101 N
b10101101001 P
b10111100110 :
b10111100110 K
b10111100110 M
b101101000000000000000000000 E
b101100000001111110101 J
b1000100 j
b1100110011001 X
b11010011010 W
b1100001010 Y
b111001000 $
b111001000 (
b111001000 1
b111001000 V
1#
#4570000
0#
#4575000
b101110010101 6
b101110010101 R
b101111101010 p
b100101111111 3
b100101111111 [
b101000101001 .
b101000101001 9
b101000101001 l
b101111101010 "
b101111101010 )
b101111101010 -
b101111101010 8
b101111101010 n
b11111100001011001 C
b10101011010 D
b1011100101010 T
b101000101001 7
b101000101001 S
b101111101010 5
b101111101010 Q
b1001011111110 ^
b10111111101 4
b10111111101 \
b1001101011 2
b1001101011 Z
b110011110101000 F
b10101101001 o
b10000110100 ,
b10000110100 =
b10000110100 ]
b10000110100 q
b111001001 ;
b111001001 B
b1000101 j
b101010110100000000000000000 E
b101100001000001011000 J
b10110100000 :
b10110100000 K
b10110100000 M
b1100101000 ?
b1101001101 >
b1110100101000 O
b101000101001 N
b1111011101001 P
b10010001001 A
b10010001001 L
b10011010010 @
b10010100110 u
b10101111011 t
b10101101001 s
b10000110100 r
b1100011111100 X
b10111111101 W
b1001101011 Y
b111001001 $
b111001001 (
b111001001 1
b111001001 V
1#
#4580000
0#
#4585000
b10100010110 6
b10100010110 R
b110001111001 p
b110001111010 3
b110001111010 [
b101000101100 .
b101000101100 9
b101000101100 l
b110001111001 "
b110001111001 )
b110001111001 -
b110001111001 8
b110001111001 n
b1011100101101 T
b101000101100 7
b101000101100 S
b110001111001 5
b110001111001 Q
b11111100000010011 C
b10100010100 D
b1100011110100 ^
b101111110011 4
b101111110011 \
b100001011111 2
b100001011111 Z
b101111101010 o
b101000101001 ,
b101000101001 =
b101000101001 ]
b101000101001 q
b110001001000101 F
b111001010 ;
b111001010 B
b10101111011 u
b10101101001 t
b101111101010 s
b101000101001 r
b1101001101 ?
b100101111111 >
b10011010010 A
b10011010010 L
b10000110100 @
b1110100101011 O
b101000101100 N
b1111101111000 P
b10101011010 :
b10101011010 K
b10101011010 M
b101000101000000000000000000 E
b101100001110010111011 J
b1000110 j
b1111011110010 X
b101111110011 W
b100001011111 Y
b111001010 $
b111001010 (
b111001010 1
b111001010 V
1#
#4590000
0#
#4595000
b10010100100 6
b10010100100 R
b110000100001 p
b110001111100 3
b110001111100 [
b100101001000 .
b100101001000 9
b100101001000 l
b110000100001 "
b110000100001 )
b110000100001 -
b110000100001 8
b110000100001 n
b11111011111001101 C
b10011001110 D
b1011001001001 T
b100101001000 7
b100101001000 S
b110000100001 5
b110000100001 Q
b1100011111000 ^
b101111110111 4
b101111110111 \
b100001100001 2
b100001100001 Z
b101110011100010 F
b110001111001 o
b101000101100 ,
b101000101100 =
b101000101100 ]
b101000101100 q
b111001011 ;
b111001011 B
b1000111 j
b100110011100000000000000000 E
b101100010100100011110 J
b10100010100 :
b10100010100 K
b10100010100 M
b100101111111 ?
b110001111010 >
b1110001000111 O
b100101001000 N
b1111100100000 P
b10000110100 A
b10000110100 L
b101000101001 @
b10101101001 u
b101111101010 t
b110001111001 s
b101000101100 r
b1111011110110 X
b101111110111 W
b100001100001 Y
b111001011 $
b111001011 (
b111001011 1
b111001011 V
1#
#4600000
0#
#4605000
b11111011 6
b11111011 R
b10101011011 p
b10110001010 3
b10110001010 [
b111110110 .
b111110110 9
b111110110 l
b10101011011 "
b10101011011 )
b10101011011 -
b10101011011 8
b10101011011 n
b111011110111 T
b111110110 7
b111110110 S
b10101011011 5
b10101011011 Q
b11111011110000111 C
b10010001000 D
b1100000010101 ^
b101100010100 4
b101100010100 \
b11101111100 2
b11101111100 Z
b110000100001 o
b100101001000 ,
b100101001000 =
b100101001000 ]
b100101001000 q
b101011101111111 F
b111001100 ;
b111001100 B
b101111101010 u
b110001111001 t
b110000100001 s
b100101001000 r
b110001111010 ?
b110001111100 >
b101000101001 A
b101000101001 L
b101000101100 @
b111110110 O
b111011110111 N
b10101011011 P
b10011001110 :
b10011001110 K
b10011001110 M
b100100010000000000000000000 E
b101100011010110000001 J
b1001000 j
b1111000010011 X
b101100010100 W
b11101111100 Y
b111001100 $
b111001100 (
b111001100 1
b111001100 V
1#
#4610000
0#
#4615000
b11101011010 6
b11101011010 R
b10110100100 p
b100001100010 3
b100001100010 [
b110110011 .
b110110011 9
b110110011 l
b10110100100 "
b10110100100 )
b10110100100 -
b10110100100 8
b10110100100 n
b11111011101000001 C
b10001000010 D
b111010110100 T
b110110011 7
b110110011 S
b10110100100 5
b10110100100 Q
b1000011000100 ^
b1111000011 4
b1111000011 \
b101001 2
b101001 Z
b101001000011100 F
b10101011011 o
b111110110 ,
b111110110 =
b111110110 ]
b111110110 q
b111001101 ;
b111001101 B
b1001001 j
b100010000100000000000000000 E
b101100100000111100100 J
b10010001000 :
b10010001000 K
b10010001000 M
b110001111100 ?
b10110001010 >
b110110011 O
b111010110100 N
b10110100100 P
b101000101100 A
b101000101100 L
b100101001000 @
b110001111001 u
b110000100001 t
b10101011011 s
b111110110 r
b1011011000010 X
b1111000011 W
b101001 Y
b111001101 $
b111001101 (
b111001101 1
b111001101 V
1#
#4620000
0#
#4625000
b11011000101 6
b11011000101 R
b10100000110 p
b100001000001 3
b100001000001 [
b10001001 .
b10001001 9
b10001001 l
b10100000110 "
b10100000110 )
b10100000110 -
b10100000110 8
b10100000110 n
b110110001010 T
b10001001 7
b10001001 S
b10100000110 5
b10100000110 Q
b11111011011111011 C
b1111111100 D
b1000010000010 ^
b1110000001 4
b1110000001 \
b110011100110 2
b110011100110 Z
b10110100100 o
b110110011 ,
b110110011 =
b110110011 ]
b110110011 q
b100110010111001 F
b111001110 ;
b111001110 B
b110000100001 u
b10101011011 t
b10110100100 s
b110110011 r
b10110001010 ?
b100001100010 >
b100101001000 A
b100101001000 L
b111110110 @
b10001001 O
b110110001010 N
b10100000110 P
b10001000010 :
b10001000010 K
b10001000010 M
b11111111000000000000000000 E
b101100100111001000111 J
b1001010 j
b1011010000000 X
b1110000001 W
b1111111100101 Y
b111001110 $
b111001110 (
b111001110 1
b111001110 V
1#
#4630000
0#
#4635000
b1011111001 6
b1011111001 R
b101011111011 p
b100101100 3
b100101100 [
b10111110010 .
b10111110010 9
b10111110010 l
b101011111011 "
b101011111011 )
b101011111011 -
b101011111011 8
b101011111011 n
b11111011010110101 C
b1110110110 D
b1001011110011 T
b10111110010 7
b10111110010 S
b101011111011 5
b101011111011 Q
b111101011001 ^
b1001011000 4
b1001011000 \
b101110111011 2
b101110111011 Z
b100011101010110 F
b10100000110 o
b10001001 ,
b10001001 =
b10001001 ]
b10001001 q
b111001111 ;
b111001111 B
b1001011 j
b11101101100000000000000000 E
b101100101101010101010 J
b1111111100 :
b1111111100 K
b1111111100 M
b100001100010 ?
b100001000001 >
b1100011110001 O
b10111110010 N
b1110111111010 P
b111110110 A
b111110110 L
b110110011 @
b10101011011 u
b10110100100 t
b10100000110 s
b10001001 r
b1010101010111 X
b1001011000 W
b1111010111010 Y
b111001111 $
b111001111 (
b111001111 1
b111001111 V
1#
#4640000
0#
#4645000
b100100110101 6
b100100110101 R
b101011111110 p
b1111100001 3
b1111100001 [
b10101101001 .
b10101101001 9
b10101101001 l
b101011111110 "
b101011111110 )
b101011111110 -
b101011111110 8
b101011111110 n
b1001001101010 T
b10101101001 7
b10101101001 S
b101011111110 5
b101011111110 Q
b11111011001101111 C
b1101110000 D
b1010011000011 ^
b11111000010 4
b11111000010 \
b10000100010 2
b10000100010 Z
b101011111011 o
b10111110010 ,
b10111110010 =
b10111110010 ]
b10111110010 q
b100000111110011 F
b111010000 ;
b111010000 B
b10110100100 u
b10100000110 t
b101011111011 s
b10111110010 r
b100001000001 ?
b100101100 >
b110110011 A
b110110011 L
b10001001 @
b1100001101000 O
b10101101001 N
b1110111111101 P
b1110110110 :
b1110110110 K
b1110110110 M
b11011100000000000000000000 E
b101100110011100001101 J
b1001100 j
b1101011000001 X
b11111000010 W
b10000100010 Y
b111010000 $
b111010000 (
b111010000 1
b111010000 V
1#
#4650000
0#
#4655000
b100001111101 6
b100001111101 R
b101000011010 p
b1110011101 3
b1110011101 [
b1111111001 .
b1111111001 9
b1111111001 l
b101000011010 "
b101000011010 )
b101000011010 -
b101000011010 8
b101000011010 n
b11111011000101001 C
b1100101010 D
b1000011111010 T
b1111111001 7
b1111111001 S
b101000011010 5
b101000011010 Q
b1010000111011 ^
b11100111010 4
b11100111010 \
b1110011000 2
b1110011000 Z
b11110010010000 F
b101011111110 o
b10101101001 ,
b10101101001 =
b10101101001 ]
b10101101001 q
b111010001 ;
b111010001 B
b1001101 j
b11001010100000000000000000 E
b101100111001101110000 J
b1101110000 :
b1101110000 K
b1101110000 M
b100101100 ?
b1111100001 >
b1011011111000 O
b1111111001 N
b1110100011001 P
b10001001 A
b10001001 L
b10111110010 @
b10100000110 u
b101011111011 t
b101011111110 s
b10101101001 r
b1101000111001 X
b11100111010 W
b1110011000 Y
b111010001 $
b111010001 (
b111010001 1
b111010001 V
1#
#4660000
0#
#4665000
b10010001110 6
b10010001110 R
b1011001000 p
b100101100110 3
b100101100110 [
b100100011100 .
b100100011100 9
b100100011100 l
b1011001000 "
b1011001000 )
b1011001000 -
b1011001000 8
b1011001000 n
b1011000011101 T
b100100011100 7
b100100011100 S
b1011001000 5
b1011001000 Q
b11111010111100011 C
b1011100100 D
b1001011001100 ^
b10111001011 4
b10111001011 \
b1000100111 2
b1000100111 Z
b101000011010 o
b1111111001 ,
b1111111001 =
b1111111001 ]
b1111111001 q
b11011100101101 F
b111010010 ;
b111010010 B
b101011111011 u
b101011111110 t
b101000011010 s
b1111111001 r
b1111100001 ?
b1110011101 >
b10111110010 A
b10111110010 L
b10101101001 @
b1110000011011 O
b100100011100 N
b1011001000 P
b1100101010 :
b1100101010 K
b1100101010 M
b10111001000000000000000000 E
b101100111111111010011 J
b1001110 j
b1100011001010 X
b10111001011 W
b1000100111 Y
b111010010 $
b111010010 (
b111010010 1
b111010010 V
1#
#4670000
0#
#4675000
b101010100111 6
b101010100111 R
b1010000101 p
b101111111000 3
b101111111000 [
b100001001101 .
b100001001101 9
b100001001101 l
b1010000101 "
b1010000101 )
b1010000101 -
b1010000101 8
b1010000101 n
b11111010110011101 C
b1010011110 D
b1010101001110 T
b100001001101 7
b100001001101 S
b1010000101 5
b1010000101 Q
b1011111110000 ^
b101011101111 4
b101011101111 \
b11101001001 2
b11101001001 Z
b11000111001010 F
b1011001000 o
b100100011100 ,
b100100011100 =
b100100011100 ]
b100100011100 q
b111010011 ;
b111010011 B
b1001111 j
b10100111100000000000000000 E
b101101000110000110110 J
b1011100100 :
b1011100100 K
b1011100100 M
b1110011101 ?
b100101100110 >
b1101101001100 O
b100001001101 N
b1010000101 P
b10101101001 A
b10101101001 L
b1111111001 @
b101011111110 u
b101000011010 t
b1011001000 s
b100100011100 r
b1110111101110 X
b101011101111 W
b11101001001 Y
b111010011 $
b111010011 (
b111010011 1
b111010011 V
1#
#4680000
0#
#4685000
b100111001100 6
b100111001100 R
b101011011 p
b101110010001 3
b101110010001 [
b11010010111 .
b11010010111 9
b11010010111 l
b101011011 "
b101011011 )
b101011011 -
b101011011 8
b101011011 n
b1001110011000 T
b11010010111 7
b11010010111 S
b101011011 5
b101011011 Q
b11111010101010111 C
b1001011000 D
b10000110001 *
b10000110001 <
b10000110001 G
b10000110001 `
b1101 +
b1101 a
b1011100100010 ^
b101000100001 4
b101000100001 \
b11001111001 2
b11001111001 Z
b1010000101 o
b100001001101 ,
b100001001101 =
b100001001101 ]
b100001001101 q
b10110001100111 F
b101 h
b111010100 ;
b111010100 B
b101000011010 u
b1011001000 t
b1010000101 s
b100001001101 r
b100101100110 ?
b101111111000 >
b1111111001 A
b1111111001 L
b100100011100 @
b1100110010110 O
b11010010111 N
b101011011 P
b1010011110 :
b1010011110 K
b1010011110 M
b10010110000000000000000000 E
b101101001100010011001 J
b1010000 j
b1110100100000 X
b101000100001 W
b11001111001 Y
b111010100 $
b111010100 (
b111010100 1
b111010100 V
1#
#4690000
0#
#4695000
b10110111010 6
b10110111010 R
b11011000100 p
b10000110110 3
b10000110110 [
b101101110100 .
b101101110100 9
b101101110100 l
b11011000100 "
b11011000100 )
b11011000100 -
b11011000100 8
b11011000100 n
b1100001110101 T
b101101110100 7
b101101110100 S
b11011000100 5
b11011000100 Q
b1010101101101 ^
b100001101100 4
b100001101100 \
b10011000010 2
b10011000010 Z
b1101101001101100 F
b11111111000011111 C
b101100100000 D
b101011011 o
b11010010111 ,
b11010010111 =
b11010010111 ]
b11010010111 q
b111010101 ;
b111010101 B
b1010001 j
b1011001000000000000000000000 E
b1111010100110010100 J
b1001011000 :
b1001011000 K
b1001011000 M
b101111111000 ?
b101110010001 >
b1111001110011 O
b101101110100 N
b11011000100 P
b100100011100 A
b100100011100 L
b100001001101 @
b1011001000 u
b1010000101 t
b101011011 s
b11010010111 r
b1101101101011 X
b100001101100 W
b10011000010 Y
b111010101 $
b111010101 (
b111010101 1
b111010101 V
1#
#4700000
0#
#4705000
b1100110110 6
b1100110110 R
b101000101110 p
b11010100101 3
b11010100101 [
b11001101100 .
b11001101100 9
b11001101100 l
b101000101110 "
b101000101110 )
b101000101110 -
b101000101110 8
b101000101110 n
b1001101101101 T
b11001101100 7
b11001101100 S
b101000101110 5
b101000101110 Q
b11111011101000001 C
b10001000010 D
b110101001010 ^
b1001001 4
b1001001 \
b100110011110 2
b100110011110 Z
b11011000100 o
b101101110100 ,
b101101110100 =
b101101110100 ]
b101101110100 q
b101001100111011 F
b111010110 ;
b111010110 B
b1010000101 u
b101011011 t
b11011000100 s
b101101110100 r
b101110010001 ?
b10000110110 >
b100001001101 A
b100001001101 L
b11010010111 @
b11001101100 O
b1001101101101 N
b1110100101101 P
b101100100000 :
b101100100000 K
b101100100000 M
b100010000100000000000000000 E
b1111010110111000101 J
b1010010 j
b1001001 X
b110101001010 W
b100110011110 Y
b111010110 $
b111010110 (
b111010110 1
b111010110 V
1#
#4710000
0#
#4715000
b101111101101 6
b101111101101 R
b1001010101 p
b101010100010 3
b101010100010 [
b101011011001 .
b101011011001 9
b101011011001 l
b1001010101 "
b1001010101 )
b1001010101 -
b1001010101 8
b1001010101 n
b11111110101100100 C
b101001100101 D
b1011111011010 T
b101011011001 7
b101011011001 S
b1001010101 5
b1001010101 Q
b1010101000100 ^
b100001000011 4
b100001000011 \
b10010010101 2
b10010010101 Z
b1100110000001010 F
b101000101110 o
b11001101100 ,
b11001101100 =
b11001101100 ]
b11001101100 q
b111010111 ;
b111010111 B
b1010011 j
b1010011001010000000000000000 E
b1111011000111110110 J
b10001000010 :
b10001000010 K
b10001000010 M
b10000110110 ?
b11010100101 >
b1110111011000 O
b101011011001 N
b1001010101 P
b11010010111 A
b11010010111 L
b101101110100 @
b101011011 u
b11011000100 t
b101000101110 s
b11001101100 r
b1101101000010 X
b100001000011 W
b10010010101 Y
b111010111 $
b111010111 (
b111010111 1
b111010111 V
1#
#4720000
0#
#4725000
b10001101100 6
b10001101100 R
b100001111 p
b110011011001 3
b110011011001 [
b100011011000 .
b100011011000 9
b100011011000 l
b100001111 "
b100001111 )
b100001111 -
b100001111 8
b100001111 n
b1010111011001 T
b100011011000 7
b100011011000 S
b100001111 5
b100001111 Q
b11111011010000110 C
b1110000111 D
b1100110110010 ^
b110010110001 4
b110010110001 \
b100100000001 2
b100100000001 Z
b1001010101 o
b101011011001 ,
b101011011001 =
b101011011001 ]
b101011011001 q
b100010011011001 F
b111011000 ;
b111011000 B
b11011000100 u
b101000101110 t
b1001010101 s
b101011011001 r
b11010100101 ?
b101010100010 >
b101101110100 A
b101101110100 L
b11001101100 @
b100011011000 O
b1010111011001 N
b100001111 P
b101001100101 :
b101001100101 K
b101001100101 M
b11100001110000000000000000 E
b1111011011000100111 J
b1010100 j
b1111110110000 X
b110010110001 W
b100100000001 Y
b111011000 $
b111011000 (
b111011000 1
b111011000 V
1#
#4730000
0#
#4735000
b101101111010 6
b101101111010 R
b1011100101 p
b101111011001 3
b101111011001 [
b100111110011 .
b100111110011 9
b100111110011 l
b1011100101 "
b1011100101 )
b1011100101 -
b1011100101 8
b1011100101 n
b11111110010101001 C
b100110101010 D
b1011011110100 T
b100111110011 7
b100111110011 S
b1011100101 5
b1011100101 Q
b1011110110010 ^
b101010110001 4
b101010110001 \
b11011111111 2
b11011111111 Z
b1011110110101000 F
b100001111 o
b100011011000 ,
b100011011000 =
b100011011000 ]
b100011011000 q
b111011001 ;
b111011001 B
b1010101 j
b1001101010100000000000000000 E
b1111011101001011000 J
b1110000111 :
b1110000111 K
b1110000111 M
b101010100010 ?
b110011011001 >
b1110011110010 O
b100111110011 N
b1011100101 P
b11001101100 A
b11001101100 L
b101011011001 @
b101000101110 u
b1001010101 t
b100001111 s
b100011011000 r
b1110110110000 X
b101010110001 W
b11011111111 Y
b111011001 $
b111011001 (
b111011001 1
b111011001 V
1#
#4740000
0#
#4745000
b1111000001 6
b1111000001 R
b100101111 p
b110001100111 3
b110001100111 [
b11110000010 .
b11110000010 9
b11110000010 l
b100101111 "
b100101111 )
b100101111 -
b100101111 8
b100101111 n
b1010010000011 T
b11110000010 7
b11110000010 S
b100101111 5
b100101111 Q
b11111010111001011 C
b1011001100 D
b1100011001110 ^
b101111001101 4
b101111001101 \
b100000011001 2
b100000011001 Z
b1011100101 o
b100111110011 ,
b100111110011 =
b100111110011 ]
b100111110011 q
b11011001110111 F
b111011010 ;
b111011010 B
b1001010101 u
b100001111 t
b1011100101 s
b100111110011 r
b110011011001 ?
b101111011001 >
b101011011001 A
b101011011001 L
b100011011000 @
b11110000010 O
b1010010000011 N
b100101111 P
b100110101010 :
b100110101010 K
b100110101010 M
b10110011000000000000000000 E
b1111011111010001001 J
b1010110 j
b1111011001100 X
b101111001101 W
b100000011001 Y
b111011010 $
b111011010 (
b111011010 1
b111011010 V
1#
#4750000
0#
#4755000
b10111010010 6
b10111010010 R
b11000001100 p
b101100101111 3
b101100101111 [
b101110100100 .
b101110100100 9
b101110100100 l
b11000001100 "
b11000001100 )
b11000001100 -
b11000001100 8
b11000001100 n
b11111101111101110 C
b100011101111 D
b1100010100101 T
b101110100100 7
b101110100100 S
b11000001100 5
b11000001100 Q
b1011001011110 ^
b100101011101 4
b100101011101 \
b10110100111 2
b10110100111 Z
b1010111101000110 F
b100101111 o
b11110000010 ,
b11110000010 =
b11110000010 ]
b11110000010 q
b111011011 ;
b111011011 B
b1010111 j
b1000111011110000000000000000 E
b1111100001010111010 J
b1011001100 :
b1011001100 K
b1011001100 M
b101111011001 ?
b110001100111 >
b1111010100011 O
b101110100100 N
b11000001100 P
b100011011000 A
b100011011000 L
b100111110011 @
b100001111 u
b1011100101 t
b100101111 s
b11110000010 r
b1110001011100 X
b100101011101 W
b10110100111 Y
b111011011 $
b111011011 (
b111011011 1
b111011011 V
1#
#4760000
0#
#4765000
b100101110001 6
b100101110001 R
b100000100 p
b11011000000 3
b11011000000 [
b10111100001 .
b10111100001 9
b10111100001 l
b100000100 "
b100000100 )
b100000100 -
b100000100 8
b100000100 n
b1001011100010 T
b10111100001 7
b10111100001 S
b100000100 5
b100000100 Q
b11111010100010000 C
b1000010001 D
b110110000000 ^
b1111111 4
b1111111 \
b100111001000 2
b100111001000 Z
b11000001100 o
b101110100100 ,
b101110100100 =
b101110100100 ]
b101110100100 q
b10100000010101 F
b111011100 ;
b111011100 B
b1011100101 u
b100101111 t
b11000001100 s
b101110100100 r
b110001100111 ?
b101100101111 >
b100111110011 A
b100111110011 L
b11110000010 @
b10111100001 O
b1001011100010 N
b100000100 P
b100011101111 :
b100011101111 K
b100011101111 M
b10000100010000000000000000 E
b1111100011011101011 J
b1011000 j
b1111111 X
b110110000000 W
b100111001000 Y
b111011100 $
b111011100 (
b111011100 1
b111011100 V
1#
#4770000
0#
#4775000
b101101001010 6
b101101001010 R
b10101110001 p
b1111011111 3
b1111011111 [
b100110010011 .
b100110010011 9
b100110010011 l
b10101110001 "
b10101110001 )
b10101110001 -
b10101110001 8
b10101110001 n
b11111101100110011 C
b100000110100 D
b1011010010100 T
b100110010011 7
b100110010011 S
b10101110001 5
b10101110001 Q
b1010010111111 ^
b11110111110 4
b11110111110 \
b10000000100 2
b10000000100 Z
b1010000011100100 F
b100000100 o
b10111100001 ,
b10111100001 =
b10111100001 ]
b10111100001 q
b111011101 ;
b111011101 B
b1011001 j
b1000001101000000000000000000 E
b1111100101100011100 J
b1000010001 :
b1000010001 K
b1000010001 M
b101100101111 ?
b11011000000 >
b1110010010010 O
b100110010011 N
b10101110001 P
b11110000010 A
b11110000010 L
b101110100100 @
b100101111 u
b11000001100 t
b100000100 s
b10111100001 r
b1101010111101 X
b11110111110 W
b10000000100 Y
b111011101 $
b111011101 (
b111011101 1
b111011101 V
1#
#4780000
0#
#4785000
b100111101100 6
b100111101100 R
b1101110000 p
b110000111001 3
b110000111001 [
b11011010111 .
b11011010111 9
b11011010111 l
b1101110000 "
b1101110000 )
b1101110000 -
b1101110000 8
b1101110000 n
b1001111011000 T
b11011010111 7
b11011010111 S
b1101110000 5
b1101110000 Q
b11111010001010101 C
b101010110 D
b1100001110010 ^
b101101110001 4
b101101110001 \
b11110110101 2
b11110110101 Z
b10101110001 o
b100110010011 ,
b100110010011 =
b100110010011 ]
b100110010011 q
b1100110110011 F
b111011110 ;
b111011110 B
b11000001100 u
b100000100 t
b10101110001 s
b100110010011 r
b11011000000 ?
b1111011111 >
b101110100100 A
b101110100100 L
b10111100001 @
b11011010111 O
b1001111011000 N
b1101110000 P
b100000110100 :
b100000110100 K
b100000110100 M
b1010101100000000000000000 E
b1111100111101001101 J
b1011010 j
b1111001110000 X
b101101110001 W
b11110110101 Y
b111011110 $
b111011110 (
b111011110 1
b111011110 V
1#
#4790000
0#
#4795000
b101000011100 6
b101000011100 R
b10010001011 p
b10001011011 3
b10001011011 [
b11100110111 .
b11100110111 9
b11100110111 l
b10010001011 "
b10010001011 )
b10010001011 -
b10010001011 8
b10010001011 n
b11111101001111000 C
b11101111001 D
b1010000111000 T
b11100110111 7
b11100110111 S
b10010001011 5
b10010001011 Q
b1010110110111 ^
b100010110110 4
b100010110110 \
b10011111000 2
b10011111000 Z
b1001001010000010 F
b1101110000 o
b11011010111 ,
b11011010111 =
b11011010111 ]
b11011010111 q
b111011111 ;
b111011111 B
b1011011 j
b111011110010000000000000000 E
b1111101001101111110 J
b101010110 :
b101010110 K
b101010110 M
b1111011111 ?
b110000111001 >
b1101000110110 O
b11100110111 N
b10010001011 P
b10111100001 A
b10111100001 L
b100110010011 @
b100000100 u
b10101110001 t
b1101110000 s
b11011010111 r
b1101110110101 X
b100010110110 W
b10011111000 Y
b111011111 $
b111011111 (
b111011111 1
b111011111 V
1#
#4800000
0#
#4805000
b100010000110 6
b100010000110 R
b1000011010 p
b101100001100 3
b101100001100 [
b10000001011 .
b10000001011 9
b10000001011 l
b1000011010 "
b1000011010 )
b1000011010 -
b1000011010 8
b1000011010 n
b1000100001100 T
b10000001011 7
b10000001011 S
b1000011010 5
b1000011010 Q
b11111001110011010 C
b10011011 D
b1011000011000 ^
b100100010111 4
b100100010111 \
b10101010111 2
b10101010111 Z
b10010001011 o
b11100110111 ,
b11100110111 =
b11100110111 ]
b11100110111 q
b101101010001 F
b111100000 ;
b111100000 B
b10101110001 u
b1101110000 t
b10010001011 s
b11100110111 r
b110000111001 ?
b10001011011 >
b100110010011 A
b100110010011 L
b11011010111 @
b10000001011 O
b1000100001100 N
b1000011010 P
b11101111001 :
b11101111001 K
b11101111001 M
b100110110000000000000000 E
b1111101011110101111 J
b1011100 j
b1110000010110 X
b100100010111 W
b10101010111 Y
b111100000 $
b111100000 (
b111100000 1
b111100000 V
1#
#4810000
0#
#4815000
b1110111001 6
b1110111001 R
b11000111100 p
b1011110110 3
b1011110110 [
b11101110010 .
b11101110010 9
b11101110010 l
b11000111100 "
b11000111100 )
b11000111100 -
b11000111100 8
b11000111100 n
b11111100110111101 C
b11010111110 D
b1010001110011 T
b11101110010 7
b11101110010 S
b11000111100 5
b11000111100 Q
b1001011101101 ^
b10111101100 4
b10111101100 \
b1000101010 2
b1000101010 Z
b1000010000100000 F
b1000011010 o
b10000001011 ,
b10000001011 =
b10000001011 ]
b10000001011 q
b111100001 ;
b111100001 B
b1011101 j
b110101111100000000000000000 E
b1111101101111100000 J
b10011011 :
b10011011 K
b10011011 M
b10001011011 ?
b101100001100 >
b1101001110001 O
b11101110010 N
b11000111100 P
b11011010111 A
b11011010111 L
b11100110111 @
b1101110000 u
b10010001011 t
b1000011010 s
b10000001011 r
b1100011101011 X
b10111101100 W
b1000101010 Y
b111100001 $
b111100001 (
b111100001 1
b111100001 V
1#
#4820000
0#
#4825000
b1111010 6
b1111010 R
b1111001 p
b10010101010 3
b10010101010 [
b11110100 .
b11110100 9
b11110100 l
b1111001 "
b1111001 )
b1111001 -
b1111001 8
b1111001 n
b110111110101 T
b11110100 7
b11110100 S
b1111001 5
b1111001 Q
b11111111111100000 C
b110011100001 D
b1011001010101 ^
b100101010100 4
b100101010100 \
b10110010000 2
b10110010000 Z
b11000111100 o
b11101110010 ,
b11101110010 =
b11101110010 ]
b11101110010 q
b1111110011101111 F
b111100010 ;
b111100010 B
b10010001011 u
b1000011010 t
b11000111100 s
b11101110010 r
b101100001100 ?
b1011110110 >
b11100110111 A
b11100110111 L
b10000001011 @
b11110100 O
b110111110101 N
b1111001 P
b11010111110 :
b11010111110 K
b11010111110 M
b1100111000010000000000000000 E
b1111110000000010001 J
b1011110 j
b1110001010011 X
b100101010100 W
b10110010000 Y
b111100010 $
b111100010 (
b111100010 1
b111100010 V
1#
#4830000
0#
#4835000
b100001110110 6
b100001110110 R
b10000101011 p
b11111101100 3
b11111101100 [
b1111101011 .
b1111101011 9
b1111101011 l
b10000101011 "
b10000101011 )
b10000101011 -
b10000101011 8
b10000101011 n
b11111100100000010 C
b11000000011 D
b1000011101100 T
b1111101011 7
b1111101011 S
b10000101011 5
b10000101011 Q
b111111011000 ^
b1011010111 4
b1011010111 \
b110000010010 2
b110000010010 Z
b111010110111110 F
b1111001 o
b11110100 ,
b11110100 =
b11110100 ]
b11110100 q
b111100011 ;
b111100011 B
b1011111 j
b110000000110000000000000000 E
b1111110010001000010 J
b110011100001 :
b110011100001 K
b110011100001 M
b1011110110 ?
b10010101010 >
b1111101011 O
b1000011101100 N
b1011100101010 P
b10000001011 A
b10000001011 L
b11101110010 @
b1000011010 u
b11000111100 t
b1111001 s
b11110100 r
b1010111010110 X
b1011010111 W
b1111100010001 Y
b111100011 $
b111100011 (
b111100011 1
b111100011 V
1#
#4840000
0#
#4845000
b111010 6
b111010 R
b101101111 p
b100101101000 3
b100101101000 [
b1110100 .
b1110100 9
b1110100 l
b101101111 "
b101101111 )
b101101111 -
b101101111 8
b101101111 n
b110101110101 T
b1110100 7
b1110100 S
b101101111 5
b101101111 Q
b11111111100100101 C
b110000100110 D
b100000010010 *
b100000010010 <
b100000010010 G
b100000010010 `
b1110 +
b1110 a
b1001011010000 ^
b10111001111 4
b10111001111 \
b1000000111 2
b1000000111 Z
b10000101011 o
b1111101011 ,
b1111101011 =
b1111101011 ]
b1111101011 q
b1110111010001101 F
b110 h
b111100100 ;
b111100100 B
b11000111100 u
b1111001 t
b10000101011 s
b1111101011 r
b10010101010 ?
b11111101100 >
b11101110010 A
b11101110010 L
b11110100 @
b1110100 O
b110101110101 N
b101101111 P
b11000000011 :
b11000000011 K
b11000000011 M
b1100001001100000000000000000 E
b1111110100001110011 J
b1100000 j
b1100011001110 X
b10111001111 W
b1000000111 Y
b111100100 $
b111100100 (
b111100100 1
b111100100 V
1#
#4850000
0#
#4855000
b11010001101 6
b11010001101 R
b111001111 p
b11110101101 3
b11110101101 [
b11001 .
b11001 9
b11001 l
b111001111 "
b111001111 )
b111001111 -
b111001111 8
b111001111 n
b110100011010 T
b11001 7
b11001 S
b111001111 5
b111001111 Q
b111101011010 ^
b1001011001 4
b1001011001 \
b101110010000 2
b101110010000 Z
b10010111111000 F
b11111010011111100 C
b111111101 D
b101101111 o
b1110100 ,
b1110100 =
b1110100 ]
b1110100 q
b111100101 ;
b111100101 B
b1100001 j
b1111111010000000000000000 E
b11110100001000001000 J
b110000100110 :
b110000100110 K
b110000100110 M
b11111101100 ?
b100101101000 >
b11001 O
b110100011010 N
b1010011001110 P
b11110100 A
b11110100 L
b1111101011 @
b1111001 u
b10000101011 t
b101101111 s
b1110100 r
b1010101011000 X
b1001011001 W
b1111010001111 Y
b111100101 $
b111100101 (
b111100101 1
b111100101 V
1#
#4860000
0#
#4865000
b1011110100 6
b1011110100 R
b111101110 p
b11110000000 3
b11110000000 [
b10111101000 .
b10111101000 9
b10111101000 l
b111101110 "
b111101110 )
b111101110 -
b111101110 8
b111101110 n
b1001011101001 T
b10111101000 7
b10111101000 S
b111101110 5
b111101110 Q
b11111001101110101 C
b1110110 D
b111100000000 ^
b111111111 4
b111111111 \
b101100110100 2
b101100110100 Z
b111001111 o
b11001 ,
b11001 =
b11001 ]
b11001 q
b11111100110 F
b111100110 ;
b111100110 B
b10000101011 u
b101101111 t
b111001111 s
b11001 r
b100101101000 ?
b11110101101 >
b1111101011 A
b1111101011 L
b1110100 @
b1100011100111 O
b10111101000 N
b111101110 P
b111111101 :
b111111101 K
b111111101 M
b11101100000000000000000 E
b11110100101000011010 J
b1100010 j
b1010011111110 X
b111111111 W
b1111000110011 Y
b111100110 $
b111100110 (
b111100110 1
b111100110 V
1#
#4870000
0#
#4875000
b1110101 6
b1110101 R
b110011111111 p
b101001101000 3
b101001101000 [
b11101010 .
b11101010 9
b11101010 l
b110011111111 "
b110011111111 )
b110011111111 -
b110011111111 8
b110011111111 n
b11111111011101111 C
b101111110000 D
b110111101011 T
b11101010 7
b11101010 S
b110011111111 5
b110011111111 Q
b1010011010000 ^
b11111001111 4
b11111001111 \
b10000000001 2
b10000000001 Z
b1110100111010100 F
b111101110 o
b10111101000 ,
b10111101000 =
b10111101000 ]
b10111101000 q
b111100111 ;
b111100111 B
b1100011 j
b1011111100000000000000000000 E
b11110101001000101100 J
b1110110 :
b1110110 K
b1110110 M
b11110101101 ?
b11110000000 >
b1001111101001 O
b11101010 N
b1111111111110 P
b1110100 A
b1110100 L
b11001 @
b101101111 u
b111001111 t
b111101110 s
b10111101000 r
b1101011001110 X
b11111001111 W
b10000000001 Y
b111100111 $
b111100111 (
b111100111 1
b111100111 V
1#
#4880000
0#
#4885000
b110010000101 6
b110010000101 R
b100101010 p
b101101001 3
b101101001 [
b110000001001 .
b110000001001 9
b110000001001 l
b100101010 "
b100101010 )
b100101010 -
b100101010 8
b100101010 n
b1100100001010 T
b110000001001 7
b110000001001 S
b100101010 5
b100101010 Q
b11111110101101000 C
b101001101001 D
b111111010011 ^
b1011010010 4
b1011010010 \
b110000000011 2
b110000000011 Z
b110011111111 o
b11101010 ,
b11101010 =
b11101010 ]
b11101010 q
b1100101111000010 F
b111101000 ;
b111101000 B
b111001111 u
b111101110 t
b110011111111 s
b11101010 r
b11110000000 ?
b101001101000 >
b11001 A
b11001 L
b10111101000 @
b1111100001000 O
b110000001001 N
b1010000101001 P
b101111110000 :
b101111110000 K
b101111110000 M
b1010011010010000000000000000 E
b11110101101000111110 J
b1100100 j
b1010111010001 X
b1011010010 W
b1111100000010 Y
b111101000 $
b111101000 (
b111101000 1
b111101000 V
1#
#4890000
0#
#4895000
b110101000 6
b110101000 R
b100010000000 p
b11011111001 3
b11011111001 [
b1101010000 .
b1101010000 9
b1101010000 l
b100010000000 "
b100010000000 )
b100010000000 -
b100010000000 8
b100010000000 n
b11111101111100001 C
b100011100010 D
b1000001010001 T
b1101010000 7
b1101010000 S
b100010000000 5
b100010000000 Q
b110111110010 ^
b11110001 4
b11110001 \
b101000100000 2
b101000100000 Z
b1010110110110000 F
b100101010 o
b110000001001 ,
b110000001001 =
b110000001001 ]
b110000001001 q
b111101001 ;
b111101001 B
b1100101 j
b1000111000100000000000000000 E
b11110110001001010000 J
b101001101001 :
b101001101001 K
b101001101001 M
b101001101000 ?
b101101001 >
b1101010000 O
b1000001010001 N
b1101101111111 P
b10111101000 A
b10111101000 L
b11101010 @
b111101110 u
b110011111111 t
b100101010 s
b110000001001 r
b11110001 X
b110111110010 W
b101000100000 Y
b111101001 $
b111101001 (
b111101001 1
b111101001 V
1#
#4900000
0#
#4905000
b10011100110 6
b10011100110 R
b10100001001 p
b1010011101 3
b1010011101 [
b100111001100 .
b100111001100 9
b100111001100 l
b10100001001 "
b10100001001 )
b10100001001 -
b10100001001 8
b10100001001 n
b1011011001101 T
b100111001100 7
b100111001100 S
b10100001001 5
b10100001001 Q
b11111101001011010 C
b11101011011 D
b1001000111011 ^
b10100111010 4
b10100111010 \
b101100110 2
b101100110 Z
b100010000000 o
b1101010000 ,
b1101010000 =
b1101010000 ]
b1101010000 q
b1000111110011110 F
b111101010 ;
b111101010 B
b110011111111 u
b100101010 t
b100010000000 s
b1101010000 r
b101101001 ?
b11011111001 >
b11101010 A
b11101010 L
b110000001001 @
b1110011001011 O
b100111001100 N
b1100000001000 P
b100011100010 :
b100011100010 K
b100011100010 M
b111010110110000000000000000 E
b11110110101001100010 J
b1100110 j
b1100000111001 X
b10100111010 W
b101100110 Y
b111101010 $
b111101010 (
b111101010 1
b111101010 V
1#
#4910000
0#
#4915000
b100110110010 6
b100110110010 R
b10010101110 p
b110001011100 3
b110001011100 [
b11001100011 .
b11001100011 9
b11001100011 l
b10010101110 "
b10010101110 )
b10010101110 -
b10010101110 8
b10010101110 n
b11111100011010011 C
b10111010100 D
b1001101100100 T
b11001100011 7
b11001100011 S
b10010101110 5
b10010101110 Q
b1100010111000 ^
b101110110111 4
b101110110111 \
b11111100001 2
b11111100001 Z
b111000110001100 F
b10100001001 o
b100111001100 ,
b100111001100 =
b100111001100 ]
b100111001100 q
b111101011 ;
b111101011 B
b1100111 j
b101110101000000000000000000 E
b11110111001001110100 J
b11101011011 :
b11101011011 K
b11101011011 M
b11011111001 ?
b1010011101 >
b11001100011 O
b1001101100100 N
b10010101110 P
b110000001001 A
b110000001001 L
b1101010000 @
b100101010 u
b100010000000 t
b10100001001 s
b100111001100 r
b1111010110110 X
b101110110111 W
b11111100001 Y
b111101011 $
b111101011 (
b111101011 1
b111101011 V
1#
#4920000
0#
#4925000
b10010010010 6
b10010010010 R
b101001111101 p
b101010101000 3
b101010101000 [
b100100100100 .
b100100100100 9
b100100100100 l
b101001111101 "
b101001111101 )
b101001111101 -
b101001111101 8
b101001111101 n
b1011000100101 T
b100100100100 7
b100100100100 S
b101001111101 5
b101001111101 Q
b11111011101001100 C
b10001001101 D
b1010101010000 ^
b100001001111 4
b100001001111 \
b10001110111 2
b10001110111 Z
b10010101110 o
b11001100011 ,
b11001100011 =
b11001100011 ]
b11001100011 q
b101001101111010 F
b111101100 ;
b111101100 B
b100010000000 u
b10100001001 t
b10010101110 s
b11001100011 r
b1010011101 ?
b110001011100 >
b1101010000 A
b1101010000 L
b100111001100 @
b1110000100011 O
b100100100100 N
b1110101111100 P
b10111010100 :
b10111010100 K
b10111010100 M
b100010011010000000000000000 E
b11110111101010000110 J
b1101000 j
b1101101001110 X
b100001001111 W
b10001110111 Y
b111101100 $
b111101100 (
b111101100 1
b111101100 V
1#
#4930000
0#
#4935000
b10001100 6
b10001100 R
b10101111111 p
b110000001001 3
b110000001001 [
b100011000 .
b100011000 9
b100011000 l
b10101111111 "
b10101111111 )
b10101111111 -
b10101111111 8
b10101111111 n
b11111010111000101 C
b1011000110 D
b111000011001 T
b100011000 7
b100011000 S
b10101111111 5
b10101111111 Q
b1100000010010 ^
b101100010001 4
b101100010001 \
b11100110111 2
b11100110111 Z
b11010101101000 F
b101001111101 o
b100100100100 ,
b100100100100 =
b100100100100 ]
b100100100100 q
b111101101 ;
b111101101 B
b1101001 j
b10110001100000000000000000 E
b11111000001010011000 J
b10001001101 :
b10001001101 K
b10001001101 M
b110001011100 ?
b101010101000 >
b100011000 O
b111000011001 N
b10101111111 P
b100111001100 A
b100111001100 L
b11001100011 @
b10100001001 u
b10010101110 t
b101001111101 s
b100100100100 r
b1111000010000 X
b101100010001 W
b11100110111 Y
b111101101 $
b111101101 (
b111101101 1
b111101101 V
1#
#4940000
0#
#4945000
b101100010101 6
b101100010101 R
b1110011101 p
b110000011 3
b110000011 [
b100100101001 .
b100100101001 9
b100100101001 l
b1110011101 "
b1110011101 )
b1110011101 -
b1110011101 8
b1110011101 n
b1011000101010 T
b100100101001 7
b100100101001 S
b1110011101 5
b1110011101 Q
b11111010000111110 C
b100111111 D
b1000000000111 ^
b1100000110 4
b1100000110 \
b110000101011 2
b110000101011 Z
b10101111111 o
b100011000 ,
b100011000 =
b100011000 ]
b100011000 q
b1011101010110 F
b111101110 ;
b111101110 B
b10010101110 u
b101001111101 t
b10101111111 s
b100011000 r
b101010101000 ?
b110000001001 >
b11001100011 A
b11001100011 L
b100100100100 @
b1110000101000 O
b100100101001 N
b1110011101 P
b1011000110 :
b1011000110 K
b1011000110 M
b1001111110000000000000000 E
b11111000101010101010 J
b1101010 j
b1011000000101 X
b1100000110 W
b1111100101010 Y
b111101110 $
b111101110 (
b111101110 1
b111101110 V
1#
#4950000
0#
#4955000
b101110110010 6
b101110110010 R
b11111100101 p
b10110001100 3
b10110001100 [
b101001100011 .
b101001100011 9
b101001100011 l
b11111100101 "
b11111100101 )
b11111100101 -
b11111100101 8
b11111100101 n
b11111111110111000 C
b110010111001 D
b1011101100100 T
b101001100011 7
b101001100011 S
b11111100101 5
b11111100101 Q
b1100000011001 ^
b101100011000 4
b101100011000 \
b11100111010 2
b11100111010 Z
b1111100101000100 F
b1110011101 o
b100100101001 ,
b100100101001 =
b100100101001 ]
b100100101001 q
b111101111 ;
b111101111 B
b1101011 j
b1100101110010000000000000000 E
b11111001001010111100 J
b100111111 :
b100111111 K
b100111111 M
b110000001001 ?
b110000011 >
b1110101100010 O
b101001100011 N
b11111100101 P
b100100100100 A
b100100100100 L
b100011000 @
b101001111101 u
b10101111111 t
b1110011101 s
b100100101001 r
b1111000010111 X
b101100011000 W
b11100111010 Y
b111101111 $
b111101111 (
b111101111 1
b111101111 V
1#
#4960000
0#
#4965000
b1101000 6
b1101000 R
b101100000 p
b110010101010 3
b110010101010 [
b11010000 .
b11010000 9
b11010000 l
b101100000 "
b101100000 )
b101100000 -
b101100000 8
b101100000 n
b110111010001 T
b11010000 7
b11010000 S
b101100000 5
b101100000 Q
b11111111000110001 C
b101100110010 D
b1100101010100 ^
b110001010011 4
b110001010011 \
b100001110011 2
b100001110011 Z
b11111100101 o
b101001100011 ,
b101001100011 =
b101001100011 ]
b101001100011 q
b1101101100110010 F
b111110000 ;
b111110000 B
b10101111111 u
b1110011101 t
b11111100101 s
b101001100011 r
b110000011 ?
b10110001100 >
b100011000 A
b100011000 L
b100100101001 @
b11010000 O
b110111010001 N
b1010001011111 P
b110010111001 :
b110010111001 K
b110010111001 M
b1011001100100000000000000000 E
b11111001101011001110 J
b1101100 j
b1111101010010 X
b110001010011 W
b100001110011 Y
b111110000 $
b111110000 (
b111110000 1
b111110000 V
1#
#4970000
0#
#4975000
b1110101101 6
b1110101101 R
b101011111000 p
b11111100001 3
b11111100001 [
b11101011010 .
b11101011010 9
b11101011010 l
b101011111000 "
b101011111000 )
b101011111000 -
b101011111000 8
b101011111000 n
b11111110010101010 C
b100110101011 D
b1010001011011 T
b11101011010 7
b11101011010 S
b101011111000 5
b101011111000 Q
b111111000010 ^
b1011000001 4
b1011000001 \
b101111100000 2
b101111100000 Z
b1011110100100000 F
b101100000 o
b11010000 ,
b11010000 =
b11010000 ]
b11010000 q
b111110001 ;
b111110001 B
b1101101 j
b1001101010110000000000000000 E
b11111010001011100000 J
b101100110010 :
b101100110010 K
b101100110010 M
b10110001100 ?
b110010101010 >
b11101011010 O
b1010001011011 N
b1110111110111 P
b100100101001 A
b100100101001 L
b101001100011 @
b1110011101 u
b11111100101 t
b101100000 s
b11010000 r
b1010111000000 X
b1011000001 W
b1111011011111 Y
b111110001 $
b111110001 (
b111110001 1
b111110001 V
1#
#4980000
0#
#4985000
b101000000111 6
b101000000111 R
b10111000 p
b10010100110 3
b10010100110 [
b11100001101 .
b11100001101 9
b11100001101 l
b10111000 "
b10111000 )
b10111000 -
b10111000 8
b10111000 n
b1010000001110 T
b11100001101 7
b11100001101 S
b10111000 5
b10111000 Q
b11111101100100011 C
b100000100100 D
b1011001001101 ^
b100101001100 4
b100101001100 \
b10101101000 2
b10101101000 Z
b101011111000 o
b11101011010 ,
b11101011010 =
b11101011010 ]
b11101011010 q
b1001111100001110 F
b111110010 ;
b111110010 B
b11111100101 u
b101100000 t
b101011111000 s
b11101011010 r
b110010101010 ?
b11111100001 >
b101001100011 A
b101001100011 L
b11010000 @
b11100001101 O
b1010000001110 N
b10111000 P
b100110101011 :
b100110101011 K
b100110101011 M
b1000001001000000000000000000 E
b11111010101011110010 J
b1101110 j
b1110001001011 X
b100101001100 W
b10101101000 Y
b111110010 $
b111110010 (
b111110010 1
b111110010 V
1#
#4990000
0#
#4995000
b10001111010 6
b10001111010 R
b10110101101 p
b10010000000 3
b10010000000 [
b100011110100 .
b100011110100 9
b100011110100 l
b10110101101 "
b10110101101 )
b10110101101 -
b10110101101 8
b10110101101 n
b11111100110011100 C
b11010011101 D
b1010111110101 T
b100011110100 7
b100011110100 S
b10110101101 5
b10110101101 Q
b1011000000001 ^
b100100000000 4
b100100000000 \
b10100011010 2
b10100011010 Z
b1000000011111100 F
b10111000 o
b11100001101 ,
b11100001101 =
b11100001101 ]
b11100001101 q
b111110011 ;
b111110011 B
b1101111 j
b110100111010000000000000000 E
b11111011001100000100 J
b100000100100 :
b100000100100 K
b100000100100 M
b11111100001 ?
b10010100110 >
b1101111110011 O
b100011110100 N
b1100010101100 P
b11010000 A
b11010000 L
b11101011010 @
b101100000 u
b101011111000 t
b10111000 s
b11100001101 r
b1101111111111 X
b100100000000 W
b10100011010 Y
b111110011 $
b111110011 (
b111110011 1
b111110011 V
1#
#5000000
0#
#5005000
b1111011 6
b1111011 R
b10111101 p
b10101110100 3
b10101110100 [
b11110110 .
b11110110 9
b11110110 l
b10111101 "
b10111101 )
b10111101 -
b10111101 8
b10111101 n
b110111110111 T
b11110110 7
b11110110 S
b10111101 5
b10111101 Q
b11111100000010101 C
b10100010110 D
b1100100100 *
b1100100100 <
b1100100100 G
b1100100100 `
b1111 +
b1111 a
b1011111101001 ^
b101011101000 4
b101011101000 \
b11100000000 2
b11100000000 Z
b10110101101 o
b100011110100 ,
b100011110100 =
b100011110100 ]
b100011110100 q
b110001011101010 F
b111 h
b111110100 ;
b111110100 B
b101011111000 u
b10111000 t
b10110101101 s
b100011110100 r
b10010100110 ?
b10010000000 >
b11101011010 A
b11101011010 L
b11100001101 @
b11110110 O
b110111110111 N
b10111101 P
b11010011101 :
b11010011101 K
b11010011101 M
b101000101100000000000000000 E
b11111011101100010110 J
b1110000 j
b1110111100111 X
b101011101000 W
b11100000000 Y
b111110100 $
b111110100 (
b111110100 1
b111110100 V
1#
#5010000
0#
#5015000
b110010010010 6
b110010010010 R
b111110111 p
b11111110110 3
b11111110110 [
b110000100011 .
b110000100011 9
b110000100011 l
b111110111 "
b111110111 )
b111110111 -
b111110111 8
b111110111 n
b1100100100100 T
b110000100011 7
b110000100011 S
b111110111 5
b111110111 Q
b111111101100 ^
b1011101011 4
b1011101011 \
b110000000010 2
b110000000010 Z
b1110110110110000 F
b11111111100011000 C
b110000011001 D
b10111101 o
b11110110 ,
b11110110 =
b11110110 ]
b11110110 q
b111110101 ;
b111110101 B
b1110001 j
b1100000110010000000000000000 E
b1100010001001010000 J
b10100010110 :
b10100010110 K
b10100010110 M
b10010000000 ?
b10101110100 >
b1111100100010 O
b110000100011 N
b111110111 P
b11100001101 A
b11100001101 L
b100011110100 @
b10111000 u
b10110101101 t
b10111101 s
b11110110 r
b1010111101010 X
b1011101011 W
b1111100000001 Y
b111110101 $
b111110101 (
b111110101 1
b111110101 V
1#
#5020000
0#
#5025000
b10000000110 6
b10000000110 R
b100111011100 p
b10001100 3
b10001100 [
b100000001100 .
b100000001100 9
b100000001100 l
b100111011100 "
b100111011100 )
b100111011100 -
b100111011100 8
b100111011100 n
b1010100001101 T
b100000001100 7
b100000001100 S
b100111011100 5
b100111011100 Q
b11111110010110011 C
b100110110100 D
b111000011001 ^
b100011000 4
b100011000 \
b101000101101 2
b101000101101 Z
b111110111 o
b110000100011 ,
b110000100011 =
b110000100011 ]
b110000100011 q
b1011111010001100 F
b111110110 ;
b111110110 B
b10110101101 u
b10111101 t
b111110111 s
b110000100011 r
b10101110100 ?
b11111110110 >
b100011110100 A
b100011110100 L
b11110110 @
b100000001100 O
b1010100001101 N
b1110011011011 P
b110000011001 :
b110000011001 K
b110000011001 M
b1001101101000000000000000000 E
b1100010010101110100 J
b1110010 j
b100011000 X
b111000011001 W
b101000101101 Y
b111110110 $
b111110110 (
b111110110 1
b111110110 V
1#
#5030000
0#
#5035000
b10101010101 6
b10101010101 R
b10001000011 p
b101110000010 3
b101110000010 [
b101010101010 .
b101010101010 9
b101010101010 l
b10001000011 "
b10001000011 )
b10001000011 -
b10001000011 8
b10001000011 n
b11111101001001110 C
b11101001111 D
b1011110101011 T
b101010101010 7
b101010101010 S
b10001000011 5
b10001000011 Q
b1011100000100 ^
b101000000011 4
b101000000011 \
b11000010101 2
b11000010101 Z
b1000111101101000 F
b100111011100 o
b100000001100 ,
b100000001100 =
b100000001100 ]
b100000001100 q
b111110111 ;
b111110111 B
b1110011 j
b111010011110000000000000000 E
b1100010100010011000 J
b100110110100 :
b100110110100 K
b100110110100 M
b11111110110 ?
b10001100 >
b1110110101001 O
b101010101010 N
b1011101000010 P
b11110110 A
b11110110 L
b110000100011 @
b10111101 u
b111110111 t
b100111011100 s
b100000001100 r
b1110100000010 X
b101000000011 W
b11000010101 Y
b111110111 $
b111110111 (
b111110111 1
b111110111 V
1#
#5040000
0#
#5045000
b100110111001 6
b100110111001 R
b10011010100 p
b11001010001 3
b11001010001 [
b11001110001 .
b11001110001 9
b11001110001 l
b10011010100 "
b10011010100 )
b10011010100 -
b10011010100 8
b10011010100 n
b1001101110010 T
b11001110001 7
b11001110001 S
b10011010100 5
b10011010100 Q
b11111011111101001 C
b10011101010 D
b1100110100011 ^
b110010100010 4
b110010100010 \
b100010110010 2
b100010110010 Z
b10001000011 o
b101010101010 ,
b101010101010 =
b101010101010 ]
b101010101010 q
b110000001000100 F
b111111000 ;
b111111000 B
b111110111 u
b100111011100 t
b10001000011 s
b101010101010 r
b10001100 ?
b101110000010 >
b110000100011 A
b110000100011 L
b100000001100 @
b11001110001 O
b1001101110010 N
b10011010100 P
b11101001111 :
b11101001111 K
b11101001111 M
b100111010100000000000000000 E
b1100010101110111100 J
b1110100 j
b1111110100001 X
b110010100010 W
b100010110010 Y
b111111000 $
b111111000 (
b111111000 1
b111111000 V
1#
#5050000
0#
#5055000
b11001111011 6
b11001111011 R
b1100100010 p
b10000110101 3
b10000110101 [
b110011110110 .
b110011110110 9
b110011110110 l
b1100100010 "
b1100100010 )
b1100100010 -
b1100100010 8
b1100100010 n
b11111010110000100 C
b1010000101 D
b1100111110111 T
b110011110110 7
b110011110110 S
b1100100010 5
b1100100010 Q
b1010101101011 ^
b100001101010 4
b100001101010 \
b10001111000 2
b10001111000 Z
b11000100100000 F
b10011010100 o
b11001110001 ,
b11001110001 =
b11001110001 ]
b11001110001 q
b111111001 ;
b111111001 B
b1110101 j
b10100001010000000000000000 E
b1100010111011100000 J
b10011101010 :
b10011101010 K
b10011101010 M
b101110000010 ?
b11001010001 >
b1111111110101 O
b110011110110 N
b1100100010 P
b100000001100 A
b100000001100 L
b101010101010 @
b100111011100 u
b10001000011 t
b10011010100 s
b11001110001 r
b1101101101001 X
b100001101010 W
b10001111000 Y
b111111001 $
b111111001 (
b111111001 1
b111111001 V
1#
#5060000
0#
#5065000
b10111 6
b10111 R
b100000100101 p
b11101111000 3
b11101111000 [
b101110 .
b101110 9
b101110 l
b100000100101 "
b100000100101 )
b100000100101 -
b100000100101 8
b100000100101 n
b110100101111 T
b101110 7
b101110 S
b100000100101 5
b100000100101 Q
b11111001100011111 C
b100000 D
b111011110000 ^
b111101111 4
b111101111 \
b101011111100 2
b101011111100 Z
b1100100010 o
b110011110110 ,
b110011110110 =
b110011110110 ]
b110011110110 q
b111111100 F
b111111010 ;
b111111010 B
b10001000011 u
b10011010100 t
b1100100010 s
b110011110110 r
b11001010001 ?
b10000110101 >
b101010101010 A
b101010101010 L
b11001110001 @
b101110 O
b110100101111 N
b100000100101 P
b1010000101 :
b1010000101 K
b1010000101 M
b1000000000000000000000 E
b1100011001000000100 J
b1110110 j
b111101111 X
b111011110000 W
b101011111100 Y
b111111010 $
b111111010 (
b111111010 1
b111111010 V
1#
#5070000
0#
#5075000
b100111001001 6
b100111001001 R
b11001010001 p
b11110010101 3
b11110010101 [
b11010010001 .
b11010010001 9
b11010010001 l
b11001010001 "
b11001010001 )
b11001010001 -
b11001010001 8
b11001010001 n
b11111110110111011 C
b101010111100 D
b1001110010010 T
b11010010001 7
b11010010001 S
b11001010001 5
b11001010001 Q
b111100101010 ^
b1000101001 4
b1000101001 \
b101100110100 2
b101100110100 Z
b1101001011011000 F
b100000100101 o
b101110 ,
b101110 =
b101110 ]
b101110 q
b111111011 ;
b111111011 B
b1110111 j
b1010101111000000000000000000 E
b1100011010100101000 J
b100000 :
b100000 K
b100000 M
b10000110101 ?
b11101111000 >
b1100110010000 O
b11010010001 N
b11001010001 P
b11001110001 A
b11001110001 L
b110011110110 @
b10011010100 u
b1100100010 t
b100000100101 s
b101110 r
b1010100101000 X
b1000101001 W
b1111000110011 Y
b111111011 $
b111111011 (
b111111011 1
b111111011 V
1#
#5080000
0#
#5085000
b101111011001 6
b101111011001 R
b1000111010 p
b101011000111 3
b101011000111 [
b101010110001 .
b101010110001 9
b101010110001 l
b1000111010 "
b1000111010 )
b1000111010 -
b1000111010 8
b1000111010 n
b1011110110010 T
b101010110001 7
b101010110001 S
b1000111010 5
b1000111010 Q
b11111101101010110 C
b100001010111 D
b1010110001110 ^
b100010001101 4
b100010001101 \
b10010010101 2
b10010010101 Z
b11001010001 o
b11010010001 ,
b11010010001 =
b11010010001 ]
b11010010001 q
b1010001110110100 F
b111111100 ;
b111111100 B
b1100100010 u
b100000100101 t
b11001010001 s
b11010010001 r
b11101111000 ?
b11110010101 >
b110011110110 A
b110011110110 L
b101110 @
b101010110001 O
b1011110110010 N
b1000111010 P
b101010111100 :
b101010111100 K
b101010111100 M
b1000010101110000000000000000 E
b1100011100001001100 J
b1111000 j
b1101110001100 X
b100010001101 W
b10010010101 Y
b111111100 $
b111111100 (
b111111100 1
b111111100 V
1#
#5090000
0#
#5095000
b101011000011 6
b101011000011 R
b10011011000 p
b11001010111 3
b11001010111 [
b100010000101 .
b100010000101 9
b100010000101 l
b10011011000 "
b10011011000 )
b10011011000 -
b10011011000 8
b10011011000 n
b11111100011110001 C
b10111110010 D
b1010110000110 T
b100010000101 7
b100010000101 S
b10011011000 5
b10011011000 Q
b1100110101111 ^
b110010101110 4
b110010101110 \
b100010110100 2
b100010110100 Z
b111010010010000 F
b1000111010 o
b101010110001 ,
b101010110001 =
b101010110001 ]
b101010110001 q
b111111101 ;
b111111101 B
b1111001 j
b101111100100000000000000000 E
b1100011101101110000 J
b100001010111 :
b100001010111 K
b100001010111 M
b11110010101 ?
b101011000111 >
b1101110000100 O
b100010000101 N
b1011111010111 P
b101110 A
b101110 L
b11010010001 @
b100000100101 u
b11001010001 t
b1000111010 s
b101010110001 r
b1111110101101 X
b110010101110 W
b100010110100 Y
b111111101 $
b111111101 (
b111111101 1
b111111101 V
1#
#5100000
0#
#5105000
b110011000010 6
b110011000010 R
b10011111 p
b101111000010 3
b101111000010 [
b110010000011 .
b110010000011 9
b110010000011 l
b10011111 "
b10011111 )
b10011111 -
b10011111 8
b10011111 n
b1100110000100 T
b110010000011 7
b110010000011 S
b10011111 5
b10011111 Q
b11111011010001100 C
b1110001101 D
b1011110000100 ^
b101010000011 4
b101010000011 \
b11010000111 2
b11010000111 Z
b10011011000 o
b100010000101 ,
b100010000101 =
b100010000101 ]
b100010000101 q
b100010101101100 F
b111111110 ;
b111111110 B
b11001010001 u
b1000111010 t
b10011011000 s
b100010000101 r
b101011000111 ?
b11001010111 >
b11010010001 A
b11010010001 L
b101010110001 @
b1111110000010 O
b110010000011 N
b10011111 P
b10111110010 :
b10111110010 K
b10111110010 M
b11100011010000000000000000 E
b1100011111010010100 J
b1111010 j
b1110110000010 X
b101010000011 W
b11010000111 Y
b111111110 $
b111111110 (
b111111110 1
b111111110 V
1#
#5110000
0#
#5115000
b11100011111 6
b11100011111 R
b11100100100 p
b11101000001 3
b11101000001 [
b100111101 .
b100111101 9
b100111101 l
b11100100100 "
b11100100100 )
b11100100100 -
b11100100100 8
b11100100100 n
b11111010000100111 C
b100101000 D
b111000111110 T
b100111101 7
b100111101 S
b11100100100 5
b11100100100 Q
b111010000010 ^
b110000001 4
b110000001 \
b101010000100 2
b101010000100 Z
b1011001001000 F
b10011111 o
b110010000011 ,
b110010000011 =
b110010000011 ]
b110010000011 q
b111111111 ;
b111111111 B
b1111011 j
b1001010000000000000000000 E
b1100100000110111000 J
b1110001101 :
b1110001101 K
b1110001101 M
b11001010111 ?
b101111000010 >
b100111101 O
b111000111110 N
b11100100100 P
b101010110001 A
b101010110001 L
b100010000101 @
b1000111010 u
b10011011000 t
b10011111 s
b110010000011 r
b110000001 X
b111010000010 W
b101010000100 Y
b111111111 $
b111111111 (
b111111111 1
b111111111 V
1#
#5120000
0#
#5125000
b101101010111 6
b101101010111 R
b11101011101 p
b100000011111 3
b100000011111 [
b100110101101 .
b100110101101 9
b100110101101 l
b11101011101 "
b11101011101 )
b11101011101 -
b11101011101 8
b11101011101 n
b1011010101110 T
b100110101101 7
b100110101101 S
b11101011101 5
b11101011101 Q
b11111111011000011 C
b101111000100 D
b1000000111110 ^
b1100111101 4
b1100111101 \
b110000111110 2
b110000111110 Z
b11100100100 o
b100111101 ,
b100111101 =
b100111101 ]
b100111101 q
b1110011100100100 F
b1000000000 ;
b1000000000 B
b10011011000 u
b10011111 t
b11100100100 s
b100111101 r
b101111000010 ?
b11101000001 >
b100010000101 A
b100010000101 L
b110010000011 @
b1110010101100 O
b100110101101 N
b11101011101 P
b100101000 :
b100101000 K
b100101000 M
b1011110001000000000000000000 E
b1100100010011011100 J
b1111100 j
b1011000111100 X
b1100111101 W
b1111100111101 Y
b1000000000 $
b1000000000 (
b1000000000 1
b1000000000 V
1#
#5130000
0#
#5135000
b10110100011 6
b10110100011 R
b10111111 p
b10111010111 3
b10111010111 [
b101101000110 .
b101101000110 9
b101101000110 l
b10111111 "
b10111111 )
b10111111 -
b10111111 8
b10111111 n
b11111110001011110 C
b100101011111 D
b1100001000111 T
b101101000110 7
b101101000110 S
b10111111 5
b10111111 Q
b1100010101111 ^
b101110101110 4
b101110101110 \
b11110101100 2
b11110101100 Z
b1011100000000000 F
b11101011101 o
b100110101101 ,
b100110101101 =
b100110101101 ]
b100110101101 q
b1000000001 ;
b1000000001 B
b1111101 j
b1001010111110000000000000000 E
b1100100100000000000 J
b101111000100 :
b101111000100 K
b101111000100 M
b11101000001 ?
b100000011111 >
b101101000110 O
b1100001000111 N
b10111111 P
b110010000011 A
b110010000011 L
b100111101 @
b10011111 u
b11100100100 t
b11101011101 s
b100110101101 r
b1111010101101 X
b101110101110 W
b11110101100 Y
b1000000001 $
b1000000001 (
b1000000001 1
b1000000001 V
1#
#5140000
0#
#5145000
b10101001110 6
b10101001110 R
b10011011111 p
b11010100100 3
b11010100100 [
b101010011100 .
b101010011100 9
b101010011100 l
b10011011111 "
b10011011111 )
b10011011111 -
b10011011111 8
b10011011111 n
b1011110011101 T
b101010011100 7
b101010011100 S
b10011011111 5
b10011011111 Q
b11111100111111001 C
b11011111010 D
b110101001000 ^
b1000111 4
b1000111 \
b100101000100 2
b100101000100 Z
b10111111 o
b101101000110 ,
b101101000110 =
b101101000110 ]
b101101000110 q
b1000100011011100 F
b1000000010 ;
b1000000010 B
b11100100100 u
b11101011101 t
b10111111 s
b101101000110 r
b100000011111 ?
b10111010111 >
b100111101 A
b100111101 L
b100110101101 @
b1110110011011 O
b101010011100 N
b1011111011110 P
b100101011111 :
b100101011111 K
b100101011111 M
b110111110100000000000000000 E
b1100100101100100100 J
b1111110 j
b1000111 X
b110101001000 W
b100101000100 Y
b1000000010 $
b1000000010 (
b1000000010 1
b1000000010 V
1#
#5150000
0#
#5155000
b111010011 6
b111010011 R
b1010110011 p
b110011010000 3
b110011010000 [
b1110100110 .
b1110100110 9
b1110100110 l
b1010110011 "
b1010110011 )
b1010110011 -
b1010110011 8
b1010110011 n
b11111011110010100 C
b10010010101 D
b1000010100111 T
b1110100110 7
b1110100110 S
b1010110011 5
b1010110011 Q
b1100110100000 ^
b110010011111 4
b110010011111 \
b100010011001 2
b100010011001 Z
b101100110111000 F
b10011011111 o
b101010011100 ,
b101010011100 =
b101010011100 ]
b101010011100 q
b1000000011 ;
b1000000011 B
b1111111 j
b100100101010000000000000000 E
b1100100111001001000 J
b11011111010 :
b11011111010 K
b11011111010 M
b10111010111 ?
b11010100100 >
b1110100110 O
b1000010100111 N
b1010110011 P
b100110101101 A
b100110101101 L
b101101000110 @
b11101011101 u
b10111111 t
b10011011111 s
b101010011100 r
b1111110011110 X
b110010011111 W
b100010011001 Y
b1000000011 $
b1000000011 (
b1000000011 1
b1000000011 V
1#
#5160000
0#
#5165000
b101101101 6
b101101101 R
b11010110001 p
b1011010101 3
b1011010101 [
b1011011010 .
b1011011010 9
b1011011010 l
b11010110001 "
b11010110001 )
b11010110001 -
b11010110001 8
b11010110001 n
b111111011011 T
b1011011010 7
b1011011010 S
b11010110001 5
b11010110001 Q
b11111010100101111 C
b1000110000 D
b10110111101 *
b10110111101 <
b10110111101 G
b10110111101 `
b10000 +
b10000 a
b1001010101011 ^
b10110101010 4
b10110101010 \
b110100010 2
b110100010 Z
b1010110011 o
b1110100110 ,
b1110100110 =
b1110100110 ]
b1110100110 q
b10101010010100 F
b0 h
b10000 e
b1000000100 ;
b1000000100 B
b10111111 u
b10011011111 t
b1010110011 s
b1110100110 r
b11010100100 ?
b110011010000 >
b101101000110 A
b101101000110 L
b101010011100 @
b1011011010 O
b111111011011 N
b11010110001 P
b10010010101 :
b10010010101 K
b10010010101 M
b10001100000000000000000000 E
b1100101000101101100 J
b101 /
b101 g
b0 j
b1100010101001 X
b10110101010 W
b110100010 Y
b1000000100 $
b1000000100 (
b1000000100 1
b1000000100 V
1#
#5170000
0#
#5175000
b11001100110 6
b11001100110 R
b100001101100 p
b100011110000 3
b100011110000 [
b110011001100 .
b110011001100 9
b110011001100 l
b100001101100 "
b100001101100 )
b100001101100 -
b100001101100 8
b100001101100 n
b1100111001101 T
b110011001100 7
b110011001100 S
b100001101100 5
b100001101100 Q
b1000111100000 ^
b10011011111 4
b10011011111 \
b11010101 2
b11010101 Z
b1101001100001100 F
b11111110111000011 C
b101011000100 D
b11010110001 o
b1011011010 ,
b1011011010 =
b1011011010 ]
b1011011010 q
b1000000101 ;
b1000000101 B
b1 j
b1010110001000000000000000000 E
b10111001000011110100 J
b1000110000 :
b1000110000 K
b1000110000 M
b110011010000 ?
b1011010101 >
b1111111001011 O
b110011001100 N
b100001101100 P
b101010011100 A
b101010011100 L
b1110100110 @
b10011011111 u
b1010110011 t
b11010110001 s
b1011011010 r
b1011111011110 X
b10011011111 W
b11010101 Y
b1000000101 $
b1000000101 (
b1000000101 1
b1000000101 V
1#
#5180000
0#
#5185000
b11100110101 6
b11100110101 R
b10111100011 p
b11101101001 3
b11101101001 [
b101101001 .
b101101001 9
b101101001 l
b10111100011 "
b10111100011 )
b10111100011 -
b10111100011 8
b10111100011 n
b111001101010 T
b101101001 7
b101101001 S
b10111100011 5
b10111100011 Q
b11111100000111101 C
b10100111110 D
b111011010010 ^
b111010001 4
b111010001 \
b101011000110 2
b101011000110 Z
b100001101100 o
b110011001100 ,
b110011001100 =
b110011001100 ]
b110011001100 q
b110011001001111 F
b1000000110 ;
b1000000110 B
b1010110011 u
b11010110001 t
b100001101100 s
b110011001100 r
b1011010101 ?
b100011110000 >
b1110100110 A
b1110100110 L
b1011011010 @
b101101001 O
b111001101010 N
b1100011100010 P
b101011000100 :
b101011000100 K
b101011000100 M
b101001111100000000000000000 E
b10111001011010110001 J
b10 j
b111010001 X
b111011010010 W
b101011000110 Y
b1000000110 $
b1000000110 (
b1000000110 1
b1000000110 V
1#
#5190000
0#
#5195000
b10000001100 6
b10000001100 R
b101010011101 p
b110111000 3
b110111000 [
b100000011000 .
b100000011000 9
b100000011000 l
b101010011101 "
b101010011101 )
b101010011101 -
b101010011101 8
b101010011101 n
b11111111110111000 C
b110010111001 D
b1010100011001 T
b100000011000 7
b100000011000 S
b101010011101 5
b101010011101 Q
b1000001110001 ^
b1101110000 4
b1101110000 \
b110001100011 2
b110001100011 Z
b1111100110010010 F
b10111100011 o
b101101001 ,
b101101001 =
b101101001 ]
b101101001 q
b1000000111 ;
b1000000111 B
b11 j
b1100101110010000000000000000 E
b10111001110001101110 J
b10100111110 :
b10100111110 K
b10100111110 M
b100011110000 ?
b11101101001 >
b1101100010111 O
b100000011000 N
b1110110011100 P
b1011011010 A
b1011011010 L
b110011001100 @
b11010110001 u
b100001101100 t
b10111100011 s
b101101001 r
b1011001101111 X
b1101110000 W
b1111101100010 Y
b1000000111 $
b1000000111 (
b1000000111 1
b1000000111 V
1#
#5200000
0#
#5205000
b11001000010 6
b11001000010 R
b10011 p
b10100010000 3
b10100010000 [
b110010000100 .
b110010000100 9
b110010000100 l
b10011 "
b10011 )
b10011 -
b10011 8
b10011 n
b1100110000101 T
b110010000100 7
b110010000100 S
b10011 5
b10011 Q
b11111101000110010 C
b11100110011 D
b1011100100001 ^
b101000100000 4
b101000100000 \
b11000010000 2
b11000010000 Z
b101010011101 o
b100000011000 ,
b100000011000 =
b100000011000 ]
b100000011000 q
b1000110011010101 F
b1000001000 ;
b1000001000 B
b100001101100 u
b10111100011 t
b101010011101 s
b100000011000 r
b11101101001 ?
b110111000 >
b110011001100 A
b110011001100 L
b101101001 @
b110010000100 O
b1100110000101 N
b10011 P
b110010111001 :
b110010111001 K
b110010111001 M
b111001100110000000000000000 E
b10111010001000101011 J
b100 j
b1110100011111 X
b101000100000 W
b11000010000 Y
b1000001000 $
b1000001000 (
b1000001000 1
b1000001000 V
1#
#5210000
0#
#5215000
b10001001110 6
b10001001110 R
b11100110111 p
b11000110 3
b11000110 [
b100010011100 .
b100010011100 9
b100010011100 l
b11100110111 "
b11100110111 )
b11100110111 -
b11100110111 8
b11100110111 n
b11111010010101100 C
b110101101 D
b1010110011101 T
b100010011100 7
b100010011100 S
b11100110111 5
b11100110111 Q
b111010001101 ^
b110001100 4
b110001100 \
b101001111011 2
b101001111011 Z
b10000000011000 F
b10011 o
b110010000100 ,
b110010000100 =
b110010000100 ]
b110010000100 q
b1000001001 ;
b1000001001 B
b101 j
b1101011010000000000000000 E
b10111010011111101000 J
b11100110011 :
b11100110011 K
b11100110011 M
b110111000 ?
b10100010000 >
b1101110011011 O
b100010011100 N
b1101000110110 P
b101101001 A
b101101001 L
b100000011000 @
b10111100011 u
b101010011101 t
b10011 s
b110010000100 r
b110001100 X
b111010001101 W
b101001111011 Y
b1000001001 $
b1000001001 (
b1000001001 1
b1000001001 V
1#
#5220000
0#
#5225000
b101101100011 6
b101101100011 R
b11001101011 p
b10101010011 3
b10101010011 [
b100111000101 .
b100111000101 9
b100111000101 l
b11001101011 "
b11001101011 )
b11001101011 -
b11001101011 8
b11001101011 n
b1011011000110 T
b100111000101 7
b100111000101 S
b11001101011 5
b11001101011 Q
b11111110000100111 C
b100100101000 D
b1011110100111 ^
b101010100110 4
b101010100110 \
b11010010010 2
b11010010010 Z
b11100110111 o
b100010011100 ,
b100010011100 =
b100010011100 ]
b100010011100 q
b1011001101011011 F
b1000001010 ;
b1000001010 B
b101010011101 u
b10011 t
b11100110111 s
b100010011100 r
b10100010000 ?
b11000110 >
b100000011000 A
b100000011000 L
b110010000100 @
b1110011000100 O
b100111000101 N
b11001101011 P
b110101101 :
b110101101 K
b110101101 M
b1001001010000000000000000000 E
b10111010110110100101 J
b110 j
b1110110100101 X
b101010100110 W
b11010010010 Y
b1000001010 $
b1000001010 (
b1000001010 1
b1000001010 V
1#
#5230000
0#
#5235000
b101011010110 6
b101011010110 R
b1101011100 p
b10111101000 3
b10111101000 [
b100010101011 .
b100010101011 9
b100010101011 l
b1101011100 "
b1101011100 )
b1101011100 -
b1101011100 8
b1101011100 n
b11111011010100001 C
b1110100010 D
b1010110101100 T
b100010101011 7
b100010101011 S
b1101011100 5
b1101011100 Q
b1100011010001 ^
b101111010000 4
b101111010000 \
b11110111010 2
b11110111010 Z
b100011010011110 F
b11001101011 o
b100111000101 ,
b100111000101 =
b100111000101 ]
b100111000101 q
b1000001011 ;
b1000001011 B
b111 j
b11101000100000000000000000 E
b10111011001101100010 J
b100100101000 :
b100100101000 K
b100100101000 M
b11000110 ?
b10101010011 >
b100010101011 O
b1010110101100 N
b1101011100 P
b110010000100 A
b110010000100 L
b100010011100 @
b10011 u
b11100110111 t
b11001101011 s
b100111000101 r
b1111011001111 X
b101111010000 W
b11110111010 Y
b1000001011 $
b1000001011 (
b1000001011 1
b1000001011 V
1#
#5240000
0#
#5245000
b11000011111 6
b11000011111 R
b10011111010 p
b101111011100 3
b101111011100 [
b110000111110 .
b110000111110 9
b110000111110 l
b10011111010 "
b10011111010 )
b10011111010 -
b10011111010 8
b10011111010 n
b1100100111111 T
b110000111110 7
b110000111110 S
b10011111010 5
b10011111010 Q
b11111111000011100 C
b101100011101 D
b101101101001 *
b101101101001 <
b101101101001 G
b101101101001 `
b10001 +
b10001 a
b1011110111000 ^
b101010110111 4
b101010110111 \
b11010011111 2
b11010011111 Z
b1101011100 o
b100010101011 ,
b100010101011 =
b100010101011 ]
b100010101011 q
b1101100111100001 F
b1 h
b1000001100 ;
b1000001100 B
b11100110111 u
b11001101011 t
b1101011100 s
b100010101011 r
b10101010011 ?
b10111101000 >
b100010011100 A
b100010011100 L
b100111000101 @
b1111100111101 O
b110000111110 N
b10011111010 P
b1110100010 :
b1110100010 K
b1110100010 M
b1011000111010000000000000000 E
b10111011100100011111 J
b1000 j
b1110110110110 X
b101010110111 W
b11010011111 Y
b1000001100 $
b1000001100 (
b1000001100 1
b1000001100 V
1#
#5250000
0#
#5255000
b101001110001 6
b101001110001 R
b101110101001 p
b10100101 3
b10100101 [
b11111100001 .
b11111100001 9
b11111100001 l
b101110101001 "
b101110101001 )
b101110101001 -
b101110101001 8
b101110101001 n
b1010011100010 T
b11111100001 7
b11111100001 S
b101110101001 5
b101110101001 Q
b111001001011 ^
b101001010 4
b101001010 \
b101000110001 2
b101000110001 Z
b1010000100010100 F
b11111101101000101 C
b100001000110 D
b10011111010 o
b110000111110 ,
b110000111110 =
b110000111110 ]
b110000111110 q
b1000001101 ;
b1000001101 B
b1001 j
b1000010001100000000000000000 E
b101110101101011101100 J
b101100011101 :
b101100011101 K
b101100011101 M
b10111101000 ?
b101111011100 >
b11111100001 O
b1010011100010 N
b1111010101000 P
b100111000101 A
b100111000101 L
b100010101011 @
b11001101011 u
b1101011100 t
b10011111010 s
b110000111110 r
b101001010 X
b111001001011 W
b101000110001 Y
b1000001101 $
b1000001101 (
b1000001101 1
b1000001101 V
1#
#5260000
0#
#5265000
b111111000 6
b111111000 R
b1100101 p
b101101111000 3
b101101111000 [
b1111110000 .
b1111110000 9
b1111110000 l
b1100101 "
b1100101 )
b1100101 -
b1100101 8
b1100101 n
b1000011110001 T
b1111110000 7
b1111110000 S
b1100101 5
b1100101 Q
b11111111100000010 C
b110000000011 D
b1011011110000 ^
b100111101111 4
b100111101111 \
b10111010011 2
b10111010011 Z
b101110101001 o
b11111100001 ,
b11111100001 =
b11111100001 ]
b11111100001 q
b1110101010101011 F
b1000001110 ;
b1000001110 B
b1101011100 u
b10011111010 t
b101110101001 s
b11111100001 r
b101111011100 ?
b10100101 >
b100010101011 A
b100010101011 L
b110000111110 @
b1111110000 O
b1000011110001 N
b1100101 P
b100001000110 :
b100001000110 K
b100001000110 M
b1100000000110000000000000000 E
b101110110011001010101 J
b1010 j
b1110011101110 X
b100111101111 W
b10111010011 Y
b1000001110 $
b1000001110 (
b1000001110 1
b1000001110 V
1#
#5270000
0#
#5275000
b10110100000 6
b10110100000 R
b111011 p
b100110000000 3
b100110000000 [
b101101000000 .
b101101000000 9
b101101000000 l
b111011 "
b111011 )
b111011 -
b111011 8
b111011 n
b11111010110111110 C
b1010111111 D
b1100001000001 T
b101101000000 7
b101101000000 S
b111011 5
b111011 Q
b1001100000000 ^
b10111111111 4
b10111111111 \
b111100001 2
b111100001 Z
b11010001000010 F
b1100101 o
b1111110000 ,
b1111110000 =
b1111110000 ]
b1111110000 q
b1000001111 ;
b1000001111 B
b1011 j
b10101111110000000000000000 E
b101110111000110111110 J
b110000000011 :
b110000000011 K
b110000000011 M
b10100101 ?
b101101111000 >
b101101000000 O
b1100001000001 N
b111011 P
b110000111110 A
b110000111110 L
b11111100001 @
b10011111010 u
b101110101001 t
b1100101 s
b1111110000 r
b1100011111110 X
b10111111111 W
b111100001 Y
b1000001111 $
b1000001111 (
b1000001111 1
b1000001111 V
1#
#5280000
0#
#5285000
b10101010000 6
b10101010000 R
b10100100010 p
b11010101000 3
b11010101000 [
b101010100000 .
b101010100000 9
b101010100000 l
b10100100010 "
b10100100010 )
b10100100010 -
b10100100010 8
b10100100010 n
b1011110100001 T
b101010100000 7
b101010100000 S
b10100100010 5
b10100100010 Q
b11111100101111011 C
b11001111100 D
b110101010000 ^
b1001111 4
b1001111 \
b100100110000 2
b100100110000 Z
b111011 o
b101101000000 ,
b101101000000 =
b101101000000 ]
b101101000000 q
b111110111011001 F
b1000010000 ;
b1000010000 B
b101110101001 u
b1100101 t
b111011 s
b101101000000 r
b101101111000 ?
b100110000000 >
b11111100001 A
b11111100001 L
b1111110000 @
b1110110011111 O
b101010100000 N
b10100100010 P
b1010111111 :
b1010111111 K
b1010111111 M
b110011111000000000000000000 E
b101110111110100100111 J
b1100 j
b1001111 X
b110101010000 W
b100100110000 Y
b1000010000 $
b1000010000 (
b1000010000 1
b1000010000 V
1#
#5290000
0#
#5295000
b10100110110 6
b10100110110 R
b101001110101 p
b110011011001 3
b110011011001 [
b101001101100 .
b101001101100 9
b101001101100 l
b101001110101 "
b101001110101 )
b101001110101 -
b101001110101 8
b101001110101 n
b11111110100111000 C
b101000111001 D
b1011101101101 T
b101001101100 7
b101001101100 S
b101001110101 5
b101001110101 Q
b1100110110010 ^
b110010110001 4
b110010110001 \
b100010001111 2
b100010001111 Z
b1100011101110000 F
b10100100010 o
b101010100000 ,
b101010100000 =
b101010100000 ]
b101010100000 q
b1000010001 ;
b1000010001 B
b1101 j
b1010001110010000000000000000 E
b101111000100010010000 J
b11001111100 :
b11001111100 K
b11001111100 M
b100110000000 ?
b11010101000 >
b1110101101011 O
b101001101100 N
b1110101110100 P
b1111110000 A
b1111110000 L
b101101000000 @
b1100101 u
b111011 t
b10100100010 s
b101010100000 r
b1111110110000 X
b110010110001 W
b100010001111 Y
b1000010001 $
b1000010001 (
b1000010001 1
b1000010001 V
1#
#5300000
0#
#5305000
b10000111100 6
b10000111100 R
b100000111 p
b11000111111 3
b11000111111 [
b100001111000 .
b100001111000 9
b100001111000 l
b100000111 "
b100000111 )
b100000111 -
b100000111 8
b100000111 n
b1010101111001 T
b100001111000 7
b100001111000 S
b100000111 5
b100000111 Q
b11111001111110100 C
b11110101 D
b1100101111111 ^
b110001111110 4
b110001111110 \
b100001011010 2
b100001011010 Z
b101001110101 o
b101001101100 ,
b101001101100 =
b101001101100 ]
b101001101100 q
b1000100000111 F
b1000010010 ;
b1000010010 B
b111011 u
b10100100010 t
b101001110101 s
b101001101100 r
b11010101000 ?
b110011011001 >
b101101000000 A
b101101000000 L
b101010100000 @
b100001111000 O
b1010101111001 N
b100000111 P
b101000111001 :
b101000111001 K
b101000111001 M
b111101010000000000000000 E
b101111001001111111001 J
b1110 j
b1111101111101 X
b110001111110 W
b100001011010 Y
b1000010010 $
b1000010010 (
b1000010010 1
b1000010010 V
1#
#5310000
0#
#5315000
b110001001011 6
b110001001011 R
b100110101011 p
b101111000110 3
b101111000110 [
b101110010101 .
b101110010101 9
b101110010101 l
b100110101011 "
b100110101011 )
b100110101011 -
b100110101011 8
b100110101011 n
b11111011110110001 C
b10010110010 D
b1100010010110 T
b101110010101 7
b101110010101 S
b100110101011 5
b100110101011 Q
b1011110001100 ^
b101010001011 4
b101010001011 \
b11001100101 2
b11001100101 Z
b101101010011110 F
b100000111 o
b100001111000 ,
b100001111000 =
b100001111000 ]
b100001111000 q
b1000010011 ;
b1000010011 B
b1111 j
b100101100100000000000000000 E
b101111001111101100010 J
b11110101 :
b11110101 K
b11110101 M
b110011011001 ?
b11000111111 >
b1111010010100 O
b101110010101 N
b100110101011 P
b101010100000 A
b101010100000 L
b101001101100 @
b10100100010 u
b101001110101 t
b100000111 s
b100001111000 r
b1110110001010 X
b101010001011 W
b11001100101 Y
b1000010011 $
b1000010011 (
b1000010011 1
b1000010011 V
1#
#5320000
0#
#5325000
b11110001111 6
b11110001111 R
b10110111010 p
b1010100 3
b1010100 [
b1000011101 .
b1000011101 9
b1000011101 l
b10110111010 "
b10110111010 )
b10110111010 -
b10110111010 8
b10110111010 n
b111100011110 T
b1000011101 7
b1000011101 S
b10110111010 5
b10110111010 Q
b11111101101101110 C
b100001101111 D
b101010001001 *
b101010001001 <
b101010001001 G
b101010001001 `
b10010 +
b10010 a
b110110101001 ^
b10101000 4
b10101000 \
b100110000001 2
b100110000001 Z
b100110101011 o
b101110010101 ,
b101110010101 =
b101110010101 ]
b101110010101 q
b1010010000110101 F
b10 h
b1000010100 ;
b1000010100 B
b101001110101 u
b100000111 t
b100110101011 s
b101110010101 r
b11000111111 ?
b101111000110 >
b101001101100 A
b101001101100 L
b100001111000 @
b1000011101 O
b111100011110 N
b10110111010 P
b10010110010 :
b10010110010 K
b10010110010 M
b1000011011110000000000000000 E
b101111010101011001011 J
b10000 j
b10101000 X
b110110101001 W
b100110000001 Y
b1000010100 $
b1000010100 (
b1000010100 1
b1000010100 V
1#
#5330000
0#
#5335000
b111110011 6
b111110011 R
b1001 p
b1000011001 3
b1000011001 [
b1111100110 .
b1111100110 9
b1111100110 l
b1001 "
b1001 )
b1001 -
b1001 8
b1001 n
b1000011100111 T
b1111100110 7
b1111100110 S
b1001 5
b1001 Q
b1000100110011 ^
b10000110010 4
b10000110010 \
b1000 2
b1000 Z
b11111101001100 F
b11111011001001100 C
b1101001101 D
b10110111010 o
b1000011101 ,
b1000011101 =
b1000011101 ]
b1000011101 q
b1000010101 ;
b1000010101 B
b10001 j
b11010011010000000000000000 E
b101011110010010110100 J
b100001101111 :
b100001101111 K
b100001101111 M
b101111000110 ?
b1010100 >
b1111100110 O
b1000011100111 N
b1001 P
b100001111000 A
b100001111000 L
b101110010101 @
b100000111 u
b100110101011 t
b10110111010 s
b1000011101 r
b1011100110001 X
b10000110010 W
b1000 Y
b1000010101 $
b1000010101 (
b1000010101 1
b1000010101 V
1#
#5340000
0#
#5345000
b11101110001 6
b11101110001 R
b100001001000 p
b1011111110 3
b1011111110 [
b111100001 .
b111100001 9
b111100001 l
b100001001000 "
b100001001000 )
b100001001000 -
b100001001000 8
b100001001000 n
b111011100010 T
b111100001 7
b111100001 S
b100001001000 5
b100001001000 Q
b11111010100110100 C
b1000110101 D
b1001011111101 ^
b10111111100 4
b10111111100 \
b111010000 2
b111010000 Z
b1001 o
b1111100110 ,
b1111100110 =
b1111100110 ]
b1111100110 q
b10100111000011 F
b1000010110 ;
b1000010110 B
b100110101011 u
b10110111010 t
b1001 s
b1111100110 r
b1010100 ?
b1000011001 >
b101110010101 A
b101110010101 L
b1000011101 @
b111100001 O
b111011100010 N
b100001001000 P
b1101001101 :
b1101001101 K
b1101001101 M
b10001101010000000000000000 E
b101011110111100111101 J
b10010 j
b1100011111011 X
b10111111100 W
b111010000 Y
b1000010110 $
b1000010110 (
b1000010110 1
b1000010110 V
1#
#5350000
0#
#5355000
b1000101001 6
b1000101001 R
b110011101001 p
b111111100 3
b111111100 [
b10001010010 .
b10001010010 9
b10001010010 l
b110011101001 "
b110011101001 )
b110011101001 -
b110011101001 8
b110011101001 n
b11111010000011100 C
b100011101 D
b1000101010011 T
b10001010010 7
b10001010010 S
b110011101001 5
b110011101001 Q
b1000011111001 ^
b1111111000 4
b1111111000 \
b110011001011 2
b110011001011 Z
b1010000111010 F
b100001001000 o
b111100001 ,
b111100001 =
b111100001 ]
b111100001 q
b1000010111 ;
b1000010111 B
b10011 j
b1000111010000000000000000 E
b101011111100111000110 J
b1000110101 :
b1000110101 K
b1000110101 M
b1000011001 ?
b1011111110 >
b1011101010001 O
b10001010010 N
b1111111101000 P
b1000011101 A
b1000011101 L
b1111100110 @
b10110111010 u
b1001 t
b100001001000 s
b111100001 r
b1011011110111 X
b1111111000 W
b1111111001010 Y
b1000010111 $
b1000010111 (
b1000010111 1
b1000010111 V
1#
#5360000
0#
#5365000
b100100000010 6
b100100000010 R
b1011001001 p
b1100110101 3
b1100110101 [
b10100000011 .
b10100000011 9
b10100000011 l
b1011001001 "
b1011001001 )
b1011001001 -
b1011001001 8
b1011001001 n
b1001000000100 T
b10100000011 7
b10100000011 S
b1011001001 5
b1011001001 Q
b101 C
b110100000110 D
b1001101101011 ^
b11001101010 4
b11001101010 \
b1000111010 2
b1000111010 Z
b110011101001 o
b10001010010 ,
b10001010010 =
b10001010010 ]
b10001010010 q
b1111111010110001 F
b1000011000 ;
b1000011000 B
b1001 u
b100001001000 t
b110011101001 s
b10001010010 r
b1011111110 ?
b111111100 >
b1111100110 A
b1111100110 L
b111100001 @
b1100000000010 O
b10100000011 N
b1011001001 P
b100011101 :
b100011101 K
b100011101 M
b1101000001100000000000000000 E
b101100000010001001111 J
b10100 j
b1100101101001 X
b11001101010 W
b1000111010 Y
b1000011000 $
b1000011000 (
b1000011000 1
b1000011000 V
1#
#5370000
0#
#5375000
b11110011 6
b11110011 R
b111011100 p
b1110001110 3
b1110001110 [
b111100110 .
b111100110 9
b111100110 l
b111011100 "
b111011100 )
b111011100 -
b111011100 8
b111011100 n
b11111111011101101 C
b101111101110 D
b111011100111 T
b111100110 7
b111100110 S
b111011100 5
b111011100 Q
b1010000011101 ^
b11100011100 4
b11100011100 \
b1011101010 2
b1011101010 Z
b1110100100101000 F
b1011001001 o
b10100000011 ,
b10100000011 =
b10100000011 ]
b10100000011 q
b1000011001 ;
b1000011001 B
b10101 j
b1011111011100000000000000000 E
b101100000111011011000 J
b101 :
b101 K
b101 M
b111111100 ?
b1100110101 >
b1010011100101 O
b111100110 N
b111011100 P
b111100001 A
b111100001 L
b10001010010 @
b100001001000 u
b110011101001 t
b1011001001 s
b10100000011 r
b1101000011011 X
b11100011100 W
b1011101010 Y
b1000011001 $
b1000011001 (
b1000011001 1
b1000011001 V
1#
#5380000
0#
#5385000
b100000100000 6
b100000100000 R
b10101100101 p
b1000000000 3
b1000000000 [
b1100111111 .
b1100111111 9
b1100111111 l
b10101100101 "
b10101100101 )
b10101100101 -
b10101100101 8
b10101100101 n
b1000001000000 T
b1100111111 7
b1100111111 S
b10101100101 5
b10101100101 Q
b11111110111010101 C
b101011010110 D
b1000100000001 ^
b10000000000 4
b10000000000 \
b110011001101 2
b110011001101 Z
b111011100 o
b111100110 ,
b111100110 =
b111100110 ]
b111100110 q
b1101001110011111 F
b1000011010 ;
b1000011010 B
b110011101001 u
b1011001001 t
b111011100 s
b111100110 r
b1100110101 ?
b1110001110 >
b10001010010 A
b10001010010 L
b10100000011 @
b1100111111 O
b1000001000000 N
b1100001100100 P
b101111101110 :
b101111101110 K
b101111101110 M
b1010110101100000000000000000 E
b101100001100101100001 J
b10110 j
b1011011111111 X
b10000000000 W
b1111111001100 Y
b1000011010 $
b1000011010 (
b1000011010 1
b1000011010 V
1#
#5390000
0#
#5395000
b101101100 6
b101101100 R
b11100101110 p
b1010101101 3
b1010101101 [
b1011011000 .
b1011011000 9
b1011011000 l
b11100101110 "
b11100101110 )
b11100101110 -
b11100101110 8
b11100101110 n
b11111110010111101 C
b100110111110 D
b111111011001 T
b1011011000 7
b1011011000 S
b11100101110 5
b11100101110 Q
b1001001011011 ^
b10101011010 4
b10101011010 \
b100100100 2
b100100100 Z
b1011111000010110 F
b10101100101 o
b1100111111 ,
b1100111111 =
b1100111111 ]
b1100111111 q
b1000011011 ;
b1000011011 B
b10111 j
b1001101111100000000000000000 E
b101100010001111101010 J
b101011010110 :
b101011010110 K
b101011010110 M
b1110001110 ?
b1000000000 >
b1011011000 O
b111111011001 N
b1101000101101 P
b10100000011 A
b10100000011 L
b111100110 @
b1011001001 u
b111011100 t
b10101100101 s
b1100111111 r
b1100001011001 X
b10101011010 W
b100100100 Y
b1000011011 $
b1000011011 (
b1000011011 1
b1000011011 V
1#
#5400000
0#
#5405000
b10111010010 6
b10111010010 R
b10100101001 p
b1001111010 3
b1001111010 [
b101110100100 .
b101110100100 9
b101110100100 l
b10100101001 "
b10100101001 )
b10100101001 -
b10100101001 8
b10100101001 n
b1100010100101 T
b101110100100 7
b101110100100 S
b10100101001 5
b10100101001 Q
b11111101110100101 C
b100010100110 D
b1100011001 *
b1100011001 <
b1100011001 G
b1100011001 `
b10011 +
b10011 a
b1000111110101 ^
b10011110100 4
b10011110100 \
b10111100 2
b10111100 Z
b11100101110 o
b1011011000 ,
b1011011000 =
b1011011000 ]
b1011011000 q
b1010100010001101 F
b11 h
b1000011100 ;
b1000011100 B
b111011100 u
b10101100101 t
b11100101110 s
b1011011000 r
b1000000000 ?
b1010101101 >
b111100110 A
b111100110 L
b1100111111 @
b1111010100011 O
b101110100100 N
b1100000101000 P
b100110111110 :
b100110111110 K
b100110111110 M
b1000101001100000000000000000 E
b101100010111001110011 J
b11000 j
b1011111110011 X
b10011110100 W
b10111100 Y
b1000011100 $
b1000011100 (
b1000011100 1
b1000011100 V
1#
#5410000
0#
#5415000
b110001110011 6
b110001110011 R
b11110011010 p
b1100000 3
b1100000 [
b101111100101 .
b101111100101 9
b101111100101 l
b11110011010 "
b11110011010 )
b11110011010 -
b11110011010 8
b11110011010 n
b1100011100110 T
b101111100101 7
b101111100101 S
b11110011010 5
b11110011010 Q
b110111000001 ^
b11000000 4
b11000000 \
b100110000111 2
b100110000111 Z
b1101000100 F
b11111001100110000 C
b110001 D
b10100101001 o
b101110100100 ,
b101110100100 =
b101110100100 ]
b101110100100 q
b1000011101 ;
b1000011101 B
b11001 j
b1100010000000000000000 E
b1101000100010111100 J
b100010100110 :
b100010100110 K
b100010100110 M
b1010101101 ?
b1001111010 >
b1111011100100 O
b101111100101 N
b1101010011001 P
b1100111111 A
b1100111111 L
b1011011000 @
b10101100101 u
b11100101110 t
b10100101001 s
b101110100100 r
b11000000 X
b110111000001 W
b100110000111 Y
b1000011101 $
b1000011101 (
b1000011101 1
b1000011101 V
1#
#5420000
0#
#5425000
b100000000101 6
b100000000101 R
b1010100111 p
b10000001 3
b10000001 [
b1100001001 .
b1100001001 9
b1100001001 l
b1010100111 "
b1010100111 )
b1010100111 -
b1010100111 8
b1010100111 n
b1000000001010 T
b1100001001 7
b1100001001 S
b1010100111 5
b1010100111 Q
b11111011010001001 C
b1110001010 D
b111000000011 ^
b100000010 4
b100000010 \
b100111000111 2
b100111000111 Z
b11110011010 o
b101111100101 ,
b101111100101 =
b101111100101 ]
b101111100101 q
b100010100101011 F
b1000011110 ;
b1000011110 B
b11100101110 u
b10100101001 t
b11110011010 s
b101111100101 r
b1001111010 ?
b1100000 >
b1011011000 A
b1011011000 L
b101110100100 @
b1011000001000 O
b1100001001 N
b1010100111 P
b110001 :
b110001 K
b110001 M
b11100010100000000000000000 E
b1101000101111010101 J
b11010 j
b100000010 X
b111000000011 W
b100111000111 Y
b1000011110 $
b1000011110 (
b1000011110 1
b1000011110 V
1#
#5430000
0#
#5435000
b11110010111 6
b11110010111 R
b100000011010 p
b1010010100 3
b1010010100 [
b1000101101 .
b1000101101 9
b1000101101 l
b100000011010 "
b100000011010 )
b100000011010 -
b100000011010 8
b100000011010 n
b11111100111100010 C
b11011100011 D
b111100101110 T
b1000101101 7
b1000101101 S
b100000011010 5
b100000011010 Q
b1001000101001 ^
b10100101000 4
b10100101000 \
b11101010 2
b11101010 Z
b1000011100010010 F
b1010100111 o
b1100001001 ,
b1100001001 =
b1100001001 ]
b1100001001 q
b1000011111 ;
b1000011111 B
b11011 j
b110111000110000000000000000 E
b1101000111011101110 J
b1110001010 :
b1110001010 K
b1110001010 M
b1100000 ?
b10000001 >
b1000101101 O
b111100101110 N
b100000011010 P
b101110100100 A
b101110100100 L
b101111100101 @
b10100101001 u
b11110011010 t
b1010100111 s
b1100001001 r
b1100000100111 X
b10100101000 W
b11101010 Y
b1000011111 $
b1000011111 (
b1000011111 1
b1000011111 V
1#
#5440000
0#
#5445000
b100101100100 6
b100101100100 R
b10100000010 p
b100010100111 3
b100010100111 [
b10111000111 .
b10111000111 9
b10111000111 l
b10100000010 "
b10100000010 )
b10100000010 -
b10100000010 8
b10100000010 n
b1001011001000 T
b10111000111 7
b10111000111 S
b10100000010 5
b10100000010 Q
b11111110100111011 C
b101000111100 D
b1000101001110 ^
b10001001101 4
b10001001101 \
b1101 2
b1101 Z
b100000011010 o
b1000101101 ,
b1000101101 =
b1000101101 ]
b1000101101 q
b1100100011111001 F
b1000100000 ;
b1000100000 B
b11110011010 u
b1010100111 t
b100000011010 s
b1000101101 r
b10000001 ?
b1010010100 >
b101111100101 A
b101111100101 L
b1100001001 @
b10111000111 O
b1001011001000 N
b10100000010 P
b11011100011 :
b11011100011 K
b11011100011 M
b1010001111000000000000000000 E
b1101001001000000111 J
b11100 j
b1011101001100 X
b10001001101 W
b1101 Y
b1000100000 $
b1000100000 (
b1000100000 1
b1000100000 V
1#
#5450000
0#
#5455000
b100010 6
b100010 R
b10111001110 p
b1111110100 3
b1111110100 [
b1000100 .
b1000100 9
b1000100 l
b10111001110 "
b10111001110 )
b10111001110 -
b10111001110 8
b10111001110 n
b11111001110010011 C
b10010100 D
b110101000101 T
b1000100 7
b1000100 S
b10111001110 5
b10111001110 Q
b1010011101001 ^
b11111101000 4
b11111101000 \
b1110100110 2
b1110100110 Z
b101011100000 F
b10100000010 o
b10111000111 ,
b10111000111 =
b10111000111 ]
b10111000111 q
b1000100001 ;
b1000100001 B
b11101 j
b100101000000000000000000 E
b1101001010100100000 J
b101000111100 :
b101000111100 K
b101000111100 M
b1010010100 ?
b100010100111 >
b1000100 O
b110101000101 N
b1100011001101 P
b1100001001 A
b1100001001 L
b1000101101 @
b1010100111 u
b100000011010 t
b10100000010 s
b10111000111 r
b1101011100111 X
b11111101000 W
b1110100110 Y
b1000100001 $
b1000100001 (
b1000100001 1
b1000100001 V
1#
#5460000
0#
#5465000
b11111100001 6
b11111100001 R
b110011001 p
b100110011 3
b100110011 [
b1011000001 .
b1011000001 9
b1011000001 l
b110011001 "
b110011001 )
b110011001 -
b110011001 8
b110011001 n
b111111000010 T
b1011000001 7
b1011000001 S
b110011001 5
b110011001 Q
b11111011011101100 C
b1111101101 D
b111101100111 ^
b1001100110 4
b1001100110 \
b101100100011 2
b101100100011 Z
b10111001110 o
b1000100 ,
b1000100 =
b1000100 ]
b1000100 q
b100110011000111 F
b1000100010 ;
b1000100010 B
b100000011010 u
b10100000010 t
b10111001110 s
b1000100 r
b100010100111 ?
b1111110100 >
b1000101101 A
b1000101101 L
b10111000111 @
b1010111000000 O
b1011000001 N
b110011001 P
b10010100 :
b10010100 K
b10010100 M
b11111011010000000000000000 E
b1101001100000111001 J
b11110 j
b1010101100101 X
b1001100110 W
b1111000100010 Y
b1000100010 $
b1000100010 (
b1000100010 1
b1000100010 V
1#
#5470000
0#
#5475000
b10011011010 6
b10011011010 R
b111011010 p
b1001110010 3
b1001110010 [
b100110110100 .
b100110110100 9
b100110110100 l
b111011010 "
b111011010 )
b111011010 -
b111011010 8
b111011010 n
b11111101001000101 C
b11101000110 D
b1011010110101 T
b100110110100 7
b100110110100 S
b111011010 5
b111011010 Q
b1000111100101 ^
b10011100100 4
b10011100100 \
b10011110 2
b10011110 Z
b1000111010101110 F
b110011001 o
b1011000001 ,
b1011000001 =
b1011000001 ]
b1011000001 q
b1000100011 ;
b1000100011 B
b11111 j
b111010001100000000000000000 E
b1101001101101010010 J
b1111101101 :
b1111101101 K
b1111101101 M
b1111110100 ?
b100110011 >
b1110010110011 O
b100110110100 N
b111011010 P
b10111000111 A
b10111000111 L
b1000100 @
b10100000010 u
b10111001110 t
b110011001 s
b1011000001 r
b1011111100011 X
b10011100100 W
b10011110 Y
b1000100011 $
b1000100011 (
b1000100011 1
b1000100011 V
1#
#5480000
0#
#5485000
b1111000101 6
b1111000101 R
b10111111111 p
b10111101100 3
b10111101100 [
b11110001010 .
b11110001010 9
b11110001010 l
b10111111111 "
b10111111111 )
b10111111111 -
b10111111111 8
b10111111111 n
b1010010001011 T
b11110001010 7
b11110001010 S
b10111111111 5
b10111111111 Q
b11111110110011110 C
b101010011111 D
b100100011011 *
b100100011011 <
b100100011011 G
b100100011011 `
b10100 +
b10100 a
b1100011011001 ^
b101111011000 4
b101111011000 \
b11110010000 2
b11110010000 Z
b111011010 o
b100110110100 ,
b100110110100 =
b100110110100 ]
b100110110100 q
b1101000010010101 F
b100 h
b1000100100 ;
b1000100100 B
b10111001110 u
b110011001 t
b111011010 s
b100110110100 r
b100110011 ?
b1001110010 >
b1000100 A
b1000100 L
b1011000001 @
b1101010001001 O
b11110001010 N
b1100011111110 P
b11101000110 :
b11101000110 K
b11101000110 M
b1010100111110000000000000000 E
b1101001111001101011 J
b100000 j
b1111011010111 X
b101111011000 W
b11110010000 Y
b1000100100 $
b1000100100 (
b1000100100 1
b1000100100 V
1#
#5490000
0#
#5495000
b11010110000 6
b11010110000 R
b10100100011 p
b101101011000 3
b101101011000 [
b1011111 .
b1011111 9
b1011111 l
b10100100011 "
b10100100011 )
b10100100011 -
b10100100011 8
b10100100011 n
b110101100000 T
b1011111 7
b1011111 S
b10100100011 5
b10100100011 Q
b1011010110000 ^
b100110101111 4
b100110101111 \
b10101100101 2
b10101100101 Z
b1101111000110100 F
b11111111001011100 C
b101101011101 D
b10111111111 o
b11110001010 ,
b11110001010 =
b11110001010 ]
b11110001010 q
b1000100101 ;
b1000100101 B
b100001 j
b1011010111010000000000000000 E
b100110111110111001100 J
b101010011111 :
b101010011111 K
b101010011111 M
b1001110010 ?
b10111101100 >
b1011111 O
b110101100000 N
b1100000100010 P
b1011000001 A
b1011000001 L
b100110110100 @
b110011001 u
b111011010 t
b10111111111 s
b11110001010 r
b1110010101110 X
b100110101111 W
b10101100101 Y
b1000100101 $
b1000100101 (
b1000100101 1
b1000100101 V
1#
#5500000
0#
#5505000
b10000001000 6
b10000001000 R
b101101011000 p
b11111000011 3
b11111000011 [
b100000010000 .
b100000010000 9
b100000010000 l
b101101011000 "
b101101011000 )
b101101011000 -
b101101011000 8
b101101011000 n
b1010100010001 T
b100000010000 7
b100000010000 S
b101101011000 5
b101101011000 Q
b11111010110111000 C
b1010111001 D
b111110000110 ^
b1010000101 4
b1010000101 \
b101100111010 2
b101100111010 Z
b10100100011 o
b1011111 ,
b1011111 =
b1011111 ]
b1011111 q
b11010000011001 F
b1000100110 ;
b1000100110 B
b111011010 u
b10111111111 t
b10100100011 s
b1011111 r
b10111101100 ?
b101101011000 >
b100110110100 A
b100110110100 L
b11110001010 @
b100000010000 O
b1010100010001 N
b1111001010111 P
b101101011101 :
b101101011101 K
b101101011101 M
b10101110010000000000000000 E
b100111000011011100111 J
b100010 j
b1010110000100 X
b1010000101 W
b1111000111001 Y
b1000100110 $
b1000100110 (
b1000100110 1
b1000100110 V
1#
#5510000
0#
#5515000
b101110100010 6
b101110100010 R
b10011010001 p
b101110011100 3
b101110011100 [
b101001000011 .
b101001000011 9
b101001000011 l
b10011010001 "
b10011010001 )
b10011010001 -
b10011010001 8
b10011010001 n
b11111101000010101 C
b11100010110 D
b1011101000100 T
b101001000011 7
b101001000011 S
b10011010001 5
b10011010001 Q
b1011100111000 ^
b101000110111 4
b101000110111 \
b10111101001 2
b10111101001 Z
b1000100111111110 F
b101101011000 o
b100000010000 ,
b100000010000 =
b100000010000 ]
b100000010000 q
b1000100111 ;
b1000100111 B
b100011 j
b111000101100000000000000000 E
b100111001000000000010 J
b1010111001 :
b1010111001 K
b1010111001 M
b101101011000 ?
b11111000011 >
b1110101000010 O
b101001000011 N
b10011010001 P
b11110001010 A
b11110001010 L
b1011111 @
b10111111111 u
b10100100011 t
b101101011000 s
b100000010000 r
b1110100110110 X
b101000110111 W
b10111101001 Y
b1000100111 $
b1000100111 (
b1000100111 1
b1000100111 V
1#
#5520000
0#
#5525000
b101000111011 6
b101000111011 R
b11001001010 p
b110010110110 3
b110010110110 [
b11101110101 .
b11101110101 9
b11101110101 l
b11001001010 "
b11001001010 )
b11001001010 -
b11001001010 8
b11001001010 n
b1010001110110 T
b11101110101 7
b11101110101 S
b11001001010 5
b11001001010 Q
b11111111001110010 C
b101101110011 D
b1100101101100 ^
b110001101011 4
b110001101011 \
b100000011011 2
b100000011011 Z
b10011010001 o
b101001000011 ,
b101001000011 =
b101001000011 ]
b101001000011 q
b1101111111100011 F
b1000101000 ;
b1000101000 B
b10100100011 u
b101101011000 t
b10011010001 s
b101001000011 r
b11111000011 ?
b101110011100 >
b1011111 A
b1011111 L
b100000010000 @
b1101001110100 O
b11101110101 N
b1100101001001 P
b11100010110 :
b11100010110 K
b11100010110 M
b1011011100110000000000000000 E
b100111001100100011101 J
b100100 j
b1111101101010 X
b110001101011 W
b100000011011 Y
b1000101000 $
b1000101000 (
b1000101000 1
b1000101000 V
1#
#5530000
0#
#5535000
b1101000001 6
b1101000001 R
b100110011110 p
b10011001111 3
b10011001111 [
b11010000010 .
b11010000010 9
b11010000010 l
b100110011110 "
b100110011110 )
b100110011110 -
b100110011110 8
b100110011110 n
b11111010111001110 C
b1011001111 D
b1001110000011 T
b11010000010 7
b11010000010 S
b100110011110 5
b100110011110 Q
b1011010011111 ^
b100110011110 4
b100110011110 \
b10101001100 2
b10101001100 Z
b11010111001000 F
b11001001010 o
b11101110101 ,
b11101110101 =
b11101110101 ]
b11101110101 q
b1000101001 ;
b1000101001 B
b100101 j
b10110011110000000000000000 E
b100111010001000111000 J
b101101110011 :
b101101110011 K
b101101110011 M
b101110011100 ?
b110010110110 >
b11010000010 O
b1001110000011 N
b1110010011101 P
b100000010000 A
b100000010000 L
b101001000011 @
b101101011000 u
b10011010001 t
b11001001010 s
b11101110101 r
b1110010011101 X
b100110011110 W
b10101001100 Y
b1000101001 $
b1000101001 (
b1000101001 1
b1000101001 V
1#
#5540000
0#
#5545000
b11010001001 6
b11010001001 R
b11101110100 p
b10001010110 3
b10001010110 [
b10001 .
b10001 9
b10001 l
b11101110100 "
b11101110100 )
b11101110100 -
b11101110100 8
b11101110100 n
b110100010010 T
b10001 7
b10001 S
b11101110100 5
b11101110100 Q
b11111101000101011 C
b11100101100 D
b1010110101101 ^
b100010101100 4
b100010101100 \
b10001011000 2
b10001011000 Z
b100110011110 o
b11010000010 ,
b11010000010 =
b11010000010 ]
b11010000010 q
b1000101110101101 F
b1000101010 ;
b1000101010 B
b10011010001 u
b11001001010 t
b100110011110 s
b11010000010 r
b110010110110 ?
b10011001111 >
b101001000011 A
b101001000011 L
b11101110101 @
b10001 O
b110100010010 N
b11101110100 P
b1011001111 :
b1011001111 K
b1011001111 M
b111001011000000000000000000 E
b100111010101101010011 J
b100110 j
b1101110101011 X
b100010101100 W
b10001011000 Y
b1000101010 $
b1000101010 (
b1000101010 1
b1000101010 V
1#
#5550000
0#
#5555000
b11010000 6
b11010000 R
b1001001 p
b100011110 3
b100011110 [
b110100000 .
b110100000 9
b110100000 l
b1001001 "
b1001001 )
b1001001 -
b1001001 8
b1001001 n
b11111111010001000 C
b101110001001 D
b111010100001 T
b110100000 7
b110100000 S
b1001001 5
b1001001 Q
b111100111101 ^
b1000111100 4
b1000111100 \
b101011100111 2
b101011100111 Z
b1110000110010010 F
b11101110100 o
b10001 ,
b10001 =
b10001 ]
b10001 q
b1000101011 ;
b1000101011 B
b100111 j
b1011100010010000000000000000 E
b100111011010001101110 J
b11100101100 :
b11100101100 K
b11100101100 M
b10011001111 ?
b10001010110 >
b110100000 O
b111010100001 N
b1001001 P
b11101110101 A
b11101110101 L
b11010000010 @
b11001001010 u
b100110011110 t
b11101110100 s
b10001 r
b1010100111011 X
b1000111100 W
b1110111100110 Y
b1000101011 $
b1000101011 (
b1000101011 1
b1000101011 V
1#
#5560000
0#
#5565000
b1010000101 6
b1010000101 R
b11111111010 p
b111100110 3
b111100110 [
b10100001010 .
b10100001010 9
b10100001010 l
b11111111010 "
b11111111010 )
b11111111010 -
b11111111010 8
b11111111010 n
b1001000001011 T
b10100001010 7
b10100001010 S
b11111111010 5
b11111111010 Q
b11111010111100100 C
b1011100101 D
b1011110011 *
b1011110011 <
b1011110011 G
b1011110011 `
b10101 +
b10101 a
b1000011001101 ^
b1111001100 4
b1111001100 \
b110001110101 2
b110001110101 Z
b1001001 o
b110100000 ,
b110100000 =
b110100000 ]
b110100000 q
b11011101110111 F
b101 h
b1000101100 ;
b1000101100 B
b100110011110 u
b11101110100 t
b1001001 s
b110100000 r
b10001010110 ?
b100011110 >
b11010000010 A
b11010000010 L
b10001 @
b10100001010 O
b1001000001011 N
b1101011111001 P
b101110001001 :
b101110001001 K
b101110001001 M
b10111001010000000000000000 E
b100111011110110001001 J
b101000 j
b1011011001011 X
b1111001100 W
b1111101110100 Y
b1000101100 $
b1000101100 (
b1000101100 1
b1000101100 V
1#
#5570000
0#
#5575000
b101111011 6
b101111011 R
b101000101101 p
b101000011100 3
b101000011100 [
b1011110110 .
b1011110110 9
b1011110110 l
b101000101101 "
b101000101101 )
b101000101101 -
b101000101101 8
b101000101101 n
b111111110111 T
b1011110110 7
b1011110110 S
b101000101101 5
b101000101101 Q
b1010000111000 ^
b11100110111 4
b11100110111 \
b1011011101 2
b1011011101 Z
b1000110000111100 F
b11111101000100101 C
b11100100110 D
b11111111010 o
b10100001010 ,
b10100001010 =
b10100001010 ]
b10100001010 q
b1000101101 ;
b1000101101 B
b101001 j
b111001001100000000000000000 E
b1100110011111000100 J
b1011100101 :
b1011100101 K
b1011100101 M
b100011110 ?
b111100110 >
b1010111110101 O
b1011110110 N
b1110100101100 P
b10001 A
b10001 L
b110100000 @
b11101110100 u
b1001001 t
b11111111010 s
b10100001010 r
b1101000110110 X
b11100110111 W
b1011011101 Y
b1000101101 $
b1000101101 (
b1000101101 1
b1000101101 V
1#
#5580000
0#
#5585000
b10001100011 6
b10001100011 R
b11101111011 p
b1010010010 3
b1010010010 [
b100011000110 .
b100011000110 9
b100011000110 l
b11101111011 "
b11101111011 )
b11101111011 -
b11101111011 8
b11101111011 n
b1010111000111 T
b100011000110 7
b100011000110 S
b11101111011 5
b11101111011 Q
b11111111001101010 C
b101101101011 D
b1001000100101 ^
b10100100100 4
b10100100100 \
b11001000 2
b11001000 Z
b101000101101 o
b1011110110 ,
b1011110110 =
b1011110110 ]
b1011110110 q
b1110000001001001 F
b1000101110 ;
b1000101110 B
b1001001 u
b11111111010 t
b101000101101 s
b1011110110 r
b111100110 ?
b101000011100 >
b110100000 A
b110100000 L
b10100001010 @
b1101111000101 O
b100011000110 N
b1101001111010 P
b11100100110 :
b11100100110 K
b11100100110 M
b1011011010110000000000000000 E
b1100110101010110111 J
b101010 j
b1100000100011 X
b10100100100 W
b11001000 Y
b1000101110 $
b1000101110 (
b1000101110 1
b1000101110 V
1#
#5590000
0#
#5595000
b110111010 6
b110111010 R
b11010100000 p
b101111111011 3
b101111111011 [
b1101110100 .
b1101110100 9
b1101110100 l
b11010100000 "
b11010100000 )
b11010100000 -
b11010100000 8
b11010100000 n
b11111010110101110 C
b1010101111 D
b1000001110101 T
b1101110100 7
b1101110100 S
b11010100000 5
b11010100000 Q
b1011111110110 ^
b101011110101 4
b101011110101 \
b11010010111 2
b11010010111 Z
b11010001010110 F
b11101111011 o
b100011000110 ,
b100011000110 =
b100011000110 ]
b100011000110 q
b1000101111 ;
b1000101111 B
b101011 j
b10101011110000000000000000 E
b1100110110110101010 J
b101101101011 :
b101101101011 K
b101101101011 M
b101000011100 ?
b1010010010 >
b1101110100 O
b1000001110101 N
b1100110011111 P
b10100001010 A
b10100001010 L
b1011110110 @
b11111111010 u
b101000101101 t
b11101111011 s
b100011000110 r
b1110111110100 X
b101011110101 W
b11010010111 Y
b1000101111 $
b1000101111 (
b1000101111 1
b1000101111 V
1#
#5600000
0#
#5605000
b100101010011 6
b100101010011 R
b1000111 p
b1011010010 3
b1011010010 [
b10110100101 .
b10110100101 9
b10110100101 l
b1000111 "
b1000111 )
b1000111 -
b1000111 8
b1000111 n
b1001010100110 T
b10110100101 7
b10110100101 S
b1000111 5
b1000111 Q
b11111100111110011 C
b11011110100 D
b1001010100101 ^
b10110100100 4
b10110100100 \
b101000100 2
b101000100 Z
b11010100000 o
b1101110100 ,
b1101110100 =
b1101110100 ]
b1101110100 q
b1000100001100011 F
b1000110000 ;
b1000110000 B
b101000101101 u
b11101111011 t
b11010100000 s
b1101110100 r
b1010010010 ?
b101111111011 >
b1011110110 A
b1011110110 L
b100011000110 @
b1100010100100 O
b10110100101 N
b1000111 P
b1010101111 :
b1010101111 K
b1010101111 M
b110111101000000000000000000 E
b1100111000010011101 J
b101100 j
b1100010100011 X
b10110100100 W
b101000100 Y
b1000110000 $
b1000110000 (
b1000110000 1
b1000110000 V
1#
#5610000
0#
#5615000
b11111011101 6
b11111011101 R
b111010010 p
b1111101011 3
b1111101011 [
b1010111001 .
b1010111001 9
b1010111001 l
b111010010 "
b111010010 )
b111010010 -
b111010010 8
b111010010 n
b11111111000111000 C
b101100111001 D
b111110111010 T
b1010111001 7
b1010111001 S
b111010010 5
b111010010 Q
b1010011010111 ^
b11111010110 4
b11111010110 \
b1101110100 2
b1101110100 Z
b1101110001110000 F
b1000111 o
b10110100101 ,
b10110100101 =
b10110100101 ]
b10110100101 q
b1000110001 ;
b1000110001 B
b101101 j
b1011001110010000000000000000 E
b1100111001110010000 J
b11011110100 :
b11011110100 K
b11011110100 M
b101111111011 ?
b1011010010 >
b1010111001 O
b111110111010 N
b111010010 P
b100011000110 A
b100011000110 L
b1101110100 @
b11101111011 u
b11010100000 t
b1000111 s
b10110100101 r
b1101011010101 X
b11111010110 W
b1101110100 Y
b1000110001 $
b1000110001 (
b1000110001 1
b1000110001 V
1#
#5620000
0#
#5625000
b11010110 6
b11010110 R
b10100111100 p
b100011110110 3
b100011110110 [
b110101100 .
b110101100 9
b110101100 l
b10100111100 "
b10100111100 )
b10100111100 -
b10100111100 8
b10100111100 n
b111010101101 T
b110101100 7
b110101100 S
b10100111100 5
b10100111100 Q
b11111010101111100 C
b1001111101 D
b1000111101100 ^
b10011101011 4
b10011101011 \
b10000111 2
b10000111 Z
b111010010 o
b1010111001 ,
b1010111001 =
b1010111001 ]
b1010111001 q
b11000001111101 F
b1000110010 ;
b1000110010 B
b11010100000 u
b1000111 t
b111010010 s
b1010111001 r
b1011010010 ?
b1111101011 >
b1101110100 A
b1101110100 L
b10110100101 @
b110101100 O
b111010101101 N
b1100000111011 P
b101100111001 :
b101100111001 K
b101100111001 M
b10011111010000000000000000 E
b1100111011010000011 J
b101110 j
b1011111101010 X
b10011101011 W
b10000111 Y
b1000110010 $
b1000110010 (
b1000110010 1
b1000110010 V
1#
#5630000
0#
#5635000
b10000010001 6
b10000010001 R
b1100101000 p
b100001110000 3
b100001110000 [
b100000100010 .
b100000100010 9
b100000100010 l
b1100101000 "
b1100101000 )
b1100101000 -
b1100101000 8
b1100101000 n
b11111100111000001 C
b11011000010 D
b1010100100011 T
b100000100010 7
b100000100010 S
b1100101000 5
b1100101000 Q
b1000011100000 ^
b1111011111 4
b1111011111 \
b110001111010 2
b110001111010 Z
b1000010010001010 F
b10100111100 o
b110101100 ,
b110101100 =
b110101100 ]
b110101100 q
b1000110011 ;
b1000110011 B
b101111 j
b110110000100000000000000000 E
b1100111100101110110 J
b1001111101 :
b1001111101 K
b1001111101 M
b1111101011 ?
b100011110110 >
b1101100100001 O
b100000100010 N
b1100101000 P
b10110100101 A
b10110100101 L
b1010111001 @
b1000111 u
b111010010 t
b10100111100 s
b110101100 r
b1011011011110 X
b1111011111 W
b1111101111001 Y
b1000110011 $
b1000110011 (
b1000110011 1
b1000110011 V
1#
#5640000
0#
#5645000
b101100111110 6
b101100111110 R
b100011111000 p
b10100101011 3
b10100101011 [
b100101111011 .
b100101111011 9
b100101111011 l
b100011111000 "
b100011111000 )
b100011111000 -
b100011111000 8
b100011111000 n
b1011001111100 T
b100101111011 7
b100101111011 S
b100011111000 5
b100011111000 Q
b11111111000000110 C
b101100000111 D
b11011101100 *
b11011101100 <
b11011101100 G
b11011101100 `
b10110 +
b10110 a
b1011101010111 ^
b101001010110 4
b101001010110 \
b10111101110 2
b10111101110 Z
b1100101000 o
b100000100010 ,
b100000100010 =
b100000100010 ]
b100000100010 q
b1101100010010111 F
b110 h
b1000110100 ;
b1000110100 B
b111010010 u
b10100111100 t
b1100101000 s
b100000100010 r
b100011110110 ?
b100001110000 >
b1010111001 A
b1010111001 L
b110101100 @
b1110001111010 O
b100101111011 N
b1101111110111 P
b11011000010 :
b11011000010 K
b11011000010 M
b1011000001110000000000000000 E
b1100111110001101001 J
b110000 j
b1110101010101 X
b101001010110 W
b10111101110 Y
b1000110100 $
b1000110100 (
b1000110100 1
b1000110100 V
1#
#5650000
0#
#5655000
b110011011010 6
b110011011010 R
b1110100110 p
b10111011000 3
b10111011000 [
b110010110011 .
b110010110011 9
b110010110011 l
b1110100110 "
b1110100110 )
b1110100110 -
b1110100110 8
b1110100110 n
b1100110110100 T
b110010110011 7
b110010110011 S
b1110100110 5
b1110100110 Q
b1100010110001 ^
b101110110000 4
b101110110000 \
b11101000110 2
b11101000110 Z
b1111000000010000 F
b11111111101000000 C
b110001000001 D
b100011111000 o
b100101111011 ,
b100101111011 =
b100101111011 ]
b100101111011 q
b1000110101 ;
b1000110101 B
b110001 j
b1100010000010000000000000000 E
b11110011111111110000 J
b101100000111 :
b101100000111 K
b101100000111 M
b100001110000 ?
b10100101011 >
b1111110110010 O
b110010110011 N
b1011010100101 P
b110101100 A
b110101100 L
b100000100010 @
b10100111100 u
b1100101000 t
b100011111000 s
b100101111011 r
b1111010101111 X
b101110110000 W
b11101000110 Y
b1000110101 $
b1000110101 (
b1000110101 1
b1000110101 V
1#
#5660000
0#
#5665000
b1110110001 6
b1110110001 R
b100011100010 p
b11110100 3
b11110100 [
b11101100010 .
b11101100010 9
b11101100010 l
b100011100010 "
b100011100010 )
b100011100010 -
b100011100010 8
b100011100010 n
b1010001100011 T
b11101100010 7
b11101100010 S
b100011100010 5
b100011100010 Q
b11111111010110010 C
b101110110011 D
b111011101001 ^
b111101000 4
b111101000 \
b101001111101 2
b101001111101 Z
b1110100110 o
b110010110011 ,
b110010110011 =
b110010110011 ]
b110010110011 q
b1110010100100100 F
b1000110110 ;
b1000110110 B
b1100101000 u
b100011111000 t
b1110100110 s
b110010110011 r
b10100101011 ?
b10111011000 >
b100000100010 A
b100000100010 L
b100101111011 @
b11101100010 O
b1010001100011 N
b1101111100001 P
b110001000001 :
b110001000001 K
b110001000001 M
b1011101100110000000000000000 E
b11110100011011011100 J
b110010 j
b111101000 X
b111011101001 W
b101001111101 Y
b1000110110 $
b1000110110 (
b1000110110 1
b1000110110 V
1#
#5670000
0#
#5675000
b101010010111 6
b101010010111 R
b101011001001 p
b101101001101 3
b101101001101 [
b100000101101 .
b100000101101 9
b100000101101 l
b101011001001 "
b101011001001 )
b101011001001 -
b101011001001 8
b101011001001 n
b11111111000100100 C
b101100100101 D
b1010100101110 T
b100000101101 7
b100000101101 S
b101011001001 5
b101011001001 Q
b1011010011010 ^
b100110011001 4
b100110011001 \
b10100101011 2
b10100101011 Z
b1101101000111000 F
b100011100010 o
b11101100010 ,
b11101100010 =
b11101100010 ]
b11101100010 q
b1000110111 ;
b1000110111 B
b110011 j
b1011001001010000000000000000 E
b11110100110111001000 J
b101110110011 :
b101110110011 K
b101110110011 M
b10111011000 ?
b11110100 >
b100000101101 O
b1010100101110 N
b1110111001000 P
b100101111011 A
b100101111011 L
b110010110011 @
b100011111000 u
b1110100110 t
b100011100010 s
b11101100010 r
b1110010011000 X
b100110011001 W
b10100101011 Y
b1000110111 $
b1000110111 (
b1000110111 1
b1000110111 V
1#
#5680000
0#
#5685000
b101111101100 6
b101111101100 R
b110001110 p
b101110110011 3
b101110110011 [
b101011010111 .
b101011010111 9
b101011010111 l
b110001110 "
b110001110 )
b110001110 -
b110001110 8
b110001110 n
b1011111011000 T
b101011010111 7
b101011010111 S
b110001110 5
b110001110 Q
b11111110110010110 C
b101010010111 D
b1011101100110 ^
b101001100101 4
b101001100101 \
b10111110101 2
b10111110101 Z
b101011001001 o
b100000101101 ,
b100000101101 =
b100000101101 ]
b100000101101 q
b1100111101001100 F
b1000111000 ;
b1000111000 B
b1110100110 u
b100011100010 t
b101011001001 s
b100000101101 r
b11110100 ?
b101101001101 >
b110010110011 A
b110010110011 L
b11101100010 @
b101011010111 O
b1011111011000 N
b110001110 P
b101100100101 :
b101100100101 K
b101100100101 M
b1010100101110000000000000000 E
b11110101010010110100 J
b110100 j
b1110101100100 X
b101001100101 W
b10111110101 Y
b1000111000 $
b1000111000 (
b1000111000 1
b1000111000 V
1#
#5690000
0#
#5695000
b1001111100 6
b1001111100 R
b100111001100 p
b11010001000 3
b11010001000 [
b10011111000 .
b10011111000 9
b10011111000 l
b100111001100 "
b100111001100 )
b100111001100 -
b100111001100 8
b100111001100 n
b11111110100001000 C
b101000001001 D
b1000111111001 T
b10011111000 7
b10011111000 S
b100111001100 5
b100111001100 Q
b110100010000 ^
b1111 4
b1111 \
b100010011110 2
b100010011110 Z
b1100010001100000 F
b110001110 o
b101011010111 ,
b101011010111 =
b101011010111 ]
b101011010111 q
b1000111001 ;
b1000111001 B
b110101 j
b1010000010010000000000000000 E
b11110101101110100000 J
b101010010111 :
b101010010111 K
b101010010111 M
b101101001101 ?
b101110110011 >
b10011111000 O
b1000111111001 N
b1110011001011 P
b11101100010 A
b11101100010 L
b100000101101 @
b100011100010 u
b101011001001 t
b110001110 s
b101011010111 r
b1111 X
b110100010000 W
b100010011110 Y
b1000111001 $
b1000111001 (
b1000111001 1
b1000111001 V
1#
#5700000
0#
#5705000
b100100011011 6
b100100011011 R
b101100100101 p
b1110011001 3
b1110011001 [
b10100110101 .
b10100110101 9
b10100110101 l
b101100100101 "
b101100100101 )
b101100100101 -
b101100100101 8
b101100100101 n
b1001000110110 T
b10100110101 7
b10100110101 S
b101100100101 5
b101100100101 Q
b11111110001111010 C
b100101111011 D
b1010000110011 ^
b11100110010 4
b11100110010 \
b1010111110 2
b1010111110 Z
b100111001100 o
b10011111000 ,
b10011111000 =
b10011111000 ]
b10011111000 q
b1011100101110100 F
b1000111010 ;
b1000111010 B
b101011001001 u
b110001110 t
b100111001100 s
b10011111000 r
b101110110011 ?
b11010001000 >
b100000101101 A
b100000101101 L
b101011010111 @
b10100110101 O
b1001000110110 N
b1111000100100 P
b101000001001 :
b101000001001 K
b101000001001 M
b1001011110110000000000000000 E
b11110110001010001100 J
b110110 j
b1101000110001 X
b11100110010 W
b1010111110 Y
b1000111010 $
b1000111010 (
b1000111010 1
b1000111010 V
1#
#5710000
0#
#5715000
b101000101001 6
b101000101001 R
b101011100 p
b1110111000 3
b1110111000 [
b11101010001 .
b11101010001 9
b11101010001 l
b101011100 "
b101011100 )
b101011100 -
b101011100 8
b101011100 n
b11111101111101100 C
b100011101101 D
b1010001010010 T
b11101010001 7
b11101010001 S
b101011100 5
b101011100 Q
b1010001110001 ^
b11101110000 4
b11101110000 \
b1011111010 2
b1011111010 Z
b1010111010001000 F
b101100100101 o
b10100110101 ,
b10100110101 =
b10100110101 ]
b10100110101 q
b1000111011 ;
b1000111011 B
b110111 j
b1000111011010000000000000000 E
b11110110100101111000 J
b100101111011 :
b100101111011 K
b100101111011 M
b11010001000 ?
b1110011001 >
b11101010001 O
b1010001010010 N
b101011100 P
b101011010111 A
b101011010111 L
b10011111000 @
b110001110 u
b100111001100 t
b101100100101 s
b10100110101 r
b1101001101111 X
b11101110000 W
b1011111010 Y
b1000111011 $
b1000111011 (
b1000111011 1
b1000111011 V
1#
#5720000
0#
#5725000
b1110010 6
b1110010 R
b100100001100 p
b101101000111 3
b101101000111 [
b11100100 .
b11100100 9
b11100100 l
b100100001100 "
b100100001100 )
b100100001100 -
b100100001100 8
b100100001100 n
b110111100101 T
b11100100 7
b11100100 S
b100100001100 5
b100100001100 Q
b11111101101011110 C
b100001011111 D
b10000110111 *
b10000110111 <
b10000110111 G
b10000110111 `
b10111 +
b10111 a
b1011010001110 ^
b100110001101 4
b100110001101 \
b10100010101 2
b10100010101 Z
b101011100 o
b11101010001 ,
b11101010001 =
b11101010001 ]
b11101010001 q
b1010001110011100 F
b111 h
b1000111100 ;
b1000111100 B
b100111001100 u
b101100100101 t
b101011100 s
b11101010001 r
b1110011001 ?
b1110111000 >
b10011111000 A
b10011111000 L
b10100110101 @
b11100100 O
b110111100101 N
b1110000001011 P
b100011101101 :
b100011101101 K
b100011101101 M
b1000010111110000000000000000 E
b11110111000001100100 J
b111000 j
b1110010001100 X
b100110001101 W
b10100010101 Y
b1000111100 $
b1000111100 (
b1000111100 1
b1000111100 V
1#
#5730000
0#
#5735000
b11011001010 6
b11011001010 R
b100111010111 p
b100000010001 3
b100000010001 [
b10010011 .
b10010011 9
b10010011 l
b100111010111 "
b100111010111 )
b100111010111 -
b100111010111 8
b100111010111 n
b110110010100 T
b10010011 7
b10010011 S
b100111010111 5
b100111010111 Q
b1000000100010 ^
b1100100001 4
b1100100001 \
b101110101000 2
b101110101000 Z
b10100100011100 F
b11111010100011111 C
b1000100000 D
b100100001100 o
b11100100 ,
b11100100 =
b11100100 ]
b11100100 q
b1000111101 ;
b1000111101 B
b111001 j
b10001000000000000000000000 E
b10010110101011100100 J
b100001011111 :
b100001011111 K
b100001011111 M
b1110111000 ?
b101101000111 >
b10010011 O
b110110010100 N
b1110011010110 P
b10100110101 A
b10100110101 L
b11101010001 @
b101100100101 u
b101011100 t
b100100001100 s
b11100100 r
b1011000100000 X
b1100100001 W
b1111010100111 Y
b1000111101 $
b1000111101 (
b1000111101 1
b1000111101 V
1#
#5740000
0#
#5745000
b101100111001 6
b101100111001 R
b10100110001 p
b11111101001 3
b11111101001 [
b100101110001 .
b100101110001 9
b100101110001 l
b10100110001 "
b10100110001 )
b10100110001 -
b10100110001 8
b10100110001 n
b1011001110010 T
b100101110001 7
b100101110001 S
b10100110001 5
b10100110001 Q
b11111111100111000 C
b110000111001 D
b111111010010 ^
b1011010001 4
b1011010001 \
b101101010110 2
b101101010110 Z
b100111010111 o
b10010011 ,
b10010011 =
b10010011 ]
b10010011 q
b1110111111100101 F
b1000111110 ;
b1000111110 B
b101011100 u
b100100001100 t
b100111010111 s
b10010011 r
b101101000111 ?
b100000010001 >
b11101010001 A
b11101010001 L
b11100100 @
b1110001110000 O
b100101110001 N
b10100110001 P
b1000100000 :
b1000100000 K
b1000100000 M
b1100001110010000000000000000 E
b10010110111100011011 J
b111010 j
b1010111010000 X
b1011010001 W
b1111001010101 Y
b1000111110 $
b1000111110 (
b1000111110 1
b1000111110 V
1#
#5750000
0#
#5755000
b1110 6
b1110 R
b110101100 p
b10111011000 3
b10111011000 [
b11100 .
b11100 9
b11100 l
b110101100 "
b110101100 )
b110101100 -
b110101100 8
b110101100 n
b11111110001010000 C
b100101010001 D
b110100011101 T
b11100 7
b11100 S
b110101100 5
b110101100 Q
b1100010110001 ^
b101110110000 4
b101110110000 \
b11100110010 2
b11100110010 Z
b1011011010101110 F
b10100110001 o
b100101110001 ,
b100101110001 =
b100101110001 ]
b100101110001 q
b1000111111 ;
b1000111111 B
b111011 j
b1001010100010000000000000000 E
b10010111001101010010 J
b110000111001 :
b110000111001 K
b110000111001 M
b100000010001 ?
b11111101001 >
b11100 O
b110100011101 N
b1010010101011 P
b11100100 A
b11100100 L
b10010011 @
b100100001100 u
b100111010111 t
b10100110001 s
b100101110001 r
b1111010101111 X
b101110110000 W
b11100110010 Y
b1000111111 $
b1000111111 (
b1000111111 1
b1000111111 V
1#
#5760000
0#
#5765000
b10011110010 6
b10011110010 R
b10001000011 p
b100101110 3
b100101110 [
b100111100100 .
b100111100100 9
b100111100100 l
b10001000011 "
b10001000011 )
b10001000011 -
b10001000011 8
b10001000011 n
b1011011100101 T
b100111100100 7
b100111100100 S
b10001000011 5
b10001000011 Q
b11111100101101000 C
b11001101001 D
b111101011101 ^
b1001011100 4
b1001011100 \
b101011011101 2
b101011011101 Z
b110101100 o
b11100 ,
b11100 =
b11100 ]
b11100 q
b111110101110111 F
b1001000000 ;
b1001000000 B
b100111010111 u
b10100110001 t
b110101100 s
b11100 r
b11111101001 ?
b10111011000 >
b10010011 A
b10010011 L
b100101110001 @
b1110011100011 O
b100111100100 N
b1011101000010 P
b100101010001 :
b100101010001 K
b100101010001 M
b110011010010000000000000000 E
b10010111011110001001 J
b111100 j
b1010101011011 X
b1001011100 W
b1110111011100 Y
b1001000000 $
b1001000000 (
b1001000000 1
b1001000000 V
1#
#5770000
0#
#5775000
b11111101101 6
b11111101101 R
b1100001000 p
b110010010011 3
b110010010011 [
b1011011001 .
b1011011001 9
b1011011001 l
b1100001000 "
b1100001000 )
b1100001000 -
b1100001000 8
b1100001000 n
b11111011010000000 C
b1110000001 D
b111111011010 T
b1011011001 7
b1011011001 S
b1100001000 5
b1100001000 Q
b1100100100110 ^
b110000100101 4
b110000100101 \
b11110100011 2
b11110100011 Z
b100010001000000 F
b10001000011 o
b100111100100 ,
b100111100100 =
b100111100100 ]
b100111100100 q
b1001000001 ;
b1001000001 B
b111101 j
b11100000010000000000000000 E
b10010111101111000000 J
b11001101001 :
b11001101001 K
b11001101001 M
b10111011000 ?
b100101110 >
b1011011001 O
b111111011010 N
b1100001000 P
b100101110001 A
b100101110001 L
b11100 @
b10100110001 u
b110101100 t
b10001000011 s
b100111100100 r
b1111100100100 X
b110000100101 W
b11110100011 Y
b1001000001 $
b1001000001 (
b1001000001 1
b1001000001 V
1#
#5780000
0#
#5785000
b100001001111 6
b100001001111 R
b100110011100 p
b100100001110 3
b100100001110 [
b1110011101 .
b1110011101 9
b1110011101 l
b100110011100 "
b100110011100 )
b100110011100 -
b100110011100 8
b100110011100 n
b1000010011110 T
b1110011101 7
b1110011101 S
b100110011100 5
b100110011100 Q
b11111001110011000 C
b10011001 D
b1001000011100 ^
b10100011011 4
b10100011011 \
b10010111 2
b10010111 Z
b1100001000 o
b1011011001 ,
b1011011001 =
b1011011001 ]
b1011011001 q
b101100001001 F
b1001000010 ;
b1001000010 B
b110101100 u
b10001000011 t
b1100001000 s
b1011011001 r
b100101110 ?
b110010010011 >
b11100 A
b11100 L
b100111100100 @
b1011010011100 O
b1110011101 N
b1110010011011 P
b1110000001 :
b1110000001 K
b1110000001 M
b100110010000000000000000 E
b10010111111111110111 J
b111110 j
b1100000011010 X
b10100011011 W
b10010111 Y
b1001000010 $
b1001000010 (
b1001000010 1
b1001000010 V
1#
#5790000
0#
#5795000
b101110111111 6
b101110111111 R
b100101001011 p
b1011110000 3
b1011110000 [
b101001111101 .
b101001111101 9
b101001111101 l
b100101001011 "
b100101001011 )
b100101001011 -
b100101001011 8
b100101001011 n
b11111110110110001 C
b101010110010 D
b1011101111110 T
b101001111101 7
b101001111101 S
b100101001011 5
b100101001011 Q
b1001011100001 ^
b10111100000 4
b10111100000 \
b101011010 2
b101011010 Z
b1101000111010010 F
b100110011100 o
b1110011101 ,
b1110011101 =
b1110011101 ]
b1110011101 q
b1001000011 ;
b1001000011 B
b111111 j
b1010101100100000000000000000 E
b10011000010000101110 J
b10011001 :
b10011001 K
b10011001 M
b110010010011 ?
b100100001110 >
b1110101111100 O
b101001111101 N
b100101001011 P
b100111100100 A
b100111100100 L
b1011011001 @
b10001000011 u
b1100001000 t
b100110011100 s
b1110011101 r
b1100011011111 X
b10111100000 W
b101011010 Y
b1001000011 $
b1001000011 (
b1001000011 1
b1001000011 V
1#
#5800000
0#
#5805000
b1000101 6
b1000101 R
b10100101000 p
b110011100001 3
b110011100001 [
b10001010 .
b10001010 9
b10001010 l
b10100101000 "
b10100101000 )
b10100101000 -
b10100101000 8
b10100101000 n
b110110001011 T
b10001010 7
b10001010 S
b10100101000 5
b10100101000 Q
b11111101011001001 C
b11111001010 D
b101100110111 *
b101100110111 <
b101100110111 G
b101100110111 `
b11000 +
b11000 a
b1100111000010 ^
b110011000001 4
b110011000001 \
b100000111001 2
b100000111001 Z
b100101001011 o
b101001111101 ,
b101001111101 =
b101001111101 ]
b101001111101 q
b1001100010011011 F
b1000 h
b1001000100 ;
b1001000100 B
b1100001000 u
b100110011100 t
b100101001011 s
b101001111101 r
b100100001110 ?
b1011110000 >
b1011011001 A
b1011011001 L
b1110011101 @
b10001010 O
b110110001011 N
b1100000100111 P
b101010110010 :
b101010110010 K
b101010110010 M
b111110010100000000000000000 E
b10011000100001100101 J
b1000000 j
b1111111000000 X
b110011000001 W
b100000111001 Y
b1001000100 $
b1001000100 (
b1001000100 1
b1001000100 V
1#
#5810000
0#
#5815000
b110000110100 6
b110000110100 R
b100011010100 p
b11111101000 3
b11111101000 [
b101101100111 .
b101101100111 9
b101101100111 l
b100011010100 "
b100011010100 )
b100011010100 -
b100011010100 8
b100011010100 n
b1100001101000 T
b101101100111 7
b101101100111 S
b100011010100 5
b100011010100 Q
b111111010000 ^
b1011001111 4
b1011001111 \
b101101000110 2
b101101000110 Z
b1000001101100100 F
b11111100111000101 C
b11011000110 D
b10100101000 o
b10001010 ,
b10001010 =
b10001010 ]
b10001010 q
b1001000101 ;
b1001000101 B
b1000001 j
b110110001100000000000000000 E
b110010110100010011100 J
b11111001010 :
b11111001010 K
b11111001010 M
b1011110000 ?
b110011100001 >
b1111001100110 O
b101101100111 N
b1101111010011 P
b1110011101 A
b1110011101 L
b101001111101 @
b100110011100 u
b100101001011 t
b10100101000 s
b10001010 r
b1010111001110 X
b1011001111 W
b1111001000101 Y
b1001000101 $
b1001000101 (
b1001000101 1
b1001000101 V
1#
#5820000
0#
#5825000
b1000100001 6
b1000100001 R
b1110110111 p
b1010110 3
b1010110 [
b10001000010 .
b10001000010 9
b10001000010 l
b1110110111 "
b1110110111 )
b1110110111 -
b1110110111 8
b1110110111 n
b1000101000011 T
b10001000010 7
b10001000010 S
b1110110111 5
b1110110111 Q
b11111011010000010 C
b1110000011 D
b110110101101 ^
b10101100 4
b10101100 \
b100100100001 2
b100100100001 Z
b100011010100 o
b101101100111 ,
b101101100111 =
b101101100111 ]
b101101100111 q
b100001100101101 F
b1001000110 ;
b1001000110 B
b100101001011 u
b10100101000 t
b100011010100 s
b101101100111 r
b110011100001 ?
b11111101000 >
b101001111101 A
b101001111101 L
b10001010 @
b10001000010 O
b1000101000011 N
b1110110111 P
b11011000110 :
b11011000110 K
b11011000110 M
b11100000110000000000000000 E
b110010111001111010011 J
b1000010 j
b10101100 X
b110110101101 W
b100100100001 Y
b1001000110 $
b1001000110 (
b1001000110 1
b1001000110 V
1#
#5830000
0#
#5835000
b100010000111 6
b100010000111 R
b101000001000 p
b100111000101 3
b100111000101 [
b10000001101 .
b10000001101 9
b10000001101 l
b101000001000 "
b101000001000 )
b101000001000 -
b101000001000 8
b101000001000 n
b11111001100111111 C
b1000000 D
b1000100001110 T
b10000001101 7
b10000001101 S
b101000001000 5
b101000001000 Q
b1001110001010 ^
b11010001001 4
b11010001001 \
b111111011 2
b111111011 Z
b1011110110 F
b1110110111 o
b10001000010 ,
b10001000010 =
b10001000010 ]
b10001000010 q
b1001000111 ;
b1001000111 B
b1000011 j
b10000000000000000000000 E
b110010111111100001010 J
b1110000011 :
b1110000011 K
b1110000011 M
b11111101000 ?
b1010110 >
b1011100001100 O
b10000001101 N
b1110100000111 P
b10001010 A
b10001010 L
b101101100111 @
b10100101000 u
b100011010100 t
b1110110111 s
b10001000010 r
b1100110001000 X
b11010001001 W
b111111011 Y
b1001000111 $
b1001000111 (
b1001000111 1
b1001000111 V
1#
#5840000
0#
#5845000
b110001010100 6
b110001010100 R
b101100100111 p
b100110101011 3
b100110101011 [
b101110100111 .
b101110100111 9
b101110100111 l
b101100100111 "
b101100100111 )
b101100100111 -
b101100100111 8
b101100100111 n
b1100010101000 T
b101110100111 7
b101110100111 S
b101100100111 5
b101100100111 Q
b11111110011111101 C
b100111111110 D
b1001101010110 ^
b11001010101 4
b11001010101 \
b111000101 2
b111000101 Z
b101000001000 o
b10000001101 ,
b10000001101 =
b10000001101 ]
b10000001101 q
b1100001010111111 F
b1001001000 ;
b1001001000 B
b100011010100 u
b1110110111 t
b101000001000 s
b10000001101 r
b1010110 ?
b100111000101 >
b101101100111 A
b101101100111 L
b10001000010 @
b1111010100110 O
b101110100111 N
b101100100111 P
b1000000 :
b1000000 K
b1000000 M
b1001111111100000000000000000 E
b110011000101001000001 J
b1000100 j
b1100101010100 X
b11001010101 W
b111000101 Y
b1001001000 $
b1001001000 (
b1001001000 1
b1001001000 V
1#
#5850000
0#
#5855000
b11100100000 6
b11100100000 R
b11101000101 p
b11011111000 3
b11011111000 [
b100111111 .
b100111111 9
b100111111 l
b11101000101 "
b11101000101 )
b11101000101 -
b11101000101 8
b11101000101 n
b11111100110111010 C
b11010111011 D
b111001000000 T
b100111111 7
b100111111 S
b11101000101 5
b11101000101 Q
b110111110000 ^
b11101111 4
b11101111 \
b100101011110 2
b100101011110 Z
b1000001010001000 F
b101100100111 o
b101110100111 ,
b101110100111 =
b101110100111 ]
b101110100111 q
b1001001001 ;
b1001001001 B
b1000101 j
b110101110110000000000000000 E
b110011001010101111000 J
b100111111110 :
b100111111110 K
b100111111110 M
b100111000101 ?
b100110101011 >
b100111111 O
b111001000000 N
b1101001000100 P
b10001000010 A
b10001000010 L
b10000001101 @
b1110110111 u
b101000001000 t
b101100100111 s
b101110100111 r
b11101111 X
b110111110000 W
b100101011110 Y
b1001001001 $
b1001001001 (
b1001001001 1
b1001001001 V
1#
#5860000
0#
#5865000
b10101100100 6
b10101100100 R
b101001010011 p
b100001000101 3
b100001000101 [
b101011001000 .
b101011001000 9
b101011001000 l
b101001010011 "
b101001010011 )
b101001010011 -
b101001010011 8
b101001010011 n
b1011111001001 T
b101011001000 7
b101011001000 S
b101001010011 5
b101001010011 Q
b11111011001110111 C
b1101111000 D
b1000010001010 ^
b1110001001 4
b1110001001 \
b101111110110 2
b101111110110 Z
b11101000101 o
b100111111 ,
b100111111 =
b100111111 ]
b100111111 q
b100001001010001 F
b1001001010 ;
b1001001010 B
b101000001000 u
b101100100111 t
b11101000101 s
b100111111 r
b100110101011 ?
b11011111000 >
b10000001101 A
b10000001101 L
b101110100111 @
b1110111000111 O
b101011001000 N
b1110101010010 P
b11010111011 :
b11010111011 K
b11010111011 M
b11011110000000000000000000 E
b110011010000010101111 J
b1000110 j
b1011010001000 X
b1110001001 W
b1111011110101 Y
b1001001010 $
b1001001010 (
b1001001010 1
b1001001010 V
1#
#5870000
0#
#5875000
b100001111 6
b100001111 R
b100000101111 p
b1001 3
b1001 [
b1000011110 .
b1000011110 9
b1000011110 l
b100000101111 "
b100000101111 )
b100000101111 -
b100000101111 8
b100000101111 n
b11111001100110100 C
b110101 D
b111100011111 T
b1000011110 7
b1000011110 S
b100000101111 5
b100000101111 Q
b110100010011 ^
b10010 4
b10010 \
b100001111101 2
b100001111101 Z
b1000011010 F
b101001010011 o
b101011001000 ,
b101011001000 =
b101011001000 ]
b101011001000 q
b1001001011 ;
b1001001011 B
b1000111 j
b1101010000000000000000 E
b110011010101111100110 J
b1101111000 :
b1101111000 K
b1101111000 M
b11011111000 ?
b100001000101 >
b1000011110 O
b111100011111 N
b100000101111 P
b101110100111 A
b101110100111 L
b100111111 @
b101100100111 u
b11101000101 t
b101001010011 s
b101011001000 r
b10010 X
b110100010011 W
b100001111101 Y
b1001001011 $
b1001001011 (
b1001001011 1
b1001001011 V
1#
#5880000
0#
#5885000
b10111010 6
b10111010 R
b100001010 p
b1000110101 3
b1000110101 [
b101110100 .
b101110100 9
b101110100 l
b100001010 "
b100001010 )
b100001010 -
b100001010 8
b100001010 n
b111001110101 T
b101110100 7
b101110100 S
b100001010 5
b100001010 Q
b11111110011110010 C
b100111110011 D
b10000110100 *
b10000110100 <
b10000110100 G
b10000110100 `
b11001 +
b11001 a
b1000101101011 ^
b10001101010 4
b10001101010 \
b110011010011 2
b110011010011 Z
b100000101111 o
b1000011110 ,
b1000011110 =
b1000011110 ]
b1000011110 q
b1100000111100011 F
b1001 h
b1001001100 ;
b1001001100 B
b11101000101 u
b101001010011 t
b100000101111 s
b1000011110 r
b100001000101 ?
b1001 >
b100111111 A
b100111111 L
b101011001000 @
b1010001110011 O
b101110100 N
b100001010 P
b110101 :
b110101 K
b110101 M
b1001111100110000000000000000 E
b110011011011100011101 J
b1001000 j
b1011101101001 X
b10001101010 W
b1111111010010 Y
b1001001100 $
b1001001100 (
b1001001100 1
b1001001100 V
1#
#5890000
0#
#5895000
b1111011101 6
b1111011101 R
b11010101 p
b100001100001 3
b100001100001 [
b11110111010 .
b11110111010 9
b11110111010 l
b11010101 "
b11010101 )
b11010101 -
b11010101 8
b11010101 n
b1010010111011 T
b11110111010 7
b11110111010 S
b11010101 5
b11010101 Q
b1000011000010 ^
b1111000001 4
b1111000001 \
b110000101000 2
b110000101000 Z
b100010010000 F
b11111001101111000 C
b1111001 D
b100001010 o
b101110100 ,
b101110100 =
b101110100 ]
b101110100 q
b1001001101 ;
b1001001101 B
b1001001 j
b11110010000000000000000 E
b10011010011101110000 J
b100111110011 :
b100111110011 K
b100111110011 M
b1001 ?
b1000110101 >
b11110111010 O
b1010010111011 N
b11010101 P
b101011001000 A
b101011001000 L
b1000011110 @
b101001010011 u
b100000101111 t
b100001010 s
b101110100 r
b1011011000000 X
b1111000001 W
b1111100100111 Y
b1001001101 $
b1001001101 (
b1001001101 1
b1001001101 V
1#
#5900000
0#
#5905000
b11111001100 6
b11111001100 R
b110100101 p
b10100000100 3
b10100000100 [
b1010010111 .
b1010010111 9
b1010010111 l
b110100101 "
b110100101 )
b110100101 -
b110100101 8
b110100101 n
b111110011000 T
b1010010111 7
b1010010111 S
b110100101 5
b110100101 Q
b11111101110010110 C
b100010010111 D
b1011100001001 ^
b101000001000 4
b101000001000 \
b10101101100 2
b10101101100 Z
b11010101 o
b11110111010 ,
b11110111010 =
b11110111010 ]
b11110111010 q
b1010100001011100 F
b1001001110 ;
b1001001110 B
b100000101111 u
b100001010 t
b11010101 s
b11110111010 r
b1000110101 ?
b100001100001 >
b1000011110 A
b1000011110 L
b101110100 @
b1010110010110 O
b1010010111 N
b110100101 P
b1111001 :
b1111001 K
b1111001 M
b1000100101110000000000000000 E
b10011010101110100100 J
b1001010 j
b1110100000111 X
b101000001000 W
b10101101100 Y
b1001001110 $
b1001001110 (
b1001001110 1
b1001001110 V
1#
#5910000
0#
#5915000
b101110000110 6
b101110000110 R
b10111011110 p
b1001110011 3
b1001110011 [
b101000001011 .
b101000001011 9
b101000001011 l
b10111011110 "
b10111011110 )
b10111011110 -
b10111011110 8
b10111011110 n
b11111011010110011 C
b1110110100 D
b1011100001100 T
b101000001011 7
b101000001011 S
b10111011110 5
b10111011110 Q
b1000111100111 ^
b10011100110 4
b10011100110 \
b1001000 2
b1001000 Z
b100100000101000 F
b110100101 o
b1010010111 ,
b1010010111 =
b1010010111 ]
b1010010111 q
b1001001111 ;
b1001001111 B
b1001011 j
b11101101000000000000000000 E
b10011010111111011000 J
b100010010111 :
b100010010111 K
b100010010111 M
b100001100001 ?
b10100000100 >
b1110100001010 O
b101000001011 N
b1100011011101 P
b101110100 A
b101110100 L
b11110111010 @
b100001010 u
b11010101 t
b110100101 s
b1010010111 r
b1011111100101 X
b10011100110 W
b1001000 Y
b1001001111 $
b1001001111 (
b1001001111 1
b1001001111 V
1#
#5920000
0#
#5925000
b10110110111 6
b10110110111 R
b10000000110 p
b110010101110 3
b110010101110 [
b101101101110 .
b101101101110 9
b101101101110 l
b10000000110 "
b10000000110 )
b10000000110 -
b10000000110 8
b10000000110 n
b1100001101111 T
b101101101110 7
b101101101110 S
b10000000110 5
b10000000110 Q
b11111111011010001 C
b101111010010 D
b1100101011100 ^
b110001011011 4
b110001011011 \
b11110111011 2
b11110111011 Z
b10111011110 o
b101000001011 ,
b101000001011 =
b101000001011 ]
b101000001011 q
b1110011111110100 F
b1001010000 ;
b1001010000 B
b11010101 u
b110100101 t
b10111011110 s
b101000001011 r
b10100000100 ?
b1001110011 >
b11110111010 A
b11110111010 L
b1010010111 @
b1111001101101 O
b101101101110 N
b10000000110 P
b1110110100 :
b1110110100 K
b1110110100 M
b1011110100100000000000000000 E
b10011011010000001100 J
b1001100 j
b1111101011010 X
b110001011011 W
b11110111011 Y
b1001010000 $
b1001010000 (
b1001010000 1
b1001010000 V
1#
#5930000
0#
#5935000
b10110100 6
b10110100 R
b1111000110 p
b1011111 3
b1011111 [
b101101000 .
b101101000 9
b101101000 l
b1111000110 "
b1111000110 )
b1111000110 -
b1111000110 8
b1111000110 n
b11111100111101110 C
b11011101111 D
b111001101001 T
b101101000 7
b101101000 S
b1111000110 5
b1111000110 Q
b110110111111 ^
b10111110 4
b10111110 \
b100100011101 2
b100100011101 Z
b1000011111000000 F
b10000000110 o
b101101101110 ,
b101101101110 =
b101101101110 ]
b101101101110 q
b1001010001 ;
b1001010001 B
b1001101 j
b110111011110000000000000000 E
b10011011100001000000 J
b101111010010 :
b101111010010 K
b101111010010 M
b1001110011 ?
b110010101110 >
b101101000 O
b111001101001 N
b1011011000101 P
b1010010111 A
b1010010111 L
b101000001011 @
b110100101 u
b10111011110 t
b10000000110 s
b101101101110 r
b10111110 X
b110110111111 W
b100100011101 Y
b1001010001 $
b1001010001 (
b1001010001 1
b1001010001 V
1#
#5940000
0#
#5945000
b100001111101 6
b100001111101 R
b1100011100 p
b111011101 3
b111011101 [
b1111111001 .
b1111111001 9
b1111111001 l
b1100011100 "
b1100011100 )
b1100011100 -
b1100011100 8
b1100011100 n
b1000011111010 T
b1111111001 7
b1111111001 S
b1100011100 5
b1100011100 Q
b11111010100001011 C
b1000001100 D
b1000010111011 ^
b1110111010 4
b1110111010 \
b110000010111 2
b110000010111 Z
b1111000110 o
b101101000 ,
b101101000 =
b101101000 ]
b101101000 q
b10011110001100 F
b1001010010 ;
b1001010010 B
b10111011110 u
b10000000110 t
b1111000110 s
b101101000 r
b110010101110 ?
b1011111 >
b101000001011 A
b101000001011 L
b101101101110 @
b1111111001 O
b1000011111010 N
b1100011100 P
b11011101111 :
b11011101111 K
b11011101111 M
b10000011000000000000000000 E
b10011011110001110100 J
b1001110 j
b1011010111001 X
b1110111010 W
b1111100010110 Y
b1001010010 $
b1001010010 (
b1001010010 1
b1001010010 V
1#
#5950000
0#
#5955000
b11010111101 6
b11010111101 R
b100101100010 p
b1100100110 3
b1100100110 [
b1111001 .
b1111001 9
b1111001 l
b100101100010 "
b100101100010 )
b100101100010 -
b100101100010 8
b100101100010 n
b11111110100101001 C
b101000101010 D
b110101111010 T
b1111001 7
b1111001 S
b100101100010 5
b100101100010 Q
b1001101001101 ^
b11001001100 4
b11001001100 \
b110100110 2
b110100110 Z
b1100011101011000 F
b1100011100 o
b1111111001 ,
b1111111001 =
b1111111001 ]
b1111111001 q
b1001010011 ;
b1001010011 B
b1001111 j
b1010001010100000000000000000 E
b10011100000010101000 J
b1000001100 :
b1000001100 K
b1000001100 M
b1011111 ?
b111011101 >
b1111001 O
b110101111010 N
b100101100010 P
b101101101110 A
b101101101110 L
b101101000 @
b10000000110 u
b1111000110 t
b1100011100 s
b1111111001 r
b1100101001011 X
b11001001100 W
b110100110 Y
b1001010011 $
b1001010011 (
b1001010011 1
b1001010011 V
1#
#5960000
0#
#5965000
b10111001001 6
b10111001001 R
b10000111111 p
b11111100111 3
b11111100111 [
b101110010010 .
b101110010010 9
b101110010010 l
b10000111111 "
b10000111111 )
b10000111111 -
b10000111111 8
b10000111111 n
b1100010010011 T
b101110010010 7
b101110010010 S
b10000111111 5
b10000111111 Q
b11111100001000110 C
b10101000111 D
b10011011001 *
b10011011001 <
b10011011001 G
b10011011001 `
b11010 +
b11010 a
b111111001110 ^
b1011001101 4
b1011001101 \
b101100100110 2
b101100100110 Z
b100101100010 o
b1111001 ,
b1111001 =
b1111001 ]
b1111001 q
b110011100100100 F
b1010 h
b1001010100 ;
b1001010100 B
b1111000110 u
b1100011100 t
b100101100010 s
b1111001 r
b111011101 ?
b1100100110 >
b101101000 A
b101101000 L
b1111111001 @
b1111010010001 O
b101110010010 N
b1011100111110 P
b101000101010 :
b101000101010 K
b101000101010 M
b101010001110000000000000000 E
b10011100010011011100 J
b1010000 j
b1010111001100 X
b1011001101 W
b1111000100101 Y
b1001010100 $
b1001010100 (
b1001010100 1
b1001010100 V
1#
#5970000
0#
#5975000
b10010100000 6
b10010100000 R
b101110110011 p
b1110011 3
b1110011 [
b100101000000 .
b100101000000 9
b100101000000 l
b101110110011 "
b101110110011 )
b101110110011 -
b101110110011 8
b101110110011 n
b1011001000001 T
b100101000000 7
b100101000000 S
b101110110011 5
b101110110011 Q
b110111100111 ^
b11100110 4
b11100110 \
b100100111101 2
b100100111101 Z
b101101011001100 F
b11111011110100111 C
b10010101000 D
b10000111111 o
b101110010010 ,
b101110010010 =
b101110010010 ]
b101110010010 q
b1001010101 ;
b1001010101 B
b1010001 j
b100101010000000000000000000 E
b10110100100100110100 J
b10101000111 :
b10101000111 K
b10101000111 M
b1100100110 ?
b11111100111 >
b1110000111111 O
b100101000000 N
b1111010110010 P
b1111111001 A
b1111111001 L
b1111001 @
b1100011100 u
b100101100010 t
b10000111111 s
b101110010010 r
b11100110 X
b110111100111 W
b100100111101 Y
b1001010101 $
b1001010101 (
b1001010101 1
b1001010101 V
1#
#5980000
0#
#5985000
b100100010001 6
b100100010001 R
b100011010010 p
b10111001011 3
b10111001011 [
b10100100001 .
b10100100001 9
b10100100001 l
b100011010010 "
b100011010010 )
b100011010010 -
b100011010010 8
b100011010010 n
b1001000100010 T
b10100100001 7
b10100100001 S
b100011010010 5
b100011010010 Q
b11111011110101001 C
b10010101010 D
b1100010010111 ^
b101110010110 4
b101110010110 \
b11011101010 2
b11011101010 Z
b101110110011 o
b100101000000 ,
b100101000000 =
b100101000000 ]
b100101000000 q
b101101011110011 F
b1001010110 ;
b1001010110 B
b100101100010 u
b10000111111 t
b101110110011 s
b100101000000 r
b11111100111 ?
b1110011 >
b1111001 A
b1111001 L
b101110010010 @
b1100000100000 O
b10100100001 N
b1101111010001 P
b10010101000 :
b10010101000 K
b10010101000 M
b100101010100000000000000000 E
b10110100111000001101 J
b1010010 j
b1111010010101 X
b101110010110 W
b11011101010 Y
b1001010110 $
b1001010110 (
b1001010110 1
b1001010110 V
1#
#5990000
0#
#5995000
b100000011110 6
b100000011110 R
b11011101000 p
b1110111100 3
b1110111100 [
b1100111011 .
b1100111011 9
b1100111011 l
b11011101000 "
b11011101000 )
b11011101000 -
b11011101000 8
b11011101000 n
b11111011110101011 C
b10010101100 D
b1000000111100 T
b1100111011 7
b1100111011 S
b11011101000 5
b11011101000 Q
b1010001111001 ^
b11101111000 4
b11101111000 \
b1011001010 2
b1011001010 Z
b101101100011010 F
b100011010010 o
b10100100001 ,
b10100100001 =
b10100100001 ]
b10100100001 q
b1001010111 ;
b1001010111 B
b1010011 j
b100101011000000000000000000 E
b10110101001011100110 J
b10010101010 :
b10010101010 K
b10010101010 M
b1110011 ?
b10111001011 >
b1100111011 O
b1000000111100 N
b11011101000 P
b101110010010 A
b101110010010 L
b100101000000 @
b10000111111 u
b101110110011 t
b100011010010 s
b10100100001 r
b1101001110111 X
b11101111000 W
b1011001010 Y
b1001010111 $
b1001010111 (
b1001010111 1
b1001010111 V
1#
#6000000
0#
#6005000
b11011110110 6
b11011110110 R
b10010010100 p
b100101001010 3
b100101001010 [
b11101011 .
b11101011 9
b11101011 l
b10010010100 "
b10010010100 )
b10010010100 -
b10010010100 8
b10010010100 n
b110111101100 T
b11101011 7
b11101011 S
b10010010100 5
b10010010100 Q
b11111011110101101 C
b10010101110 D
b1001010010100 ^
b10110010011 4
b10110010011 \
b11100011 2
b11100011 Z
b11011101000 o
b1100111011 ,
b1100111011 =
b1100111011 ]
b1100111011 q
b101101101000001 F
b1001011000 ;
b1001011000 B
b101110110011 u
b100011010010 t
b11011101000 s
b1100111011 r
b10111001011 ?
b1110111100 >
b100101000000 A
b100101000000 L
b10100100001 @
b11101011 O
b110111101100 N
b10010010100 P
b10010101100 :
b10010101100 K
b10010101100 M
b100101011100000000000000000 E
b10110101011110111111 J
b1010100 j
b1100010010010 X
b10110010011 W
b11100011 Y
b1001011000 $
b1001011000 (
b1001011000 1
b1001011000 V
1#
#6010000
0#
#6015000
b101101101000 6
b101101101000 R
b1110011 p
b110100010 3
b110100010 [
b100111001111 .
b100111001111 9
b100111001111 l
b1110011 "
b1110011 )
b1110011 -
b1110011 8
b1110011 n
b11111011110101111 C
b10010110000 D
b1011011010000 T
b100111001111 7
b100111001111 S
b1110011 5
b1110011 Q
b1000001000101 ^
b1101000100 4
b1101000100 \
b101110010011 2
b101110010011 Z
b101101101101000 F
b10010010100 o
b11101011 ,
b11101011 =
b11101011 ]
b11101011 q
b1001011001 ;
b1001011001 B
b1010101 j
b100101100000000000000000000 E
b10110101110010011000 J
b10010101110 :
b10010101110 K
b10010101110 M
b1110111100 ?
b100101001010 >
b1110011001110 O
b100111001111 N
b1110011 P
b10100100001 A
b10100100001 L
b1100111011 @
b100011010010 u
b11011101000 t
b10010010100 s
b11101011 r
b1011001000011 X
b1101000100 W
b1111010010010 Y
b1001011001 $
b1001011001 (
b1001011001 1
b1001011001 V
1#
#6020000
0#
#6025000
b101001110110 6
b101001110110 R
b101110001100 p
b110010010101 3
b110010010101 [
b11111101011 .
b11111101011 9
b11111101011 l
b101110001100 "
b101110001100 )
b101110001100 -
b101110001100 8
b101110001100 n
b1010011101100 T
b11111101011 7
b11111101011 S
b101110001100 5
b101110001100 Q
b11111011110110001 C
b10010110010 D
b1100100101010 ^
b110000101001 4
b110000101001 \
b11101110101 2
b11101110101 Z
b1110011 o
b100111001111 ,
b100111001111 =
b100111001111 ]
b100111001111 q
b101101110001111 F
b1001011010 ;
b1001011010 B
b11011101000 u
b10010010100 t
b1110011 s
b100111001111 r
b100101001010 ?
b110100010 >
b1100111011 A
b1100111011 L
b11101011 @
b1101011101010 O
b11111101011 N
b1111010001011 P
b10010110000 :
b10010110000 K
b10010110000 M
b100101100100000000000000000 E
b10110110000101110001 J
b1010110 j
b1111100101000 X
b110000101001 W
b11101110101 Y
b1001011010 $
b1001011010 (
b1001011010 1
b1001011010 V
1#
#6030000
0#
#6035000
b100101001111 6
b100101001111 R
b100100111010 p
b10100100011 3
b10100100011 [
b10110011101 .
b10110011101 9
b10110011101 l
b100100111010 "
b100100111010 )
b100100111010 -
b100100111010 8
b100100111010 n
b11111011110110011 C
b10010110100 D
b1001010011110 T
b10110011101 7
b10110011101 S
b100100111010 5
b100100111010 Q
b1011101000111 ^
b101001000110 4
b101001000110 \
b10110010000 2
b10110010000 Z
b101101110110110 F
b101110001100 o
b11111101011 ,
b11111101011 =
b11111101011 ]
b11111101011 q
b1001011011 ;
b1001011011 B
b1010111 j
b100101101000000000000000000 E
b10110110011001001010 J
b10010110010 :
b10010110010 K
b10010110010 M
b110100010 ?
b110010010101 >
b1100010011100 O
b10110011101 N
b1110000111001 P
b11101011 A
b11101011 L
b100111001111 @
b10010010100 u
b1110011 t
b101110001100 s
b11111101011 r
b1110101000101 X
b101001000110 W
b10110010000 Y
b1001011011 $
b1001011011 (
b1001011011 1
b1001011011 V
1#
#6040000
0#
#6045000
b11000001 6
b11000001 R
b10100011011 p
b101001111101 3
b101001111101 [
b110000010 .
b110000010 9
b110000010 l
b10100011011 "
b10100011011 )
b10100011011 -
b10100011011 8
b10100011011 n
b111010000011 T
b110000010 7
b110000010 S
b10100011011 5
b10100011011 Q
b11111011110110101 C
b10010110110 D
b10111000011 *
b10111000011 <
b10111000011 G
b10111000011 `
b11011 +
b11011 a
b1010011111010 ^
b11111111001 4
b11111111001 \
b1101000001 2
b1101000001 Z
b100100111010 o
b10110011101 ,
b10110011101 =
b10110011101 ]
b10110011101 q
b101101111011101 F
b1011 h
b1001011100 ;
b1001011100 B
b1110011 u
b101110001100 t
b100100111010 s
b10110011101 r
b110010010101 ?
b10100100011 >
b100111001111 A
b100111001111 L
b11111101011 @
b110000010 O
b111010000011 N
b10100011011 P
b10010110100 :
b10010110100 K
b10010110100 M
b100101101100000000000000000 E
b10110110101100100011 J
b1011000 j
b1101011111000 X
b11111111001 W
b1101000001 Y
b1001011100 $
b1001011100 (
b1001011100 1
b1001011100 V
1#
#6050000
0#
#6055000
b110011010001 6
b110011010001 R
b1100110101 p
b100001110000 3
b100001110000 [
b110010100001 .
b110010100001 9
b110010100001 l
b1100110101 "
b1100110101 )
b1100110101 -
b1100110101 8
b1100110101 n
b1100110100010 T
b110010100001 7
b110010100001 S
b1100110101 5
b1100110101 Q
b1000011100000 ^
b1111011111 4
b1111011111 \
b110000100110 2
b110000100110 Z
b110101111101100 F
b11111100010001000 C
b10110001001 D
b10100011011 o
b110000010 ,
b110000010 =
b110000010 ]
b110000010 q
b1001011101 ;
b1001011101 B
b1011001 j
b101100010010000000000000000 E
b11011001100000010100 J
b10010110110 :
b10010110110 K
b10010110110 M
b10100100011 ?
b101001111101 >
b1111110100000 O
b110010100001 N
b1100110101 P
b11111101011 A
b11111101011 L
b10110011101 @
b101110001100 u
b100100111010 t
b10100011011 s
b110000010 r
b1011011011110 X
b1111011111 W
b1111100100101 Y
b1001011101 $
b1001011101 (
b1001011101 1
b1001011101 V
1#
#6060000
0#
#6065000
b10110010011 6
b10110010011 R
b10100 p
b11111111 3
b11111111 [
b101100100110 .
b101100100110 9
b101100100110 l
b10100 "
b10100 )
b10100 -
b10100 8
b10100 n
b1100000100111 T
b101100100110 7
b101100100110 S
b10100 5
b10100 Q
b11111011011111000 C
b1111111001 D
b111011111111 ^
b111111110 4
b111111110 \
b101001000011 2
b101001000011 Z
b1100110101 o
b110010100001 ,
b110010100001 =
b110010100001 ]
b110010100001 q
b100110100101001 F
b1001011110 ;
b1001011110 B
b100100111010 u
b10100011011 t
b1100110101 s
b110010100001 r
b101001111101 ?
b100001110000 >
b10110011101 A
b10110011101 L
b110000010 @
b1111000100101 O
b101100100110 N
b10100 P
b10110001001 :
b10110001001 K
b10110001001 M
b11111110010000000000000000 E
b11011001110111010111 J
b1011010 j
b111111110 X
b111011111111 W
b101001000011 Y
b1001011110 $
b1001011110 (
b1001011110 1
b1001011110 V
1#
#6070000
0#
#6075000
b100100111110 6
b100100111110 R
b101010001010 p
b1000010 3
b1000010 [
b10101111011 .
b10101111011 9
b10101111011 l
b101010001010 "
b101010001010 )
b101010001010 -
b101010001010 8
b101010001010 n
b11111010101101000 C
b1001101001 D
b1001001111100 T
b10101111011 7
b10101111011 S
b101010001010 5
b101010001010 Q
b110110000101 ^
b10000100 4
b10000100 \
b100011000111 2
b100011000111 Z
b10111001100110 F
b10100 o
b101100100110 ,
b101100100110 =
b101100100110 ]
b101100100110 q
b1001011111 ;
b1001011111 B
b1011011 j
b10011010010000000000000000 E
b11011010001110011010 J
b1111111001 :
b1111111001 K
b1111111001 M
b100001110000 ?
b11111111 >
b1100001111010 O
b10101111011 N
b1110110001001 P
b110000010 A
b110000010 L
b110010100001 @
b10100011011 u
b1100110101 t
b10100 s
b101100100110 r
b10000100 X
b110110000101 W
b100011000111 Y
b1001011111 $
b1001011111 (
b1001011111 1
b1001011111 V
1#
#6080000
0#
#6085000
b11110000101 6
b11110000101 R
b101000111000 p
b101001101110 3
b101001101110 [
b1000001001 .
b1000001001 9
b1000001001 l
b101000111000 "
b101000111000 )
b101000111000 -
b101000111000 8
b101000111000 n
b111100001010 T
b1000001001 7
b1000001001 S
b101000111000 5
b101000111000 Q
b11111001111011000 C
b11011001 D
b1010011011100 ^
b11111011011 4
b11111011011 \
b1100011011 2
b1100011011 Z
b101010001010 o
b10101111011 ,
b10101111011 =
b10101111011 ]
b10101111011 q
b111110100011 F
b1001100000 ;
b1001100000 B
b1100110101 u
b10100 t
b101010001010 s
b10101111011 r
b11111111 ?
b1000010 >
b110010100001 A
b110010100001 L
b101100100110 @
b1000001001 O
b111100001010 N
b101000111000 P
b1001101001 :
b1001101001 K
b1001101001 M
b110110010000000000000000 E
b11011010100101011101 J
b1011100 j
b1101011011010 X
b11111011011 W
b1100011011 Y
b1001100000 $
b1001100000 (
b1001100000 1
b1001100000 V
1#
#6090000
0#
#6095000
b110010000000 6
b110010000000 R
b101001001101 p
b1000110101 3
b1000110101 [
b101111111111 .
b101111111111 9
b101111111111 l
b101001001101 "
b101001001101 )
b101001001101 -
b101001001101 8
b101001001101 n
b11111111101001001 C
b110001001010 D
b1100100000000 T
b101111111111 7
b101111111111 S
b101001001101 5
b101001001101 Q
b1000101101011 ^
b10001101010 4
b10001101010 \
b110010101001 2
b110010101001 Z
b1111000011100000 F
b101000111000 o
b1000001001 ,
b1000001001 =
b1000001001 ]
b1000001001 q
b1001100001 ;
b1001100001 B
b1011101 j
b1100010010100000000000000000 E
b11011010111100100000 J
b11011001 :
b11011001 K
b11011001 M
b1000010 ?
b101001101110 >
b1111011111110 O
b101111111111 N
b101001001101 P
b101100100110 A
b101100100110 L
b10101111011 @
b10100 u
b101010001010 t
b101000111000 s
b1000001001 r
b1011101101001 X
b10001101010 W
b1111110101000 Y
b1001100001 $
b1001100001 (
b1001100001 1
b1001100001 V
1#
#6100000
0#
#6105000
b1001100010 6
b1001100010 R
b11000110010 p
b10110000 3
b10110000 [
b10011000100 .
b10011000100 9
b10011000100 l
b11000110010 "
b11000110010 )
b11000110010 -
b11000110010 8
b11000110010 n
b1000111000101 T
b10011000100 7
b10011000100 S
b11000110010 5
b11000110010 Q
b11111110110111001 C
b101010111010 D
b111001100001 ^
b101100000 4
b101100000 \
b100110011101 2
b100110011101 Z
b101001001101 o
b101111111111 ,
b101111111111 =
b101111111111 ]
b101111111111 q
b1101001000011101 F
b1001100010 ;
b1001100010 B
b101010001010 u
b101000111000 t
b101001001101 s
b101111111111 r
b101001101110 ?
b1000110101 >
b10101111011 A
b10101111011 L
b1000001001 @
b10011000100 O
b1000111000101 N
b1100100110001 P
b110001001010 :
b110001001010 K
b110001001010 M
b1010101110100000000000000000 E
b11011011010011100011 J
b1011110 j
b101100000 X
b111001100001 W
b100110011101 Y
b1001100010 $
b1001100010 (
b1001100010 1
b1001100010 V
1#
#6110000
0#
#6115000
b110011100010 6
b110011100010 R
b10001010000 p
b101000010100 3
b101000010100 [
b110011000011 .
b110011000011 9
b110011000011 l
b10001010000 "
b10001010000 )
b10001010000 -
b10001010000 8
b10001010000 n
b11111110000101001 C
b100100101010 D
b1100111000100 T
b110011000011 7
b110011000011 S
b10001010000 5
b10001010000 Q
b1010000101000 ^
b11100100111 4
b11100100111 \
b1001100001 2
b1001100001 Z
b1011001101011010 F
b11000110010 o
b10011000100 ,
b10011000100 =
b10011000100 ]
b10011000100 q
b1001100011 ;
b1001100011 B
b1011111 j
b1001001010100000000000000000 E
b11011011101010100110 J
b101010111010 :
b101010111010 K
b101010111010 M
b1000110101 ?
b10110000 >
b1111111000010 O
b110011000011 N
b1011101001111 P
b1000001001 A
b1000001001 L
b101111111111 @
b101000111000 u
b101001001101 t
b11000110010 s
b10011000100 r
b1101000100110 X
b11100100111 W
b1001100001 Y
b1001100011 $
b1001100011 (
b1001100011 1
b1001100011 V
1#
#6120000
0#
#6125000
b10000010100 6
b10000010100 R
b1011010101 p
b100010011 3
b100010011 [
b100000101000 .
b100000101000 9
b100000101000 l
b1011010101 "
b1011010101 )
b1011010101 -
b1011010101 8
b1011010101 n
b1010100101001 T
b100000101000 7
b100000101000 S
b1011010101 5
b1011010101 Q
b11111101010011001 C
b11110011010 D
b100000011101 *
b100000011101 <
b100000011101 G
b100000011101 `
b11100 +
b11100 a
b111100100111 ^
b1000100110 4
b1000100110 \
b101001011111 2
b101001011111 Z
b10001010000 o
b110011000011 ,
b110011000011 =
b110011000011 ]
b110011000011 q
b1001010010010111 F
b1100 h
b1001100100 ;
b1001100100 B
b101001001101 u
b11000110010 t
b10001010000 s
b110011000011 r
b10110000 ?
b101000010100 >
b101111111111 A
b101111111111 L
b10011000100 @
b100000101000 O
b1010100101001 N
b1011010101 P
b100100101010 :
b100100101010 K
b100100101010 M
b111100110100000000000000000 E
b11011100000001101001 J
b1100000 j
b1000100110 X
b111100100111 W
b101001011111 Y
b1001100100 $
b1001100100 (
b1001100100 1
b1001100100 V
1#
#6130000
0#
#6135000
b11000101111 6
b11000101111 R
b101000101011 p
b101111000111 3
b101111000111 [
b110001011110 .
b110001011110 9
b110001011110 l
b101000101011 "
b101000101011 )
b101000101011 -
b101000101011 8
b101000101011 n
b1100101011111 T
b110001011110 7
b110001011110 S
b101000101011 5
b101000101011 Q
b1011110001110 ^
b101010001101 4
b101010001101 \
b10111000011 2
b10111000011 Z
b1101111010101100 F
b11111111001100010 C
b101101100011 D
b1011010101 o
b100000101000 ,
b100000101000 =
b100000101000 ]
b100000101000 q
b1001100101 ;
b1001100101 B
b1100001 j
b1011011000110000000000000000 E
b100110110010101010100 J
b11110011010 :
b11110011010 K
b11110011010 M
b101000010100 ?
b100010011 >
b1111101011101 O
b110001011110 N
b1110100101010 P
b10011000100 A
b10011000100 L
b110011000011 @
b11000110010 u
b10001010000 t
b1011010101 s
b100000101000 r
b1110110001100 X
b101010001101 W
b10111000011 Y
b1001100101 $
b1001100101 (
b1001100101 1
b1001100101 V
1#
#6140000
0#
#6145000
b110000010011 6
b110000010011 R
b101100000 p
b11101100010 3
b11101100010 [
b101100100101 .
b101100100101 9
b101100100101 l
b101100000 "
b101100000 )
b101100000 -
b101100000 8
b101100000 n
b1100000100110 T
b101100100101 7
b101100100101 S
b101100000 5
b101100000 Q
b11111011100011101 C
b10000011110 D
b111011000100 ^
b111000011 4
b111000011 \
b100111111000 2
b100111111000 Z
b101000101011 o
b110001011110 ,
b110001011110 =
b110001011110 ]
b110001011110 q
b100111110001111 F
b1001100110 ;
b1001100110 B
b10001010000 u
b1011010101 t
b101000101011 s
b110001011110 r
b100010011 ?
b101111000111 >
b110011000011 A
b110011000011 L
b100000101000 @
b101100100101 O
b1100000100110 N
b101100000 P
b101101100011 :
b101101100011 K
b101101100011 M
b100000111100000000000000000 E
b100110110110101110001 J
b1100010 j
b111000011 X
b111011000100 W
b100111111000 Y
b1001100110 $
b1001100110 (
b1001100110 1
b1001100110 V
1#
#6150000
0#
#6155000
b11000100011 6
b11000100011 R
b10000001010 p
b11011000110 3
b11011000110 [
b110001000110 .
b110001000110 9
b110001000110 l
b10000001010 "
b10000001010 )
b10000001010 -
b10000001010 8
b10000001010 n
b11111110011011001 C
b100111011010 D
b1100101000111 T
b110001000110 7
b110001000110 S
b10000001010 5
b10000001010 Q
b110110001100 ^
b10001011 4
b10001011 \
b100010111110 2
b100010111110 Z
b1100000001110010 F
b101100000 o
b101100100101 ,
b101100100101 =
b101100100101 ]
b101100100101 q
b1001100111 ;
b1001100111 B
b1100011 j
b1001110110100000000000000000 E
b100110111010110001110 J
b10000011110 :
b10000011110 K
b10000011110 M
b101111000111 ?
b11101100010 >
b1111101000101 O
b110001000110 N
b10000001010 P
b100000101000 A
b100000101000 L
b110001011110 @
b1011010101 u
b101000101011 t
b101100000 s
b101100100101 r
b10001011 X
b110110001100 W
b100010111110 Y
b1001100111 $
b1001100111 (
b1001100111 1
b1001100111 V
1#
#6160000
0#
#6165000
b101100011100 6
b101100011100 R
b1010000100 p
b11101010111 3
b11101010111 [
b100100110111 .
b100100110111 9
b100100110111 l
b1010000100 "
b1010000100 )
b1010000100 -
b1010000100 8
b1010000100 n
b1011000111000 T
b100100110111 7
b100100110111 S
b1010000100 5
b1010000100 Q
b11111010110010100 C
b1010010101 D
b111010101110 ^
b110101101 4
b110101101 \
b100111011110 2
b100111011110 Z
b10000001010 o
b110001000110 ,
b110001000110 =
b110001000110 ]
b110001000110 q
b11000101010101 F
b1001101000 ;
b1001101000 B
b101000101011 u
b101100000 t
b10000001010 s
b110001000110 r
b11101100010 ?
b11011000110 >
b110001011110 A
b110001011110 L
b101100100101 @
b100100110111 O
b1011000111000 N
b1010000100 P
b100111011010 :
b100111011010 K
b100111011010 M
b10100101010000000000000000 E
b100110111110110101011 J
b1100100 j
b110101101 X
b111010101110 W
b100111011110 Y
b1001101000 $
b1001101000 (
b1001101000 1
b1001101000 V
1#
#6170000
0#
#6175000
b11011011101 6
b11011011101 R
b100010010000 p
b10111010000 3
b10111010000 [
b10111001 .
b10111001 9
b10111001 l
b100010010000 "
b100010010000 )
b100010010000 -
b100010010000 8
b100010010000 n
b11111101101010000 C
b100001010001 D
b110110111010 T
b10111001 7
b10111001 S
b100010010000 5
b100010010000 Q
b1100010100001 ^
b101110100000 4
b101110100000 \
b11011001110 2
b11011001110 Z
b1010001000111000 F
b1010000100 o
b100100110111 ,
b100100110111 =
b100100110111 ]
b100100110111 q
b1001101001 ;
b1001101001 B
b1100101 j
b1000010100010000000000000000 E
b100111000010111001000 J
b1010010101 :
b1010010101 K
b1010010101 M
b11011000110 ?
b11101010111 >
b10111001 O
b110110111010 N
b100010010000 P
b101100100101 A
b101100100101 L
b110001000110 @
b101100000 u
b10000001010 t
b1010000100 s
b100100110111 r
b1111010011111 X
b101110100000 W
b11011001110 Y
b1001101001 $
b1001101001 (
b1001101001 1
b1001101001 V
1#
#6180000
0#
#6185000
b1111001011 6
b1111001011 R
b1111110101 p
b100000010010 3
b100000010010 [
b11110010110 .
b11110010110 9
b11110010110 l
b1111110101 "
b1111110101 )
b1111110101 -
b1111110101 8
b1111110101 n
b1010010010111 T
b11110010110 7
b11110010110 S
b1111110101 5
b1111110101 Q
b11111010000001011 C
b100001100 D
b1000000100100 ^
b1100100011 4
b1100100011 \
b101101010000 2
b101101010000 Z
b100010010000 o
b10111001 ,
b10111001 =
b10111001 ]
b10111001 q
b1001100011011 F
b1001101010 ;
b1001101010 B
b10000001010 u
b1010000100 t
b100010010000 s
b10111001 r
b11101010111 ?
b10111010000 >
b110001000110 A
b110001000110 L
b100100110111 @
b11110010110 O
b1010010010111 N
b1111110101 P
b100001010001 :
b100001010001 K
b100001010001 M
b1000011000000000000000000 E
b100111000110111100101 J
b1100110 j
b1011000100010 X
b1100100011 W
b1111001001111 Y
b1001101010 $
b1001101010 (
b1001101010 1
b1001101010 V
1#
#6190000
0#
#6195000
b101110100010 6
b101110100010 R
b100000101011 p
b101110000001 3
b101110000001 [
b101001000011 .
b101001000011 9
b101001000011 l
b100000101011 "
b100000101011 )
b100000101011 -
b100000101011 8
b100000101011 n
b11111100111000111 C
b11011001000 D
b1011101000100 T
b101001000011 7
b101001000011 S
b100000101011 5
b100000101011 Q
b1011100000010 ^
b101000000001 4
b101000000001 \
b10100101011 2
b10100101011 Z
b1000001111111110 F
b1111110101 o
b11110010110 ,
b11110010110 =
b11110010110 ]
b11110010110 q
b1001101011 ;
b1001101011 B
b1100111 j
b110110010000000000000000000 E
b100111001011000000010 J
b100001100 :
b100001100 K
b100001100 M
b10111010000 ?
b100000010010 >
b1110101000010 O
b101001000011 N
b100000101011 P
b100100110111 A
b100100110111 L
b10111001 @
b1010000100 u
b100010010000 t
b1111110101 s
b11110010110 r
b1110100000000 X
b101000000001 W
b10100101011 Y
b1001101011 $
b1001101011 (
b1001101011 1
b1001101011 V
1#
#6200000
0#
#6205000
b101001000001 6
b101001000001 R
b11011110010 p
b110011011000 3
b110011011000 [
b11110000001 .
b11110000001 9
b11110000001 l
b11011110010 "
b11011110010 )
b11011110010 -
b11011110010 8
b11011110010 n
b1010010000010 T
b11110000001 7
b11110000001 S
b11011110010 5
b11011110010 Q
b11111111110000011 C
b110010000100 D
b11100111011 *
b11100111011 <
b11100111011 G
b11100111011 `
b11101 +
b11101 a
b1100110110000 ^
b110010101111 4
b110010101111 \
b11111010111 2
b11111010111 Z
b100000101011 o
b101001000011 ,
b101001000011 =
b101001000011 ]
b101001000011 q
b1111010011100001 F
b1101 h
b1001101100 ;
b1001101100 B
b100010010000 u
b1111110101 t
b100000101011 s
b101001000011 r
b100000010010 ?
b101110000001 >
b10111001 A
b10111001 L
b11110010110 @
b1101010000000 O
b11110000001 N
b1100111110001 P
b11011001000 :
b11011001000 K
b11011001000 M
b1100100001000000000000000000 E
b100111001111000011111 J
b1101000 j
b1111110101110 X
b110010101111 W
b11111010111 Y
b1001101100 $
b1001101100 (
b1001101100 1
b1001101100 V
1#
#6210000
0#
#6215000
b101000001101 6
b101000001101 R
b100000010011 p
b10011110111 3
b10011110111 [
b11100011001 .
b11100011001 9
b11100011001 l
b100000010011 "
b100000010011 )
b100000010011 -
b100000010011 8
b100000010011 n
b1010000011010 T
b11100011001 7
b11100011001 S
b100000010011 5
b100000010011 Q
b1011011101111 ^
b100111101110 4
b100111101110 \
b10100010100 2
b10100010100 Z
b1000100011100 F
b11111001111101111 C
b11110000 D
b11011110010 o
b11110000001 ,
b11110000001 =
b11110000001 ]
b11110000001 q
b1001101101 ;
b1001101101 B
b1101001 j
b111100000000000000000000 E
b100011000001011100100 J
b110010000100 :
b110010000100 K
b110010000100 M
b101110000001 ?
b110011011000 >
b11100011001 O
b1010000011010 N
b1101100010010 P
b11110010110 A
b11110010110 L
b101001000011 @
b1111110101 u
b100000101011 t
b11011110010 s
b11110000001 r
b1110011101101 X
b100111101110 W
b10100010100 Y
b1001101101 $
b1001101101 (
b1001101101 1
b1001101101 V
1#
#6220000
0#
#6225000
b110000011010 6
b110000011010 R
b100101010011 p
b101101000100 3
b101101000100 [
b101100110011 .
b101100110011 9
b101100110011 l
b100101010011 "
b100101010011 )
b100101010011 -
b100101010011 8
b100101010011 n
b1100000110100 T
b101100110011 7
b101100110011 S
b100101010011 5
b100101010011 Q
b11111001110000100 C
b10000101 D
b1011010001000 ^
b100110000111 4
b100110000111 \
b10010101011 2
b10010101011 Z
b100000010011 o
b11100011001 ,
b11100011001 =
b11100011001 ]
b11100011001 q
b100011100001 F
b1001101110 ;
b1001101110 B
b100000101011 u
b11011110010 t
b100000010011 s
b11100011001 r
b110011011000 ?
b10011110111 >
b101001000011 A
b101001000011 L
b11110000001 @
b1111000110010 O
b101100110011 N
b100101010011 P
b11110000 :
b11110000 K
b11110000 M
b100001010000000000000000 E
b100011000101000011111 J
b1101010 j
b1110010000110 X
b100110000111 W
b10010101011 Y
b1001101110 $
b1001101110 (
b1001101110 1
b1001101110 V
1#
#6230000
0#
#6235000
b10000000011 6
b10000000011 R
b11011111100 p
b11011010001 3
b11011010001 [
b100000000110 .
b100000000110 9
b100000000110 l
b11011111100 "
b11011111100 )
b11011111100 -
b11011111100 8
b11011111100 n
b11111001100011001 C
b11010 D
b1010100000111 T
b100000000110 7
b100000000110 S
b11011111100 5
b11011111100 Q
b110110100010 ^
b10100001 4
b10100001 \
b100011000100 2
b100011000100 Z
b10100110 F
b100101010011 o
b101100110011 ,
b101100110011 =
b101100110011 ]
b101100110011 q
b1001101111 ;
b1001101111 B
b1101011 j
b110100000000000000000 E
b100011001000101011010 J
b10000101 :
b10000101 K
b10000101 M
b10011110111 ?
b101101000100 >
b1101100000101 O
b100000000110 N
b11011111100 P
b11110000001 A
b11110000001 L
b11100011001 @
b11011110010 u
b100000010011 t
b100101010011 s
b101100110011 r
b10100001 X
b110110100010 W
b100011000100 Y
b1001101111 $
b1001101111 (
b1001101111 1
b1001101111 V
1#
#6240000
0#
#6245000
b101000011010 6
b101000011010 R
b11011111111 p
b10100111011 3
b10100111011 [
b11100110011 .
b11100110011 9
b11100110011 l
b11011111111 "
b11011111111 )
b11011111111 -
b11011111111 8
b11011111111 n
b1010000110100 T
b11100110011 7
b11100110011 S
b11011111111 5
b11011111111 Q
b11111111110101111 C
b110010110000 D
b1011101110111 ^
b101001110110 4
b101001110110 \
b10110010110 2
b10110010110 Z
b11011111100 o
b100000000110 ,
b100000000110 =
b100000000110 ]
b100000000110 q
b1111100001101011 F
b1001110000 ;
b1001110000 B
b100000010011 u
b100101010011 t
b11011111100 s
b100000000110 r
b101101000100 ?
b11011010001 >
b11100011001 A
b11100011001 L
b101100110011 @
b1101000110010 O
b11100110011 N
b11011111111 P
b11010 :
b11010 K
b11010 M
b1100101100000000000000000000 E
b100011001100010010101 J
b1101100 j
b1110101110101 X
b101001110110 W
b10110010110 Y
b1001110000 $
b1001110000 (
b1001110000 1
b1001110000 V
1#
#6250000
0#
#6255000
b10101110001 6
b10101110001 R
b101110000100 p
b10011010010 3
b10011010010 [
b101011100010 .
b101011100010 9
b101011100010 l
b101110000100 "
b101110000100 )
b101110000100 -
b101110000100 8
b101110000100 n
b11111111101000100 C
b110001000101 D
b1011111100011 T
b101011100010 7
b101011100010 S
b101110000100 5
b101110000100 Q
b1011010100101 ^
b100110100100 4
b100110100100 \
b10011000010 2
b10011000010 Z
b1111000000110000 F
b11011111111 o
b11100110011 ,
b11100110011 =
b11100110011 ]
b11100110011 q
b1001110001 ;
b1001110001 B
b1101101 j
b1100010001010000000000000000 E
b100011001111111010000 J
b110010110000 :
b110010110000 K
b110010110000 M
b11011010001 ?
b10100111011 >
b101011100010 O
b1011111100011 N
b1111010000011 P
b101100110011 A
b101100110011 L
b100000000110 @
b100101010011 u
b11011111100 t
b11011111111 s
b11100110011 r
b1110010100011 X
b100110100100 W
b10011000010 Y
b1001110001 $
b1001110001 (
b1001110001 1
b1001110001 V
1#
#6260000
0#
#6265000
b1110100101 6
b1110100101 R
b100011000010 p
b11010101010 3
b11010101010 [
b11101001010 .
b11101001010 9
b11101001010 l
b100011000010 "
b100011000010 )
b100011000010 -
b100011000010 8
b100011000010 n
b1010001001011 T
b11101001010 7
b11101001010 S
b100011000010 5
b100011000010 Q
b11111111011011001 C
b101111011010 D
b110101010100 ^
b1010011 4
b1010011 \
b100001110000 2
b100001110000 Z
b101110000100 o
b101011100010 ,
b101011100010 =
b101011100010 ]
b101011100010 q
b1110011111110101 F
b1001110010 ;
b1001110010 B
b11011111100 u
b11011111111 t
b101110000100 s
b101011100010 r
b10100111011 ?
b10011010010 >
b100000000110 A
b100000000110 L
b11100110011 @
b11101001010 O
b1010001001011 N
b1101111000001 P
b110001000101 :
b110001000101 K
b110001000101 M
b1011110110100000000000000000 E
b100011010011100001011 J
b1101110 j
b1010011 X
b110101010100 W
b100001110000 Y
b1001110010 $
b1001110010 (
b1001110010 1
b1001110010 V
1#
#6270000
0#
#6275000
b1100000110 6
b1100000110 R
b100001011010 p
b101101011111 3
b101101011111 [
b11000001100 .
b11000001100 9
b11000001100 l
b100001011010 "
b100001011010 )
b100001011010 -
b100001011010 8
b100001011010 n
b11111111001101110 C
b101101101111 D
b1001100001101 T
b11000001100 7
b11000001100 S
b100001011010 5
b100001011010 Q
b1011010111110 ^
b100110111101 4
b100110111101 \
b10011010111 2
b10011010111 Z
b1101111110111010 F
b100011000010 o
b11101001010 ,
b11101001010 =
b11101001010 ]
b11101001010 q
b1001110011 ;
b1001110011 B
b1101111 j
b1011011011110000000000000000 E
b100011010111001000110 J
b101111011010 :
b101111011010 K
b101111011010 M
b10011010010 ?
b11010101010 >
b11000001100 O
b1001100001101 N
b1101101011001 P
b11100110011 A
b11100110011 L
b101011100010 @
b11011111111 u
b101110000100 t
b100011000010 s
b11101001010 r
b1110010111100 X
b100110111101 W
b10011010111 Y
b1001110011 $
b1001110011 (
b1001110011 1
b1001110011 V
1#
#6280000
0#
#6285000
b10010101000 6
b10010101000 R
b110001110100 p
b10001000000 3
b10001000000 [
b100101010000 .
b100101010000 9
b100101010000 l
b110001110100 "
b110001110100 )
b110001110100 -
b110001110100 8
b110001110100 n
b1011001010001 T
b100101010000 7
b100101010000 S
b110001110100 5
b110001110100 Q
b11111111000000011 C
b101100000100 D
b1111110011 *
b1111110011 <
b1111110011 G
b1111110011 `
b11110 +
b11110 a
b1010110000001 ^
b100010000000 4
b100010000000 \
b1110011000 2
b1110011000 Z
b100001011010 o
b11000001100 ,
b11000001100 =
b11000001100 ]
b11000001100 q
b1101011101111111 F
b1110 h
b1001110100 ;
b1001110100 B
b101110000100 u
b100011000010 t
b100001011010 s
b11000001100 r
b11010101010 ?
b101101011111 >
b101011100010 A
b101011100010 L
b11101001010 @
b100101010000 O
b1011001010001 N
b1111101110011 P
b101101101111 :
b101101101111 K
b101101101111 M
b1011000001000000000000000000 E
b100011011010110000001 J
b1110000 j
b1101101111111 X
b100010000000 W
b1110011000 Y
b1001110100 $
b1001110100 (
b1001110100 1
b1001110100 V
1#
#6290000
0#
#6295000
b100100100111 6
b100100100111 R
b100101000111 p
b110001100011 3
b110001100011 [
b10101001101 .
b10101001101 9
b10101001101 l
b100101000111 "
b100101000111 )
b100101000111 -
b100101000111 8
b100101000111 n
b1001001001110 T
b10101001101 7
b10101001101 S
b100101000111 5
b100101000111 Q
b1100011000110 ^
b101111000101 4
b101111000101 \
b11011011011 2
b11011011011 Z
b1011101111100100 F
b11111110010010100 C
b100110010101 D
b110001110100 o
b100101010000 ,
b100101010000 =
b100101010000 ]
b100101010000 q
b1001110101 ;
b1001110101 B
b1110001 j
b1001100101010000000000000000 E
b10011011000000011100 J
b101100000100 :
b101100000100 K
b101100000100 M
b101101011111 ?
b10001000000 >
b10101001101 O
b1001001001110 N
b1110001000110 P
b11101001010 A
b11101001010 L
b11000001100 @
b100011000010 u
b100001011010 t
b110001110100 s
b100101010000 r
b1111011000100 X
b101111000101 W
b11011011011 Y
b1001110101 $
b1001110101 (
b1001110101 1
b1001110101 V
1#
#6300000
0#
#6305000
b101010000 6
b101010000 R
b100101111000 p
b101001100010 3
b101001100010 [
b1010100000 .
b1010100000 9
b1010100000 l
b100101111000 "
b100101111000 )
b100101111000 -
b100101111000 8
b100101111000 n
b111110100001 T
b1010100000 7
b1010100000 S
b100101111000 5
b100101111000 Q
b11111001111001011 C
b11001100 D
b1010011000100 ^
b11111000011 4
b11111000011 \
b1011010111 2
b1011010111 Z
b100101000111 o
b10101001101 ,
b10101001101 =
b10101001101 ]
b10101001101 q
b111011110001 F
b1001110110 ;
b1001110110 B
b100001011010 u
b110001110100 t
b100101000111 s
b10101001101 r
b10001000000 ?
b110001100011 >
b11000001100 A
b11000001100 L
b100101010000 @
b1010100000 O
b111110100001 N
b1110001110111 P
b100110010101 :
b100110010101 K
b100110010101 M
b110011000000000000000000 E
b10011011010000001111 J
b1110010 j
b1101011000010 X
b11111000011 W
b1011010111 Y
b1001110110 $
b1001110110 (
b1001110110 1
b1001110110 V
1#
#6310000
0#
#6315000
b10100001110 6
b10100001110 R
b100010000100 p
b100100001100 3
b100100001100 [
b101000011100 .
b101000011100 9
b101000011100 l
b100010000100 "
b100010000100 )
b100010000100 -
b100010000100 8
b100010000100 n
b11111100000000011 C
b10100000100 D
b1011100011101 T
b101000011100 7
b101000011100 S
b100010000100 5
b100010000100 Q
b1001000011000 ^
b10100010111 4
b10100010111 \
b101001 2
b101001 Z
b110000111111110 F
b100101111000 o
b1010100000 ,
b1010100000 =
b1010100000 ]
b1010100000 q
b1001110111 ;
b1001110111 B
b1110011 j
b101000001000000000000000000 E
b10011011100000000010 J
b11001100 :
b11001100 K
b11001100 M
b110001100011 ?
b101001100010 >
b1110100011011 O
b101000011100 N
b100010000100 P
b100101010000 A
b100101010000 L
b10101001101 @
b110001110100 u
b100101000111 t
b100101111000 s
b1010100000 r
b1100000010110 X
b10100010111 W
b101001 Y
b1001110111 $
b1001110111 (
b1001110111 1
b1001110111 V
1#
#6320000
0#
#6325000
b101110101001 6
b101110101001 R
b1001001 p
b11001001010 3
b11001001010 [
b101001010001 .
b101001010001 9
b101001010001 l
b1001001 "
b1001001 )
b1001001 -
b1001001 8
b1001001 n
b1011101010010 T
b101001010001 7
b101001010001 S
b1001001 5
b1001001 Q
b11111110000111011 C
b100100111100 D
b1100110010101 ^
b110010010100 4
b110010010100 \
b11110100100 2
b11110100100 Z
b100010000100 o
b101000011100 ,
b101000011100 =
b101000011100 ]
b101000011100 q
b1011010100001011 F
b1001111000 ;
b1001111000 B
b100101000111 u
b100101111000 t
b100010000100 s
b101000011100 r
b101001100010 ?
b100100001100 >
b10101001101 A
b10101001101 L
b1010100000 @
b1110101010000 O
b101001010001 N
b1001001 P
b10100000100 :
b10100000100 K
b10100000100 M
b1001001111000000000000000000 E
b10011011101111110101 J
b1110100 j
b1111110010011 X
b110010010100 W
b11110100100 Y
b1001111000 $
b1001111000 (
b1001111000 1
b1001111000 V
1#
#6330000
0#
#6335000
b10111101110 6
b10111101110 R
b11001100101 p
b11001100101 3
b11001100101 [
b101111011100 .
b101111011100 9
b101111011100 l
b11001100101 "
b11001100101 )
b11001100101 -
b11001100101 8
b11001100101 n
b11111001101110010 C
b1110011 D
b1100011011101 T
b101111011100 7
b101111011100 S
b11001100101 5
b11001100101 Q
b1100111001011 ^
b110011001010 4
b110011001010 \
b11111011000 2
b11111011000 Z
b100000011000 F
b1001001 o
b101001010001 ,
b101001010001 =
b101001010001 ]
b101001010001 q
b1001111001 ;
b1001111001 B
b1110101 j
b11100110000000000000000 E
b10011011111111101000 J
b100100111100 :
b100100111100 K
b100100111100 M
b100100001100 ?
b11001001010 >
b1111011011011 O
b101111011100 N
b1100101100100 P
b1010100000 A
b1010100000 L
b101000011100 @
b100101111000 u
b100010000100 t
b1001001 s
b101001010001 r
b1111111001001 X
b110011001010 W
b11111011000 Y
b1001111001 $
b1001111001 (
b1001111001 1
b1001111001 V
1#
#6340000
0#
#6345000
b101111001000 6
b101111001000 R
b100110101001 p
b11100101011 3
b11100101011 [
b101010001111 .
b101010001111 9
b101010001111 l
b100110101001 "
b100110101001 )
b100110101001 -
b100110101001 8
b100110101001 n
b1011110010000 T
b101010001111 7
b101010001111 S
b100110101001 5
b100110101001 Q
b11111011110101010 C
b10010101011 D
b111001010110 ^
b101010101 4
b101010101 \
b100101100010 2
b100101100010 Z
b11001100101 o
b101111011100 ,
b101111011100 =
b101111011100 ]
b101111011100 q
b101101100100101 F
b1001111010 ;
b1001111010 B
b100010000100 u
b1001001 t
b11001100101 s
b101111011100 r
b11001001010 ?
b11001100101 >
b101000011100 A
b101000011100 L
b101001010001 @
b1110110001110 O
b101010001111 N
b100110101001 P
b1110011 :
b1110011 K
b1110011 M
b100101010110000000000000000 E
b10011100001111011011 J
b1110110 j
b101010101 X
b111001010110 W
b100101100010 Y
b1001111010 $
b1001111010 (
b1001111010 1
b1001111010 V
1#
#6350000
0#
#6355000
b11101111110 6
b11101111110 R
b10110100110 p
b11010000101 3
b11010000101 [
b111111011 .
b111111011 9
b111111011 l
b10110100110 "
b10110100110 )
b10110100110 -
b10110100110 8
b10110100110 n
b11111101111100010 C
b100011100011 D
b111011111100 T
b111111011 7
b111111011 S
b10110100110 5
b10110100110 Q
b110100001010 ^
b1001 4
b1001 \
b100000010100 2
b100000010100 Z
b1010111000110010 F
b100110101001 o
b101010001111 ,
b101010001111 =
b101010001111 ]
b101010001111 q
b1001111011 ;
b1001111011 B
b1110111 j
b1000111000110000000000000000 E
b10011100011111001110 J
b10010101011 :
b10010101011 K
b10010101011 M
b11001100101 ?
b11100101011 >
b111111011 O
b111011111100 N
b10110100110 P
b101001010001 A
b101001010001 L
b101111011100 @
b1001001 u
b11001100101 t
b100110101001 s
b101010001111 r
b1001 X
b110100001010 W
b100000010100 Y
b1001111011 $
b1001111011 (
b1001111011 1
b1001111011 V
1#
#6360000
0#
#6365000
b1111011111 6
b1111011111 R
b1011111001 p
b100010111100 3
b100010111100 [
b11110111110 .
b11110111110 9
b11110111110 l
b1011111001 "
b1011111001 )
b1011111001 -
b1011111001 8
b1011111001 n
b1010010111111 T
b11110111110 7
b11110111110 S
b1011111001 5
b1011111001 Q
b11111001100011001 C
b11010 D
b100000000001 *
b100000000001 <
b100000000001 G
b100000000001 `
b11111 +
b11111 a
b1000101111000 ^
b10001110111 4
b10001110111 \
b110010000000 2
b110010000000 Z
b10110100110 o
b111111011 ,
b111111011 =
b111111011 ]
b111111011 q
b100111111 F
b1111 h
b1001111100 ;
b1001111100 B
b11001100101 u
b100110101001 t
b10110100110 s
b111111011 r
b11100101011 ?
b11010000101 >
b101111011100 A
b101111011100 L
b101010001111 @
b11110111110 O
b1010010111111 N
b1011111001 P
b100011100011 :
b100011100011 K
b100011100011 M
b110100000000000000000 E
b10011100101111000001 J
b1111000 j
b1011101110110 X
b10001110111 W
b1111101111111 Y
b1001111100 $
b1001111100 (
b1001111100 1
b1001111100 V
1#
#6370000
0#
#6375000
b101111010101 6
b101111010101 R
b101001110101 p
b101110011110 3
b101110011110 [
b101010101001 .
b101010101001 9
b101010101001 l
b101001110101 "
b101001110101 )
b101001110101 -
b101001110101 8
b101001110101 n
b1011110101010 T
b101010101001 7
b101010101001 S
b101001110101 5
b101001110101 Q
b1011100111100 ^
b101000111011 4
b101000111011 \
b10101000001 2
b10101000001 Z
b110100110000100 F
b11111100001101111 C
b10101110000 D
b1011111001 o
b11110111110 ,
b11110111110 =
b11110111110 ]
b11110111110 q
b1001111101 ;
b1001111101 B
b1111001 j
b101011100000000000000000000 E
b100111110001001111100 J
b11010 :
b11010 K
b11010 M
b11010000101 ?
b100010111100 >
b1110110101000 O
b101010101001 N
b101001110101 P
b101010001111 A
b101010001111 L
b111111011 @
b100110101001 u
b10110100110 t
b1011111001 s
b11110111110 r
b1110100111010 X
b101000111011 W
b10101000001 Y
b1001111101 $
b1001111101 (
b1001111101 1
b1001111101 V
1#
#6380000
0#
#6385000
b101000110110 6
b101000110110 R
b100110001100 p
b10011 3
b10011 [
b11101101011 .
b11101101011 9
b11101101011 l
b100110001100 "
b100110001100 )
b100110001100 -
b100110001100 8
b100110001100 n
b1010001101100 T
b11101101011 7
b11101101011 S
b100110001100 5
b100110001100 Q
b11111100010110000 C
b10110110001 D
b110100100111 ^
b100110 4
b100110 \
b100000101011 2
b100000101011 Z
b101001110101 o
b101010101001 ,
b101010101001 =
b101010101001 ]
b101010101001 q
b110111010000011 F
b1001111110 ;
b1001111110 B
b10110100110 u
b1011111001 t
b101001110101 s
b101010101001 r
b100010111100 ?
b101110011110 >
b111111011 A
b111111011 L
b11110111110 @
b1101001101010 O
b11101101011 N
b1110010001011 P
b10101110000 :
b10101110000 K
b10101110000 M
b101101100010000000000000000 E
b100111110101001111101 J
b1111010 j
b100110 X
b110100100111 W
b100000101011 Y
b1001111110 $
b1001111110 (
b1001111110 1
b1001111110 V
1#
#6390000
0#
#6395000
b110111 6
b110111 R
b1000001101 p
b10011110101 3
b10011110101 [
b1101110 .
b1101110 9
b1101110 l
b1000001101 "
b1000001101 )
b1000001101 -
b1000001101 8
b1000001101 n
b11111100011110001 C
b10111110010 D
b110101101111 T
b1101110 7
b1101110 S
b1000001101 5
b1000001101 Q
b1011011101011 ^
b100111101010 4
b100111101010 \
b10011101100 2
b10011101100 Z
b111001110000010 F
b100110001100 o
b11101101011 ,
b11101101011 =
b11101101011 ]
b11101101011 q
b1001111111 ;
b1001111111 B
b1111011 j
b101111100100000000000000000 E
b100111111001001111110 J
b10110110001 :
b10110110001 K
b10110110001 M
b101110011110 ?
b10011 >
b1101110 O
b110101101111 N
b1000001101 P
b11110111110 A
b11110111110 L
b101010101001 @
b1011111001 u
b101001110101 t
b100110001100 s
b11101101011 r
b1110011101001 X
b100111101010 W
b10011101100 Y
b1001111111 $
b1001111111 (
b1001111111 1
b1001111111 V
1#
#6400000
0#
#6405000
b111001101 6
b111001101 R
b10010110111 p
b101110111 3
b101110111 [
b1110011010 .
b1110011010 9
b1110011010 l
b10010110111 "
b10010110111 )
b10010110111 -
b10010110111 8
b10010110111 n
b1000010011011 T
b1110011010 7
b1110011010 S
b10010110111 5
b10010110111 Q
b11111100100110010 C
b11000110011 D
b111111101111 ^
b1011101110 4
b1011101110 \
b101011101111 2
b101011101111 Z
b1000001101 o
b1101110 ,
b1101110 =
b1101110 ]
b1101110 q
b111100010000001 F
b1010000000 ;
b1010000000 B
b101001110101 u
b100110001100 t
b1000001101 s
b1101110 r
b10011 ?
b10011110101 >
b101010101001 A
b101010101001 L
b11101101011 @
b1110011010 O
b1000010011011 N
b10010110111 P
b10111110010 :
b10111110010 K
b10111110010 M
b110001100110000000000000000 E
b100111111101001111111 J
b1111100 j
b1010111101101 X
b1011101110 W
b1110111101110 Y
b1010000000 $
b1010000000 (
b1010000000 1
b1010000000 V
1#
#6410000
0#
#6415000
b11011001111 6
b11011001111 R
b100111000 p
b100110001110 3
b100110001110 [
b10011101 .
b10011101 9
b10011101 l
b100111000 "
b100111000 )
b100111000 -
b100111000 8
b100111000 n
b11111100101110011 C
b11001110100 D
b110110011110 T
b10011101 7
b10011101 S
b100111000 5
b100111000 Q
b1001100011100 ^
b11000011011 4
b11000011011 \
b100011001 2
b100011001 Z
b111110110000000 F
b10010110111 o
b1110011010 ,
b1110011010 =
b1110011010 ]
b1110011010 q
b1010000001 ;
b1010000001 B
b1111101 j
b110011101000000000000000000 E
b101000000001010000000 J
b11000110011 :
b11000110011 K
b11000110011 M
b10011110101 ?
b101110111 >
b10011101 O
b110110011110 N
b100111000 P
b11101101011 A
b11101101011 L
b1101110 @
b100110001100 u
b1000001101 t
b10010110111 s
b1110011010 r
b1100100011010 X
b11000011011 W
b100011001 Y
b1010000001 $
b1010000001 (
b1010000001 1
b1010000001 V
1#
#6420000
0#
#6425000
b1101110001 6
b1101110001 R
b11011111011 p
b100000010000 3
b100000010000 [
b11011100010 .
b11011100010 9
b11011100010 l
b11011111011 "
b11011111011 )
b11011111011 -
b11011111011 8
b11011111011 n
b1001111100011 T
b11011100010 7
b11011100010 S
b11011111011 5
b11011111011 Q
b11111100110110100 C
b11010110101 D
b1000000100000 ^
b1100011111 4
b1100011111 \
b101100011100 2
b101100011100 Z
b100111000 o
b10011101 ,
b10011101 =
b10011101 ]
b10011101 q
b1000001001111111 F
b1010000010 ;
b1010000010 B
b1000001101 u
b10010110111 t
b100111000 s
b10011101 r
b101110111 ?
b100110001110 >
b1101110 A
b1101110 L
b1110011010 @
b1100111100001 O
b11011100010 N
b1100111111010 P
b11001110100 :
b11001110100 K
b11001110100 M
b110101101010000000000000000 E
b101000000101010000001 J
b1111110 j
b1011000011110 X
b1100011111 W
b1111000011011 Y
b1010000010 $
b1010000010 (
b1010000010 1
b1010000010 V
1#
#6430000
0#
#6435000
b101110101000 6
b101110101000 R
b100111100110 p
b101100110011 3
b101100110011 [
b101001001111 .
b101001001111 9
b101001001111 l
b100111100110 "
b100111100110 )
b100111100110 -
b100111100110 8
b100111100110 n
b11111100111110101 C
b11011110110 D
b1011101010000 T
b101001001111 7
b101001001111 S
b100111100110 5
b100111100110 Q
b1011001100110 ^
b100101100101 4
b100101100101 \
b10001011111 2
b10001011111 Z
b1000011101111110 F
b11011111011 o
b11011100010 ,
b11011100010 =
b11011100010 ]
b11011100010 q
b1010000011 ;
b1010000011 B
b1111111 j
b110111101100000000000000000 E
b101000001001010000010 J
b11010110101 :
b11010110101 K
b11010110101 M
b100110001110 ?
b100000010000 >
b1110101001110 O
b101001001111 N
b1110011100101 P
b1110011010 A
b1110011010 L
b10011101 @
b10010110111 u
b100111000 t
b11011111011 s
b11011100010 r
b1110001100100 X
b100101100101 W
b10001011111 Y
b1010000011 $
b1010000011 (
b1010000011 1
b1010000011 V
1#
#6440000
0#
#6445000
b101001001010 6
b101001001010 R
b11010101000 p
b110011101010 3
b110011101010 [
b11110010011 .
b11110010011 9
b11110010011 l
b11010101000 "
b11010101000 )
b11010101000 -
b11010101000 8
b11010101000 n
b1010010010100 T
b11110010011 7
b11110010011 S
b11010101000 5
b11010101000 Q
b11111101000110110 C
b11100110111 D
b11001110000 *
b11001110000 <
b11001110000 G
b11001110000 `
b100000 +
b100000 a
b1100111010100 ^
b110011010011 4
b110011010011 \
b11111001011 2
b11111001011 Z
b100111100110 o
b101001001111 ,
b101001001111 =
b101001001111 ]
b101001001111 q
b1000110001111101 F
b0 h
b100000 e
b1010000100 ;
b1010000100 B
b100111000 u
b11011111011 t
b100111100110 s
b101001001111 r
b100000010000 ?
b101100110011 >
b10011101 A
b10011101 L
b11011100010 @
b1101010010010 O
b11110010011 N
b1100110100111 P
b11011110110 :
b11011110110 K
b11011110110 M
b111001101110000000000000000 E
b101000001101010000011 J
b110 /
b110 g
b0 j
b1111111010010 X
b110011010011 W
b11111001011 Y
b1010000100 $
b1010000100 (
b1010000100 1
b1010000100 V
1#
#6450000
0#
#6455000
b10001100 6
b10001100 R
b110010101100 p
b10100001100 3
b10100001100 [
b100011000 .
b100011000 9
b100011000 l
b110010101100 "
b110010101100 )
b110010101100 -
b110010101100 8
b110010101100 n
b111000011001 T
b100011000 7
b100011000 S
b110010101100 5
b110010101100 Q
b1011100011001 ^
b101000011000 4
b101000011000 \
b10100001110 2
b10100001110 Z
b1000111001000000 F
b11111101001001001 C
b11101001010 D
b11010101000 o
b11110010011 ,
b11110010011 =
b11110010011 ]
b11110010011 q
b1010000101 ;
b1010000101 B
b1 j
b111010010100000000000000000 E
b100000011000111000000 J
b11100110111 :
b11100110111 K
b11100110111 M
b101100110011 ?
b110011101010 >
b100011000 O
b111000011001 N
b1111110101011 P
b11011100010 A
b11011100010 L
b101001001111 @
b11011111011 u
b100111100110 t
b11010101000 s
b11110010011 r
b1110100010111 X
b101000011000 W
b10100001110 Y
b1010000101 $
b1010000101 (
b1010000101 1
b1010000101 V
1#
#6460000
0#
#6465000
b1001001100 6
b1001001100 R
b1100000101 p
b111001111 3
b111001111 [
b10010011000 .
b10010011000 9
b10010011000 l
b1100000101 "
b1100000101 )
b1100000101 -
b1100000101 8
b1100000101 n
b1000110011001 T
b10010011000 7
b10010011000 S
b1100000101 5
b1100000101 Q
b11111010111100101 C
b1011100110 D
b1000010011111 ^
b1110011110 4
b1110011110 \
b101110010011 2
b101110010011 Z
b110010101100 o
b100011000 ,
b100011000 =
b100011000 ]
b100011000 q
b11011111010000 F
b1010000110 ;
b1010000110 B
b100111100110 u
b11010101000 t
b110010101100 s
b100011000 r
b110011101010 ?
b10100001100 >
b101001001111 A
b101001001111 L
b11110010011 @
b10010011000 O
b1000110011001 N
b1100000101 P
b11101001010 :
b11101001010 K
b11101001010 M
b10111001100000000000000000 E
b100000011100000110000 J
b10 j
b1011010011101 X
b1110011110 W
b1111010010010 Y
b1010000110 $
b1010000110 (
b1010000110 1
b1010000110 V
1#
#6470000
0#
#6475000
b101110111101 6
b101110111101 R
b10010101101 p
b101000010000 3
b101000010000 [
b101001111001 .
b101001111001 9
b101001111001 l
b10010101101 "
b10010101101 )
b10010101101 -
b10010101101 8
b10010101101 n
b11111111010000010 C
b101110000011 D
b1011101111010 T
b101001111001 7
b101001111001 S
b10010101101 5
b10010101101 Q
b1010000100000 ^
b11100011111 4
b11100011111 \
b1000010001 2
b1000010001 Z
b1110000101100000 F
b1100000101 o
b10010011000 ,
b10010011000 =
b10010011000 ]
b10010011000 q
b1010000111 ;
b1010000111 B
b11 j
b1011100000110000000000000000 E
b100000011111010100000 J
b1011100110 :
b1011100110 K
b1011100110 M
b10100001100 ?
b111001111 >
b1110101111000 O
b101001111001 N
b10010101101 P
b11110010011 A
b11110010011 L
b100011000 @
b11010101000 u
b110010101100 t
b1100000101 s
b10010011000 r
b1101000011110 X
b11100011111 W
b1000010001 Y
b1010000111 $
b1010000111 (
b1010000111 1
b1010000111 V
1#
#6480000
0#
#6485000
b110011001110 6
b110011001110 R
b1010010110 p
b0 3
b0 [
b110010011011 .
b110010011011 9
b110010011011 l
b1010010110 "
b1010010110 )
b1010010110 -
b1010010110 8
b1010010110 n
b1100110011100 T
b110010011011 7
b110010011011 S
b1010010110 5
b1010010110 Q
b11111101000011110 C
b11100011111 D
b11000100100 *
b11000100100 <
b11000100100 G
b11000100100 `
b100001 +
b100001 a
b110100000001 ^
b0 4
b0 \
b11111110001 2
b11111110001 Z
b10010101101 o
b101001111001 ,
b101001111001 =
b101001111001 ]
b101001111001 q
b1000101011110000 F
b1 h
b1010001000 ;
b1010001000 B
b110010101100 u
b1100000101 t
b10010101101 s
b101001111001 r
b111001111 ?
b101000010000 >
b100011000 A
b100011000 L
b10010011000 @
b1111110011010 O
b110010011011 N
b1010110010101 P
b101110000011 :
b101110000011 K
b101110000011 M
b111000111110000000000000000 E
b100000100010100010000 J
b100 j
b0 X
b110100000001 W
b11111110001 Y
b1010001000 $
b1010001000 (
b1010001000 1
b1010001000 V
1#
#6490000
0#
#6495000
b110001011100 6
b110001011100 R
b101001111010 p
b11110010010 3
b11110010010 [
b101110110111 .
b101110110111 9
b101110110111 l
b101001111010 "
b101001111010 )
b101001111010 -
b101001111010 8
b101001111010 n
b1100010111000 T
b101110110111 7
b101110110111 S
b101001111010 5
b101001111010 Q
b111100100100 ^
b1000100011 4
b1000100011 \
b101000010010 2
b101000010010 Z
b1010011100000 F
b11111010000011110 C
b100011111 D
b1010010110 o
b110010011011 ,
b110010011011 =
b110010011011 ]
b110010011011 q
b1010001001 ;
b1010001001 B
b101 j
b1000111110000000000000000 E
b11111000101100100000 J
b11100011111 :
b11100011111 K
b11100011111 M
b101000010000 ?
b0 >
b1111010110110 O
b101110110111 N
b1110101111001 P
b10010011000 A
b10010011000 L
b101001111001 @
b1100000101 u
b10010101101 t
b1010010110 s
b110010011011 r
b1000100011 X
b111100100100 W
b101000010010 Y
b1010001001 $
b1010001001 (
b1010001001 1
b1010001001 V
1#
#6500000
0#
#6505000
b10111001100 6
b10111001100 R
b100101011010 p
b10100000 3
b10100000 [
b101110011000 .
b101110011000 9
b101110011000 l
b100101011010 "
b100101011010 )
b100101011010 -
b100101011010 8
b100101011010 n
b1100010011001 T
b101110011000 7
b101110011000 S
b100101011010 5
b100101011010 Q
b11111111010010011 C
b101110010100 D
b111001000001 ^
b101000000 4
b101000000 \
b100100101101 2
b100100101101 Z
b101001111010 o
b101110110111 ,
b101110110111 =
b101110110111 ]
b101110110111 q
b1110001010111100 F
b1010001010 ;
b1010001010 B
b10010101101 u
b1010010110 t
b101001111010 s
b101110110111 r
b0 ?
b11110010010 >
b101001111001 A
b101001111001 L
b110010011011 @
b1111010010111 O
b101110011000 N
b100101011010 P
b100011111 :
b100011111 K
b100011111 M
b1011100101000000000000000000 E
b11111001000101000100 J
b110 j
b101000000 X
b111001000001 W
b100100101101 Y
b1010001010 $
b1010001010 (
b1010001010 1
b1010001010 V
1#
#6510000
0#
#6515000
b10110010111 6
b10110010111 R
b100000111 p
b10010001 3
b10010001 [
b101100101110 .
b101100101110 9
b101100101110 l
b100000111 "
b100000111 )
b100000111 -
b100000111 8
b100000111 n
b11111110000000111 C
b100100001000 D
b1100000101111 T
b101100101110 7
b101100101110 S
b100000111 5
b100000111 Q
b111000100011 ^
b100100010 4
b100100010 \
b100100001101 2
b100100001101 Z
b1011000010011000 F
b100101011010 o
b101110011000 ,
b101110011000 =
b101110011000 ]
b101110011000 q
b1010001011 ;
b1010001011 B
b111 j
b1001000010000000000000000000 E
b11111001011101101000 J
b101110010100 :
b101110010100 K
b101110010100 M
b11110010010 ?
b10100000 >
b101100101110 O
b1100000101111 N
b100000111 P
b110010011011 A
b110010011011 L
b101110110111 @
b1010010110 u
b101001111010 t
b100101011010 s
b101110011000 r
b100100010 X
b111000100011 W
b100100001101 Y
b1010001011 $
b1010001011 (
b1010001011 1
b1010001011 V
1#
#6520000
0#
#6525000
b1111011111 6
b1111011111 R
b1010101111 p
b11011011101 3
b11011011101 [
b11110111110 .
b11110111110 9
b11110111110 l
b1010101111 "
b1010101111 )
b1010101111 -
b1010101111 8
b1010101111 n
b1010010111111 T
b11110111110 7
b11110111110 S
b1010101111 5
b1010101111 Q
b11111100101111011 C
b11001111100 D
b10111000110 *
b10111000110 <
b10111000110 G
b10111000110 `
b100010 +
b100010 a
b110110111010 ^
b10111001 4
b10111001 \
b100010100010 2
b100010100010 Z
b100000111 o
b101100101110 ,
b101100101110 =
b101100101110 ]
b101100101110 q
b111111001110100 F
b10 h
b1010001100 ;
b1010001100 B
b101001111010 u
b100101011010 t
b100000111 s
b101100101110 r
b10100000 ?
b10010001 >
b101110110111 A
b101110110111 L
b101110011000 @
b11110111110 O
b1010010111111 N
b1010101111 P
b100100001000 :
b100100001000 K
b100100001000 M
b110011111000000000000000000 E
b11111001110110001100 J
b1000 j
b10111001 X
b110110111010 W
b100010100010 Y
b1010001100 $
b1010001100 (
b1010001100 1
b1010001100 V
1#
#6530000
0#
#6535000
b100100001010 6
b100100001010 R
b10100011100 p
b101110100110 3
b101110100110 [
b10100010011 .
b10100010011 9
b10100010011 l
b10100011100 "
b10100011100 )
b10100011100 -
b10100011100 8
b10100011100 n
b1001000010100 T
b10100010011 7
b10100010011 S
b10100011100 5
b10100011100 Q
b1011101001100 ^
b101001001011 4
b101001001011 \
b10100110001 2
b10100110001 Z
b1111001110111000 F
b11111111101101111 C
b110001110000 D
b1010101111 o
b11110111110 ,
b11110111110 =
b11110111110 ]
b11110111110 q
b1010001101 ;
b1010001101 B
b1001 j
b1100011100000000000000000000 E
b11101011010001001000 J
b11001111100 :
b11001111100 K
b11001111100 M
b10010001 ?
b11011011101 >
b10100010011 O
b1001000010100 N
b10100011100 P
b101110011000 A
b101110011000 L
b101100101110 @
b100101011010 u
b100000111 t
b1010101111 s
b11110111110 r
b1110101001010 X
b101001001011 W
b10100110001 Y
b1010001101 $
b1010001101 (
b1010001101 1
b1010001101 V
1#
#6540000
0#
#6545000
b101111001111 6
b101111001111 R
b101110111111 p
b101001010001 3
b101001010001 [
b101010011101 .
b101010011101 9
b101010011101 l
b101110111111 "
b101110111111 )
b101110111111 -
b101110111111 8
b101110111111 n
b1011110011110 T
b101010011101 7
b101010011101 S
b101110111111 5
b101110111111 Q
b11111111111011010 C
b110011011011 D
b1010010100010 ^
b11110100001 4
b11110100001 \
b1010000101 2
b1010000101 Z
b10100011100 o
b10100010011 ,
b10100010011 =
b10100010011 ]
b10100010011 q
b1111101111110010 F
b1010001110 ;
b1010001110 B
b100000111 u
b1010101111 t
b10100011100 s
b10100010011 r
b11011011101 ?
b101110100110 >
b101100101110 A
b101100101110 L
b11110111110 @
b101010011101 O
b1011110011110 N
b1111010111110 P
b110001110000 :
b110001110000 K
b110001110000 M
b1100110110110000000000000000 E
b11101011101000001110 J
b1010 j
b1101010100000 X
b11110100001 W
b1010000101 Y
b1010001110 $
b1010001110 (
b1010001110 1
b1010001110 V
1#
#6550000
0#
#6555000
b1111001100 6
b1111001100 R
b11111100100 p
b11010010110 3
b11010010110 [
b11110011000 .
b11110011000 9
b11110011000 l
b11111100100 "
b11111100100 )
b11111100100 -
b11111100100 8
b11111100100 n
b11111001101000100 C
b1000101 D
b1010010011001 T
b11110011000 7
b11110011000 S
b11111100100 5
b11111100100 Q
b110100101100 ^
b101011 4
b101011 \
b100000001110 2
b100000001110 Z
b10000101100 F
b101110111111 o
b101010011101 ,
b101010011101 =
b101010011101 ]
b101010011101 q
b1010001111 ;
b1010001111 B
b1011 j
b10001010000000000000000 E
b11101011111111010100 J
b110011011011 :
b110011011011 K
b110011011011 M
b101110100110 ?
b101001010001 >
b11110011000 O
b1010010011001 N
b1101011100011 P
b11110111110 A
b11110111110 L
b10100010011 @
b1010101111 u
b10100011100 t
b101110111111 s
b101010011101 r
b101011 X
b110100101100 W
b100000001110 Y
b1010001111 $
b1010001111 (
b1010001111 1
b1010001111 V
1#
#6560000
0#
#6565000
b1010101100 6
b1010101100 R
b10011001110 p
b10100010100 3
b10100010100 [
b10101011000 .
b10101011000 9
b10101011000 l
b10011001110 "
b10011001110 )
b10011001110 -
b10011001110 8
b10011001110 n
b1001001011001 T
b10101011000 7
b10101011000 S
b10011001110 5
b10011001110 Q
b11111001110101111 C
b10110000 D
b10111101001 *
b10111101001 <
b10111101001 G
b10111101001 `
b100011 +
b100011 a
b1011100101001 ^
b101000101000 4
b101000101000 \
b10100001000 2
b10100001000 Z
b11111100100 o
b11110011000 ,
b11110011000 =
b11110011000 ]
b11110011000 q
b110001100110 F
b11 h
b1010010000 ;
b1010010000 B
b10100011100 u
b101110111111 t
b11111100100 s
b11110011000 r
b101001010001 ?
b11010010110 >
b10100010011 A
b10100010011 L
b101010011101 @
b1100001010111 O
b10101011000 N
b10011001110 P
b1000101 :
b1000101 K
b1000101 M
b101100000000000000000000 E
b11101100010110011010 J
b1100 j
b1110100100111 X
b101000101000 W
b10100001000 Y
b1010010000 $
b1010010000 (
b1010010000 1
b1010010000 V
1#
#6570000
0#
#6575000
b110000100111 6
b110000100111 R
b100111101101 p
b101001110101 3
b101001110101 [
b101101001101 .
b101101001101 9
b101101001101 l
b100111101101 "
b100111101101 )
b100111101101 -
b100111101101 8
b100111101101 n
b11111101110111101 C
b100010111110 D
b1100001001110 T
b101101001101 7
b101101001101 S
b100111101101 5
b100111101101 Q
b1010011101010 ^
b11111101001 4
b11111101001 \
b1011000111 2
b1011000111 Z
b1010101011110000 F
b10011001110 o
b10101011000 ,
b10101011000 =
b10101011000 ]
b10101011000 q
b1010010001 ;
b1010010001 B
b1101 j
b1000101111100000000000000000 E
b11110010010100010000 J
b10110000 :
b10110000 K
b10110000 M
b11010010110 ?
b10100010100 >
b1111001001100 O
b101101001101 N
b100111101101 P
b101010011101 A
b101010011101 L
b11110011000 @
b101110111111 u
b11111100100 t
b10011001110 s
b10101011000 r
b1101011101000 X
b11111101001 W
b1011000111 Y
b1010010001 $
b1010010001 (
b1010010001 1
b1010010001 V
1#
#6580000
0#
#6585000
b100000101011 6
b100000101011 R
b101111011011 p
b1101111 3
b1101111 [
b1101010101 .
b1101010101 9
b1101010101 l
b101111011011 "
b101111011011 )
b101111011011 -
b101111011011 8
b101111011011 n
b1000001010110 T
b1101010101 7
b1101010101 S
b101111011011 5
b101111011011 Q
b11111100101000001 C
b11001000010 D
b110111011111 ^
b11011110 4
b11011110 \
b100010111011 2
b100010111011 Z
b100111101101 o
b101101001101 ,
b101101001101 =
b101101001101 ]
b101101001101 q
b111101000000111 F
b1010010010 ;
b1010010010 B
b11111100100 u
b10011001110 t
b100111101101 s
b101101001101 r
b10100010100 ?
b101001110101 >
b11110011000 A
b11110011000 L
b10101011000 @
b1101010101 O
b1000001010110 N
b1111011011010 P
b100010111110 :
b100010111110 K
b100010111110 M
b110010000100000000000000000 E
b11110010101011111001 J
b1110 j
b11011110 X
b110111011111 W
b100010111011 Y
b1010010010 $
b1010010010 (
b1010010010 1
b1010010010 V
1#
#6590000
0#
#6595000
b10111001101 6
b10111001101 R
b110000010111 p
b1011110100 3
b1011110100 [
b101110011010 .
b101110011010 9
b101110011010 l
b110000010111 "
b110000010111 )
b110000010111 -
b110000010111 8
b110000010111 n
b11111011011000101 C
b1111000110 D
b1100010011011 T
b101110011010 7
b101110011010 S
b110000010111 5
b110000010111 Q
b1001011101001 ^
b10111101000 4
b10111101000 \
b11000010 2
b11000010 Z
b100100100011110 F
b101111011011 o
b1101010101 ,
b1101010101 =
b1101010101 ]
b1101010101 q
b1010010011 ;
b1010010011 B
b1111 j
b11110001100000000000000000 E
b11110011000011100010 J
b11001000010 :
b11001000010 K
b11001000010 M
b101001110101 ?
b1101111 >
b1111010011001 O
b101110011010 N
b1111100010110 P
b10101011000 A
b10101011000 L
b101101001101 @
b10011001110 u
b100111101101 t
b101111011011 s
b1101010101 r
b1100011100111 X
b10111101000 W
b11000010 Y
b1010010011 $
b1010010011 (
b1010010011 1
b1010010011 V
1#
#6600000
0#
#6605000
b100001001 6
b100001001 R
b11110000111 p
b11100010111 3
b11100010111 [
b1000010010 .
b1000010010 9
b1000010010 l
b11110000111 "
b11110000111 )
b11110000111 -
b11110000111 8
b11110000111 n
b111100010011 T
b1000010010 7
b1000010010 S
b11110000111 5
b11110000111 Q
b11111010001001001 C
b101001010 D
b10001111010 *
b10001111010 <
b10001111010 G
b10001111010 `
b100100 +
b100100 a
b111000101110 ^
b100101101 4
b100101101 \
b100100000110 2
b100100000110 Z
b110000010111 o
b101110011010 ,
b101110011010 =
b101110011010 ]
b101110011010 q
b1100000110101 F
b100 h
b1010010100 ;
b1010010100 B
b100111101101 u
b101111011011 t
b110000010111 s
b101110011010 r
b1101111 ?
b1011110100 >
b101101001101 A
b101101001101 L
b1101010101 @
b1000010010 O
b111100010011 N
b11110000111 P
b1111000110 :
b1111000110 K
b1111000110 M
b1010010100000000000000000 E
b11110011011011001011 J
b10000 j
b100101101 X
b111000101110 W
b100100000110 Y
b1010010100 $
b1010010100 (
b1010010100 1
b1010010100 V
1#
#6610000
0#
#6615000
b100011010000 6
b100011010000 R
b1000001011 p
b100011010100 3
b100011010100 [
b10010011111 .
b10010011111 9
b10010011111 l
b1000001011 "
b1000001011 )
b1000001011 -
b1000001011 8
b1000001011 n
b1000110100000 T
b10010011111 7
b10010011111 S
b1000001011 5
b1000001011 Q
b1000110101000 ^
b10010100111 4
b10010100111 \
b110001111110 2
b110001111110 Z
b101110101111000 F
b11111011111001010 C
b10011001011 D
b11110000111 o
b1000010010 ,
b1000010010 =
b1000010010 ]
b1000010010 q
b1010010101 ;
b1010010101 B
b10001 j
b100110010110000000000000000 E
b10111000101010001000 J
b101001010 :
b101001010 K
b101001010 M
b1011110100 ?
b11100010111 >
b1011110011110 O
b10010011111 N
b1000001011 P
b1101010101 A
b1101010101 L
b101110011010 @
b101111011011 u
b110000010111 t
b11110000111 s
b1000010010 r
b1011110100110 X
b10010100111 W
b1111101111101 Y
b1010010101 $
b1010010101 (
b1010010101 1
b1010010101 V
1#
#6620000
0#
#6625000
b110110010 6
b110110010 R
b11011001111 p
b101000011011 3
b101000011011 [
b1101100100 .
b1101100100 9
b1101100100 l
b11011001111 "
b11011001111 )
b11011001111 -
b11011001111 8
b11011001111 n
b1000001100101 T
b1101100100 7
b1101100100 S
b11011001111 5
b11011001111 Q
b11111101000011010 C
b11100011011 D
b1010000110110 ^
b11100110101 4
b11100110101 \
b1000001001 2
b1000001001 Z
b1000001011 o
b10010011111 ,
b10010011111 =
b10010011111 ]
b10010011111 q
b1000101011111110 F
b1010010110 ;
b1010010110 B
b110000010111 u
b11110000111 t
b1000001011 s
b10010011111 r
b11100010111 ?
b100011010100 >
b101110011010 A
b101110011010 L
b1000010010 @
b1101100100 O
b1000001100101 N
b11011001111 P
b10011001011 :
b10011001011 K
b10011001011 M
b111000110110000000000000000 E
b10111000111100000010 J
b10010 j
b1101000110100 X
b11100110101 W
b1000001001 Y
b1010010110 $
b1010010110 (
b1010010110 1
b1010010110 V
1#
#6630000
0#
#6635000
b101100010111 6
b101100010111 R
b11111111000 p
b100101111110 3
b100101111110 [
b100100101101 .
b100100101101 9
b100100101101 l
b11111111000 "
b11111111000 )
b11111111000 -
b11111111000 8
b11111111000 n
b11111110001101010 C
b100101101011 D
b1011000101110 T
b100100101101 7
b100100101101 S
b11111111000 5
b11111111000 Q
b1001011111100 ^
b10111111011 4
b10111111011 \
b11001101 2
b11001101 Z
b1011100010000100 F
b11011001111 o
b1101100100 ,
b1101100100 =
b1101100100 ]
b1101100100 q
b1010010111 ;
b1010010111 B
b10011 j
b1001011010110000000000000000 E
b10111001001101111100 J
b11100011011 :
b11100011011 K
b11100011011 M
b100011010100 ?
b101000011011 >
b1110000101100 O
b100100101101 N
b1101011110111 P
b1000010010 A
b1000010010 L
b10010011111 @
b11110000111 u
b1000001011 t
b11011001111 s
b1101100100 r
b1100011111010 X
b10111111011 W
b11001101 Y
b1010010111 $
b1010010111 (
b1010010111 1
b1010010111 V
1#
#6640000
0#
#6645000
b11100000101 6
b11100000101 R
b100000110101 p
b110001100011 3
b110001100011 [
b100001001 .
b100001001 9
b100001001 l
b100000110101 "
b100000110101 )
b100000110101 -
b100000110101 8
b100000110101 n
b111000001010 T
b100001001 7
b100001001 S
b100000110101 5
b100000110101 Q
b11111111010111010 C
b101110111011 D
b11001101000 *
b11001101000 <
b11001101000 G
b11001101000 `
b100101 +
b100101 a
b1100011000110 ^
b101111000101 4
b101111000101 \
b11010010101 2
b11010010101 Z
b11111111000 o
b100100101101 ,
b100100101101 =
b100100101101 ]
b100100101101 q
b1110011000001010 F
b101 h
b1010011000 ;
b1010011000 B
b1000001011 u
b11011001111 t
b11111111000 s
b100100101101 r
b101000011011 ?
b100101111110 >
b10010011111 A
b10010011111 L
b1101100100 @
b100001001 O
b111000001010 N
b1101100110100 P
b100101101011 :
b100101101011 K
b100101101011 M
b1011101110110000000000000000 E
b10111001011111110110 J
b10100 j
b1111011000100 X
b101111000101 W
b11010010101 Y
b1010011000 $
b1010011000 (
b1010011000 1
b1010011000 V
1#
#6650000
0#
#6655000
b100001111 6
b100001111 R
b10010101010 p
b111010001 3
b111010001 [
b1000011110 .
b1000011110 9
b1000011110 l
b10010101010 "
b10010101010 )
b10010101010 -
b10010101010 8
b10010101010 n
b111100011111 T
b1000011110 7
b1000011110 S
b10010101010 5
b10010101010 Q
b1000010100011 ^
b1110100010 4
b1110100010 \
b101101110001 2
b101101110001 Z
b10001001000000 F
b11111010011001101 C
b111001110 D
b100000110101 o
b100001001 ,
b100001001 =
b100001001 ]
b100001001 q
b1010011001 ;
b1010011001 B
b10101 j
b1110011100000000000000000 E
b100001001110111000000 J
b101110111011 :
b101110111011 K
b101110111011 M
b100101111110 ?
b110001100011 >
b1000011110 O
b111100011111 N
b1011110101001 P
b1101100100 A
b1101100100 L
b100100101101 @
b11011001111 u
b11111111000 t
b100000110101 s
b100001001 r
b1011010100001 X
b1110100010 W
b1111001110000 Y
b1010011001 $
b1010011001 (
b1010011001 1
b1010011001 V
1#
#6660000
0#
#6665000
b101111111110 6
b101111111110 R
b11101011111 p
b1001011100 3
b1001011100 [
b101011111011 .
b101011111011 9
b101011111011 l
b11101011111 "
b11101011111 )
b11101011111 -
b11101011111 8
b11101011111 n
b1011111111100 T
b101011111011 7
b101011111011 S
b11101011111 5
b11101011111 Q
b11111100000100010 C
b10100100011 D
b1000110111001 ^
b10010111000 4
b10010111000 \
b110010000101 2
b110010000101 Z
b10010101010 o
b1000011110 ,
b1000011110 =
b1000011110 ]
b1000011110 q
b110001111011000 F
b1010011010 ;
b1010011010 B
b11111111000 u
b100000110101 t
b10010101010 s
b1000011110 r
b110001100011 ?
b111010001 >
b100100101101 A
b100100101101 L
b100001001 @
b1110111111010 O
b101011111011 N
b11101011111 P
b111001110 :
b111001110 K
b111001110 M
b101001000110000000000000000 E
b100001010010000101000 J
b10110 j
b1011110110111 X
b10010111000 W
b1111110000100 Y
b1010011010 $
b1010011010 (
b1010011010 1
b1010011010 V
1#
#6670000
0#
#6675000
b1100010110 6
b1100010110 R
b100011100111 p
b11011001011 3
b11011001011 [
b11000101100 .
b11000101100 9
b11000101100 l
b100011100111 "
b100011100111 )
b100011100111 -
b100011100111 8
b100011100111 n
b11111101101110111 C
b100001111000 D
b1001100101101 T
b11000101100 7
b11000101100 S
b100011100111 5
b100011100111 Q
b110110010110 ^
b10010101 4
b10010101 \
b100001100000 2
b100001100000 Z
b1010010101110000 F
b11101011111 o
b101011111011 ,
b101011111011 =
b101011111011 ]
b101011111011 q
b1010011011 ;
b1010011011 B
b10111 j
b1000011110000000000000000000 E
b100001010101010010000 J
b10100100011 :
b10100100011 K
b10100100011 M
b111010001 ?
b1001011100 >
b1100100101011 O
b11000101100 N
b1101111100110 P
b100001001 A
b100001001 L
b1000011110 @
b100000110101 u
b10010101010 t
b11101011111 s
b101011111011 r
b10010101 X
b110110010110 W
b100001100000 Y
b1010011011 $
b1010011011 (
b1010011011 1
b1010011011 V
1#
#6680000
0#
#6685000
b10101001011 6
b10101001011 R
b11010100111 p
b10001100100 3
b10001100100 [
b101010010110 .
b101010010110 9
b101010010110 l
b11010100111 "
b11010100111 )
b11010100111 -
b11010100111 8
b11010100111 n
b1011110010111 T
b101010010110 7
b101010010110 S
b11010100111 5
b11010100111 Q
b11111111011001100 C
b101111001101 D
b101100100101 *
b101100100101 <
b101100100101 G
b101100100101 `
b100110 +
b100110 a
b1010111001001 ^
b100011001000 4
b100011001000 \
b1110010000 2
b1110010000 Z
b100011100111 o
b11000101100 ,
b11000101100 =
b11000101100 ]
b11000101100 q
b1110011100001000 F
b110 h
b1010011100 ;
b1010011100 B
b10010101010 u
b11101011111 t
b100011100111 s
b11000101100 r
b1001011100 ?
b11011001011 >
b1000011110 A
b1000011110 L
b101011111011 @
b1110110010101 O
b101010010110 N
b1100110100110 P
b100001111000 :
b100001111000 K
b100001111000 M
b1011110011010000000000000000 E
b100001011000011111000 J
b11000 j
b1101111000111 X
b100011001000 W
b1110010000 Y
b1010011100 $
b1010011100 (
b1010011100 1
b1010011100 V
1#
#6690000
0#
#6695000
b101101100100 6
b101101100100 R
b110000101111 p
b11001 3
b11001 [
b100111000111 .
b100111000111 9
b100111000111 l
b110000101111 "
b110000101111 )
b110000101111 -
b110000101111 8
b110000101111 n
b1011011001000 T
b100111000111 7
b100111000111 S
b110000101111 5
b110000101111 Q
b110100110011 ^
b110010 4
b110010 \
b11111111001 2
b11111111001 Z
b11101110100 F
b11111001101111101 C
b1111110 D
b11010100111 o
b101010010110 ,
b101010010110 =
b101010010110 ]
b101010010110 q
b1010011101 ;
b1010011101 B
b11001 j
b11111100000000000000000 E
b111010001010010001100 J
b101111001101 :
b101111001101 K
b101111001101 M
b11011001011 ?
b10001100100 >
b100111000111 O
b1011011001000 N
b1111100101110 P
b101011111011 A
b101011111011 L
b11000101100 @
b11101011111 u
b100011100111 t
b11010100111 s
b101010010110 r
b110010 X
b110100110011 W
b11111111001 Y
b1010011101 $
b1010011101 (
b1010011101 1
b1010011101 V
1#
#6700000
0#
#6705000
b1101010101 6
b1101010101 R
b10110101110 p
b110010110011 3
b110010110011 [
b11010101010 .
b11010101010 9
b11010101010 l
b10110101110 "
b10110101110 )
b10110101110 -
b10110101110 8
b10110101110 n
b1001110101011 T
b11010101010 7
b11010101010 S
b10110101110 5
b10110101110 Q
b11111111001011010 C
b101101011011 D
b1100101100110 ^
b110001100101 4
b110001100101 \
b11100101001 2
b11100101001 Z
b110000101111 o
b100111000111 ,
b100111000111 =
b100111000111 ]
b100111000111 q
b1101110101001111 F
b1010011110 ;
b1010011110 B
b100011100111 u
b11010100111 t
b110000101111 s
b100111000111 r
b10001100100 ?
b11001 >
b11000101100 A
b11000101100 L
b101010010110 @
b1100110101001 O
b11010101010 N
b10110101110 P
b1111110 :
b1111110 K
b1111110 M
b1011010110110000000000000000 E
b111010001111110110001 J
b11010 j
b1111101100100 X
b110001100101 W
b11100101001 Y
b1010011110 $
b1010011110 (
b1010011110 1
b1010011110 V
1#
#6710000
0#
#6715000
b10001111000 6
b10001111000 R
b110000111100 p
b101100100101 3
b101100100101 [
b100011110000 .
b100011110000 9
b100011110000 l
b110000111100 "
b110000111100 )
b110000111100 -
b110000111100 8
b110000111100 n
b11111110000110110 C
b100100110111 D
b1010111110001 T
b100011110000 7
b100011110000 S
b110000111100 5
b110000111100 Q
b1011001001010 ^
b100101001001 4
b100101001001 \
b10000001011 2
b10000001011 Z
b1011001100101010 F
b10110101110 o
b11010101010 ,
b11010101010 =
b11010101010 ]
b11010101010 q
b1010011111 ;
b1010011111 B
b11011 j
b1001001101110000000000000000 E
b111010010101011010110 J
b101101011011 :
b101101011011 K
b101101011011 M
b11001 ?
b110010110011 >
b100011110000 O
b1010111110001 N
b1111100111011 P
b101010010110 A
b101010010110 L
b100111000111 @
b11010100111 u
b110000101111 t
b10110101110 s
b11010101010 r
b1110001001000 X
b100101001001 W
b10000001011 Y
b1010011111 $
b1010011111 (
b1010011111 1
b1010011111 V
1#
#6720000
0#
#6725000
b100101111111 6
b100101111111 R
b10010000 p
b10111001000 3
b10111001000 [
b10111111101 .
b10111111101 9
b10111111101 l
b10010000 "
b10010000 )
b10010000 -
b10010000 8
b10010000 n
b1001011111110 T
b10111111101 7
b10111111101 S
b10010000 5
b10010000 Q
b11111101000010010 C
b11100010011 D
b11001010110 *
b11001010110 <
b11001010110 G
b11001010110 `
b100111 +
b100111 a
b1100010010001 ^
b101110010000 4
b101110010000 \
b11001010000 2
b11001010000 Z
b110000111100 o
b100011110000 ,
b100011110000 =
b100011110000 ]
b100011110000 q
b1000100100000101 F
b111 h
b1010100000 ;
b1010100000 B
b110000101111 u
b10110101110 t
b110000111100 s
b100011110000 r
b110010110011 ?
b101100100101 >
b100111000111 A
b100111000111 L
b11010101010 @
b10111111101 O
b1001011111110 N
b10010000 P
b100100110111 :
b100100110111 K
b100100110111 M
b111000100110000000000000000 E
b111010011010111111011 J
b11100 j
b1111010001111 X
b101110010000 W
b11001010000 Y
b1010100000 $
b1010100000 (
b1010100000 1
b1010100000 V
1#
#6730000
0#
#6735000
b1011110 6
b1011110 R
b110010011000 p
b10001001111 3
b10001001111 [
b10111100 .
b10111100 9
b10111100 l
b110010011000 "
b110010011000 )
b110010011000 -
b110010011000 8
b110010011000 n
b110110111101 T
b10111100 7
b10111100 S
b110010011000 5
b110010011000 Q
b1010110011111 ^
b100010011110 4
b100010011110 \
b1101011100 2
b1101011100 Z
b1111001000000 F
b11111010010011001 C
b110011010 D
b10010000 o
b10111111101 ,
b10111111101 =
b10111111101 ]
b10111111101 q
b1010100001 ;
b1010100001 B
b11101 j
b1100110100000000000000000 E
b100001010000111000000 J
b11100010011 :
b11100010011 K
b11100010011 M
b101100100101 ?
b10111001000 >
b10111100 O
b110110111101 N
b1111110010111 P
b11010101010 A
b11010101010 L
b100011110000 @
b10110101110 u
b110000111100 t
b10010000 s
b10111111101 r
b1101110011101 X
b100010011110 W
b1101011100 Y
b1010100001 $
b1010100001 (
b1010100001 1
b1010100001 V
1#
#6740000
0#
#6745000
b10101000101 6
b10101000101 R
b11101010110 p
b110101111 3
b110101111 [
b101010001010 .
b101010001010 9
b101010001010 l
b11101010110 "
b11101010110 )
b11101010110 -
b11101010110 8
b11101010110 n
b1011110001011 T
b101010001010 7
b101010001010 S
b11101010110 5
b11101010110 Q
b11111100100001101 C
b11000001110 D
b1000001011111 ^
b1101011110 4
b1101011110 \
b101100011011 2
b101100011011 Z
b110010011000 o
b10111100 ,
b10111100 =
b10111100 ]
b10111100 q
b111010111101010 F
b1010100010 ;
b1010100010 B
b110000111100 u
b10010000 t
b110010011000 s
b10111100 r
b10111001000 ?
b10001001111 >
b100011110000 A
b100011110000 L
b10111111101 @
b1110110001001 O
b101010001010 N
b11101010110 P
b110011010 :
b110011010 K
b110011010 M
b110000011100000000000000000 E
b100001010100000010110 J
b11110 j
b1011001011101 X
b1101011110 W
b1111000011010 Y
b1010100010 $
b1010100010 (
b1010100010 1
b1010100010 V
1#
#6750000
0#
#6755000
b110010000110 6
b110010000110 R
b110011110000 p
b10110 3
b10110 [
b110000001011 .
b110000001011 9
b110000001011 l
b110011110000 "
b110011110000 )
b110011110000 -
b110011110000 8
b110011110000 n
b11111110110000001 C
b101010000010 D
b1100100001100 T
b110000001011 7
b110000001011 S
b110011110000 5
b110011110000 Q
b110100101101 ^
b101100 4
b101100 \
b11111100111 2
b11111100111 Z
b1100110110010100 F
b11101010110 o
b101010001010 ,
b101010001010 =
b101010001010 ]
b101010001010 q
b1010100011 ;
b1010100011 B
b11111 j
b1010100000100000000000000000 E
b100001010111001101100 J
b11000001110 :
b11000001110 K
b11000001110 M
b10001001111 ?
b110101111 >
b1111100001010 O
b110000001011 N
b1111111101111 P
b10111111101 A
b10111111101 L
b10111100 @
b10010000 u
b110010011000 t
b11101010110 s
b101010001010 r
b101100 X
b110100101101 W
b11111100111 Y
b1010100011 $
b1010100011 (
b1010100011 1
b1010100011 V
1#
#6760000
0#
#6765000
b10110011111 6
b10110011111 R
b1100111011 p
b11010111 3
b11010111 [
b101100111110 .
b101100111110 9
b101100111110 l
b1100111011 "
b1100111011 )
b1100111011 -
b1100111011 8
b1100111011 n
b1100000111111 T
b101100111110 7
b101100111110 S
b1100111011 5
b1100111011 Q
b11111010011110100 C
b111110101 D
b101011110111 *
b101011110111 <
b101011110111 G
b101011110111 `
b101000 +
b101000 a
b111010101111 ^
b110101110 4
b110101110 \
b100101100111 2
b100101100111 Z
b110011110000 o
b110000001011 ,
b110000001011 =
b110000001011 ]
b110000001011 q
b10010100111110 F
b1000 h
b1010100100 ;
b1010100100 B
b110010011000 u
b11101010110 t
b110011110000 s
b110000001011 r
b110101111 ?
b10110 >
b10111100 A
b10111100 L
b101010001010 @
b1111000111101 O
b101100111110 N
b1011000111010 P
b101010000010 :
b101010000010 K
b101010000010 M
b1111101010000000000000000 E
b100001011010011000010 J
b100000 j
b110101110 X
b111010101111 W
b100101100111 Y
b1010100100 $
b1010100100 (
b1010100100 1
b1010100100 V
1#
#6770000
0#
#6775000
b110011000000 6
b110011000000 R
b100010010101 p
b1110001 3
b1110001 [
b110001111111 .
b110001111111 9
b110001111111 l
b100010010101 "
b100010010101 )
b100010010101 -
b100010010101 8
b100010010101 n
b1100110000000 T
b110001111111 7
b110001111111 S
b100010010101 5
b100010010101 Q
b110111100011 ^
b11100010 4
b11100010 \
b100010011001 2
b100010011001 Z
b1011111000100 F
b11111010001010001 C
b101010010 D
b1100111011 o
b101100111110 ,
b101100111110 =
b101100111110 ]
b101100111110 q
b1010100101 ;
b1010100101 B
b100001 j
b1010100100000000000000000 E
b111001111010000111100 J
b111110101 :
b111110101 K
b111110101 M
b10110 ?
b11010111 >
b1111101111110 O
b110001111111 N
b100010010101 P
b101010001010 A
b101010001010 L
b110000001011 @
b11101010110 u
b110011110000 t
b1100111011 s
b101100111110 r
b11100010 X
b110111100011 W
b100010011001 Y
b1010100101 $
b1010100101 (
b1010100101 1
b1010100101 V
1#
#6780000
0#
#6785000
b101110 6
b101110 R
b101010111001 p
b100010010 3
b100010010 [
b1011100 .
b1011100 9
b1011100 l
b101010111001 "
b101010111001 )
b101010111001 -
b101010111001 8
b101010111001 n
b110101011101 T
b1011100 7
b1011100 S
b101010111001 5
b101010111001 Q
b11111101011010010 C
b11111010011 D
b111100100101 ^
b1000100100 4
b1000100100 \
b100111011001 2
b100111011001 Z
b100010010101 o
b110001111111 ,
b110001111111 =
b110001111111 ]
b110001111111 q
b1001011111001101 F
b1010100110 ;
b1010100110 B
b110011110000 u
b1100111011 t
b100010010101 s
b110001111111 r
b11010111 ?
b1110001 >
b110000001011 A
b110000001011 L
b101100111110 @
b1011100 O
b110101011101 N
b101010111001 P
b101010010 :
b101010010 K
b101010010 M
b111110100110000000000000000 E
b111001111111100110011 J
b100010 j
b1000100100 X
b111100100101 W
b100111011001 Y
b1010100110 $
b1010100110 (
b1010100110 1
b1010100110 V
1#
#6790000
0#
#6795000
b1100001000 6
b1100001000 R
b1101101011 p
b100000000010 3
b100000000010 [
b11000010000 .
b11000010000 9
b11000010000 l
b1101101011 "
b1101101011 )
b1101101011 -
b1101101011 8
b1101101011 n
b11111010001010010 C
b101010011 D
b1001100010001 T
b11000010000 7
b11000010000 S
b1101101011 5
b1101101011 Q
b1000000000100 ^
b1100000011 4
b1100000011 \
b101010110110 2
b101010110110 Z
b1011111010110 F
b101010111001 o
b1011100 ,
b1011100 =
b1011100 ]
b1011100 q
b1010100111 ;
b1010100111 B
b100011 j
b1010100110000000000000000 E
b111010000101000101010 J
b11111010011 :
b11111010011 K
b11111010011 M
b1110001 ?
b100010010 >
b11000010000 O
b1001100010001 N
b1101101011 P
b101100111110 A
b101100111110 L
b110001111111 @
b1100111011 u
b100010010101 t
b101010111001 s
b1011100 r
b1011000000010 X
b1100000011 W
b1110110110101 Y
b1010100111 $
b1010100111 (
b1010100111 1
b1010100111 V
1#
#6800000
0#
#6805000
b11011101001 6
b11011101001 R
b101100101100 p
b10001011100 3
b10001011100 [
b11010001 .
b11010001 9
b11010001 l
b101100101100 "
b101100101100 )
b101100101100 -
b101100101100 8
b101100101100 n
b110111010010 T
b11010001 7
b11010001 S
b101100101100 5
b101100101100 Q
b11111101011010011 C
b11111010100 D
b100100101111 *
b100100101111 <
b100100101111 G
b100100101111 `
b101001 +
b101001 a
b1010110111001 ^
b100010111000 4
b100010111000 \
b1101101000 2
b1101101000 Z
b1101101011 o
b11000010000 ,
b11000010000 =
b11000010000 ]
b11000010000 q
b1001011111011111 F
b1001 h
b1010101000 ;
b1010101000 B
b100010010101 u
b101010111001 t
b1101101011 s
b11000010000 r
b100010010 ?
b100000000010 >
b110001111111 A
b110001111111 L
b1011100 @
b11010001 O
b110111010010 N
b101100101100 P
b101010011 :
b101010011 K
b101010011 M
b111110101000000000000000000 E
b111010001010100100001 J
b100100 j
b1101110110111 X
b100010111000 W
b1101101000 Y
b1010101000 $
b1010101000 (
b1010101000 1
b1010101000 V
1#
#6810000
0#
#6815000
b10000011000 6
b10000011000 R
b10110001001 p
b110111101 3
b110111101 [
b100000110000 .
b100000110000 9
b100000110000 l
b10110001001 "
b10110001001 )
b10110001001 -
b10110001001 8
b10110001001 n
b1010100110001 T
b100000110000 7
b100000110000 S
b10110001001 5
b10110001001 Q
b1000001111011 ^
b1101111010 4
b1101111010 \
b101100101001 2
b101100101001 Z
b1001001100101000 F
b11111101010010001 C
b11110010010 D
b101100101100 o
b11010001 ,
b11010001 =
b11010001 ]
b11010001 q
b1010101001 ;
b1010101001 B
b100101 j
b111100100100000000000000000 E
b110000110010011011000 J
b11111010100 :
b11111010100 K
b11111010100 M
b100000000010 ?
b10001011100 >
b1101100101111 O
b100000110000 N
b1100010001000 P
b1011100 A
b1011100 L
b11000010000 @
b101010111001 u
b1101101011 t
b101100101100 s
b11010001 r
b1011001111001 X
b1101111010 W
b1111000101000 Y
b1010101001 $
b1010101001 (
b1010101001 1
b1010101001 V
1#
#6820000
0#
#6825000
b11011010001 6
b11011010001 R
b101101111111 p
b10101101101 3
b10101101101 [
b10100001 .
b10100001 9
b10100001 l
b101101111111 "
b101101111111 )
b101101111111 -
b101101111111 8
b101101111111 n
b110110100010 T
b10100001 7
b10100001 S
b101101111111 5
b101101111111 Q
b11111111100100001 C
b110000100010 D
b1011111011011 ^
b101011011010 4
b101011011010 \
b10110000110 2
b10110000110 Z
b10110001001 o
b100000110000 ,
b100000110000 =
b100000110000 ]
b100000110000 q
b1110110011111001 F
b1010101010 ;
b1010101010 B
b1101101011 u
b101100101100 t
b10110001001 s
b100000110000 r
b10001011100 ?
b110111101 >
b11000010000 A
b11000010000 L
b11010001 @
b10100001 O
b110110100010 N
b1111001111110 P
b11110010010 :
b11110010010 K
b11110010010 M
b1100001000100000000000000000 E
b110000110111000000111 J
b100110 j
b1110111011001 X
b101011011010 W
b10110000110 Y
b1010101010 $
b1010101010 (
b1010101010 1
b1010101010 V
1#
#6830000
0#
#6835000
b110011111010 6
b110011111010 R
b110110000 p
b110100110 3
b110100110 [
b110011110011 .
b110011110011 9
b110011110011 l
b110110000 "
b110110000 )
b110110000 -
b110110000 8
b110110000 n
b11111011010110000 C
b1110110001 D
b1100111110100 T
b110011110011 7
b110011110011 S
b110110000 5
b110110000 Q
b1000001001101 ^
b1101001100 4
b1101001100 \
b101011110111 2
b101011110111 Z
b100011011001010 F
b101101111111 o
b10100001 ,
b10100001 =
b10100001 ]
b10100001 q
b1010101011 ;
b1010101011 B
b100111 j
b11101100010000000000000000 E
b110000111011100110110 J
b110000100010 :
b110000100010 K
b110000100010 M
b110111101 ?
b10101101101 >
b1111111110010 O
b110011110011 N
b1010010101111 P
b11010001 A
b11010001 L
b100000110000 @
b101100101100 u
b10110001001 t
b101101111111 s
b10100001 r
b1011001001011 X
b1101001100 W
b1110111110110 Y
b1010101011 $
b1010101011 (
b1010101011 1
b1010101011 V
1#
#6840000
0#
#6845000
b110001110001 6
b110001110001 R
b10001111111 p
b101001111 3
b101001111 [
b101111100001 .
b101111100001 9
b101111100001 l
b10001111111 "
b10001111111 )
b10001111111 -
b10001111111 8
b10001111111 n
b1100011100010 T
b101111100001 7
b101111100001 S
b10001111111 5
b10001111111 Q
b11111101101000000 C
b100001000001 D
b101100001111 *
b101100001111 <
b101100001111 G
b101100001111 `
b101010 +
b101010 a
b111110011111 ^
b1010011110 4
b1010011110 \
b101001000111 2
b101001000111 Z
b110110000 o
b110011110011 ,
b110011110011 =
b110011110011 ]
b110011110011 q
b1010000010011011 F
b1010 h
b1010101100 ;
b1010101100 B
b10110001001 u
b101101111111 t
b110110000 s
b110011110011 r
b10101101101 ?
b110100110 >
b100000110000 A
b100000110000 L
b10100001 @
b1111011100000 O
b101111100001 N
b10001111111 P
b1110110001 :
b1110110001 K
b1110110001 M
b1000010000010000000000000000 E
b110001000000001100101 J
b101000 j
b1010011110 X
b111110011111 W
b101001000111 Y
b1010101100 $
b1010101100 (
b1010101100 1
b1010101100 V
1#
#6850000
0#
#6855000
b10001110001 6
b10001110001 R
b10101100001 p
b11101000111 3
b11101000111 [
b100011100010 .
b100011100010 9
b100011100010 l
b10101100001 "
b10101100001 )
b10101100001 -
b10101100001 8
b10101100001 n
b1010111100011 T
b100011100010 7
b100011100010 S
b10101100001 5
b10101100001 Q
b111010001110 ^
b110001101 4
b110001101 \
b100100110100 2
b100100110100 Z
b111011111101100 F
b11111100100110100 C
b11000110101 D
b10001111111 o
b101111100001 ,
b101111100001 =
b101111100001 ]
b101111100001 q
b1010101101 ;
b1010101101 B
b101001 j
b110001101010000000000000000 E
b111011000110000010100 J
b100001000001 :
b100001000001 K
b100001000001 M
b110100110 ?
b101001111 >
b1101111100001 O
b100011100010 N
b1100001100000 P
b10100001 A
b10100001 L
b110011110011 @
b101101111111 u
b110110000 t
b10001111111 s
b101111100001 r
b110001101 X
b111010001110 W
b100100110100 Y
b1010101101 $
b1010101101 (
b1010101101 1
b1010101101 V
1#
#6860000
0#
#6865000
b100110010100 6
b100110010100 R
b11010111110 p
b10111001000 3
b10111001000 [
b11000100111 .
b11000100111 9
b11000100111 l
b11010111110 "
b11010111110 )
b11010111110 -
b11010111110 8
b11010111110 n
b1001100101000 T
b11000100111 7
b11000100111 S
b11010111110 5
b11010111110 Q
b11111010110001011 C
b1010001100 D
b1100010010001 ^
b101110010000 4
b101110010000 \
b11000110100 2
b11000110100 Z
b10101100001 o
b100011100010 ,
b100011100010 =
b100011100010 ]
b100011100010 q
b10111111011101 F
b1010101110 ;
b1010101110 B
b110110000 u
b10001111111 t
b10101100001 s
b100011100010 r
b101001111 ?
b11101000111 >
b110011110011 A
b110011110011 L
b101111100001 @
b11000100111 O
b1001100101000 N
b11010111110 P
b11000110101 :
b11000110101 K
b11000110101 M
b10100011000000000000000000 E
b111011001011100100011 J
b101010 j
b1111010001111 X
b101110010000 W
b11000110100 Y
b1010101110 $
b1010101110 (
b1010101110 1
b1010101110 V
1#
#6870000
0#
#6875000
b10110110 6
b10110110 R
b100101010101 p
b10001101011 3
b10001101011 [
b101101100 .
b101101100 9
b101101100 l
b100101010101 "
b100101010101 )
b100101010101 -
b100101010101 8
b100101010101 n
b11111111011100011 C
b101111100100 D
b111001101101 T
b101101100 7
b101101100 S
b100101010101 5
b100101010101 Q
b1010111010111 ^
b100011010110 4
b100011010110 \
b1101111000 2
b1101111000 Z
b1110011111001110 F
b11010111110 o
b11000100111 ,
b11000100111 =
b11000100111 ]
b11000100111 q
b1010101111 ;
b1010101111 B
b101011 j
b1011111001000000000000000000 E
b111011010001000110010 J
b1010001100 :
b1010001100 K
b1010001100 M
b11101000111 ?
b10111001000 >
b101101100 O
b111001101101 N
b100101010101 P
b101111100001 A
b101111100001 L
b100011100010 @
b10001111111 u
b10101100001 t
b11010111110 s
b11000100111 r
b1101111010101 X
b100011010110 W
b1101111000 Y
b1010101111 $
b1010101111 (
b1010101111 1
b1010101111 V
1#
#6880000
0#
#6885000
b101001100011 6
b101001100011 R
b100111111111 p
b1000001110 3
b1000001110 [
b11111000101 .
b11111000101 9
b11111000101 l
b100111111111 "
b100111111111 )
b100111111111 -
b100111111111 8
b100111111111 n
b1010011000110 T
b11111000101 7
b11111000101 S
b100111111111 5
b100111111111 Q
b11111101100111010 C
b100000111011 D
b11001000001 *
b11001000001 <
b11001000001 G
b11001000001 `
b101011 +
b101011 a
b1000100011101 ^
b10000011100 4
b10000011100 \
b101110111101 2
b101110111101 Z
b100101010101 o
b101101100 ,
b101101100 =
b101101100 ]
b101101100 q
b1001111110111111 F
b1011 h
b1010110000 ;
b1010110000 B
b10101100001 u
b11010111110 t
b100101010101 s
b101101100 r
b10111001000 ?
b10001101011 >
b100011100010 A
b100011100010 L
b11000100111 @
b11111000101 O
b1010011000110 N
b1110011111110 P
b101111100100 :
b101111100100 K
b101111100100 M
b1000001110110000000000000000 E
b111011010110101000001 J
b101100 j
b1011100011011 X
b10000011100 W
b1111010111100 Y
b1010110000 $
b1010110000 (
b1010110000 1
b1010110000 V
1#
#6890000
0#
#6895000
b11100110001 6
b11100110001 R
b101011101101 p
b10100111011 3
b10100111011 [
b101100001 .
b101100001 9
b101100001 l
b101011101101 "
b101011101101 )
b101011101101 -
b101011101101 8
b101011101101 n
b111001100010 T
b101100001 7
b101100001 S
b101011101101 5
b101011101101 Q
b1011101110111 ^
b101001110110 4
b101001110110 \
b10100010100 2
b10100010100 Z
b10000101010000 F
b11111010011000001 C
b111000010 D
b100111111111 o
b11111000101 ,
b11111000101 =
b11111000101 ]
b11111000101 q
b1010110001 ;
b1010110001 B
b101101 j
b1110000100000000000000000 E
b100001100111010110000 J
b100000111011 :
b100000111011 K
b100000111011 M
b10001101011 ?
b1000001110 >
b101100001 O
b111001100010 N
b1110111101100 P
b11000100111 A
b11000100111 L
b101101100 @
b11010111110 u
b100101010101 t
b100111111111 s
b11111000101 r
b1110101110101 X
b101001110110 W
b10100010100 Y
b1010110001 $
b1010110001 (
b1010110001 1
b1010110001 V
1#
#6900000
0#
#6905000
b110010111 6
b110010111 R
b110010101011 p
b100010001010 3
b100010001010 [
b1100101110 .
b1100101110 9
b1100101110 l
b110010101011 "
b110010101011 )
b110010101011 -
b110010101011 8
b110010101011 n
b1000000101111 T
b1100101110 7
b1100101110 S
b110010101011 5
b110010101011 Q
b11111100001011001 C
b10101011010 D
b1000100010100 ^
b10000010011 4
b10000010011 \
b101110110000 2
b101110110000 Z
b101011101101 o
b101100001 ,
b101100001 =
b101100001 ]
b101100001 q
b110100000001111 F
b1010110010 ;
b1010110010 B
b100101010101 u
b100111111111 t
b101011101101 s
b101100001 r
b1000001110 ?
b10100111011 >
b101101100 A
b101101100 L
b11111000101 @
b1011000101101 O
b1100101110 N
b1111110101010 P
b111000010 :
b111000010 K
b111000010 M
b101010110100000000000000000 E
b100001101010011110001 J
b101110 j
b1011100010010 X
b10000010011 W
b1111010101111 Y
b1010110010 $
b1010110010 (
b1010110010 1
b1010110010 V
1#
#6910000
0#
#6915000
b1111 6
b1111 R
b1001101011 p
b100101110001 3
b100101110001 [
b11110 .
b11110 9
b11110 l
b1001101011 "
b1001101011 )
b1001101011 -
b1001101011 8
b1001101011 n
b11111101111110001 C
b100011110010 D
b110100011111 T
b11110 7
b11110 S
b1001101011 5
b1001101011 Q
b1001011100010 ^
b10111100001 4
b10111100001 \
b1111011 2
b1111011 Z
b1010111011001110 F
b110010101011 o
b1100101110 ,
b1100101110 =
b1100101110 ]
b1100101110 q
b1010110011 ;
b1010110011 B
b101111 j
b1000111100100000000000000000 E
b100001101101100110010 J
b10101011010 :
b10101011010 K
b10101011010 M
b10100111011 ?
b100010001010 >
b11110 O
b110100011111 N
b1001101011 P
b11111000101 A
b11111000101 L
b101100001 @
b100111111111 u
b101011101101 t
b110010101011 s
b1100101110 r
b1100011100000 X
b10111100001 W
b1111011 Y
b1010110011 $
b1010110011 (
b1010110011 1
b1010110011 V
1#
#6920000
0#
#6925000
b101110101010 6
b101110101010 R
b10101110000 p
b101101001 3
b101101001 [
b101001010011 .
b101001010011 9
b101001010011 l
b10101110000 "
b10101110000 )
b10101110000 -
b10101110000 8
b10101110000 n
b1011101010100 T
b101001010011 7
b101001010011 S
b10101110000 5
b10101110000 Q
b11111111110001001 C
b110010001010 D
b11001110101 *
b11001110101 <
b11001110101 G
b11001110101 `
b101100 +
b101100 a
b111111010011 ^
b1011010010 4
b1011010010 \
b101001101011 2
b101001101011 Z
b1001101011 o
b11110 ,
b11110 =
b11110 ]
b11110 q
b1111010110001101 F
b1100 h
b1010110100 ;
b1010110100 B
b101011101101 u
b110010101011 t
b1001101011 s
b11110 r
b100010001010 ?
b100101110001 >
b101100001 A
b101100001 L
b1100101110 @
b1110101010010 O
b101001010011 N
b1100001101111 P
b100011110010 :
b100011110010 K
b100011110010 M
b1100100010100000000000000000 E
b100001110000101110011 J
b110000 j
b1010111010001 X
b1011010010 W
b1110101101010 Y
b1010110100 $
b1010110100 (
b1010110100 1
b1010110100 V
1#
#6930000
0#
#6935000
b11111011100 6
b11111011100 R
b1110100101 p
b11010000100 3
b11010000100 [
b1010110111 .
b1010110111 9
b1010110111 l
b1110100101 "
b1110100101 )
b1110100101 -
b1110100101 8
b1110100101 n
b1110 C
b110100001111 D
b111110111000 T
b1010110111 7
b1010110111 S
b1110100101 5
b1110100101 Q
b110100001000 ^
b111 4
b111 \
b11110011110 2
b11110011110 Z
b1111111110111100 F
b10101110000 o
b101001010011 ,
b101001010011 =
b101001010011 ]
b101001010011 q
b1010110101 ;
b1010110101 B
b110001 j
b1101000011110000000000000000 E
b100010111010001000100 J
b110010001010 :
b110010001010 K
b110010001010 M
b100101110001 ?
b101101001 >
b1010110111 O
b111110111000 N
b1011010100100 P
b1100101110 A
b1100101110 L
b11110 @
b110010101011 u
b1001101011 t
b10101110000 s
b101001010011 r
b111 X
b110100001000 W
b11110011110 Y
b1010110101 $
b1010110101 (
b1010110101 1
b1010110101 V
1#
#6940000
0#
#6945000
b10110 6
b10110 R
b10000 p
b100100110111 3
b100100110111 [
b101100 .
b101100 9
b101100 l
b10000 "
b10000 )
b10000 -
b10000 8
b10000 n
b110100101101 T
b101100 7
b101100 S
b10000 5
b10000 Q
b11111111011110111 C
b101111111000 D
b1001001101110 ^
b10101101101 4
b10101101101 \
b1 2
b1 Z
b1110100101 o
b1010110111 ,
b1010110111 =
b1010110111 ]
b1010110111 q
b1110101001000111 F
b1010110110 ;
b1010110110 B
b1001101011 u
b10101110000 t
b1110100101 s
b1010110111 r
b101101001 ?
b11010000100 >
b11110 A
b11110 L
b101001010011 @
b1001100101011 O
b101100 N
b10000 P
b1110 :
b1110 K
b1110 M
b1011111110000000000000000000 E
b100010111101010111001 J
b110010 j
b1100001101100 X
b10101101101 W
b1 Y
b1010110110 $
b1010110110 (
b1010110110 1
b1010110110 V
1#
#6950000
0#
#6955000
b10010100101 6
b10010100101 R
b101101011100 p
b11111110010 3
b11111110010 [
b100101001010 .
b100101001010 9
b100101001010 l
b101101011100 "
b101101011100 )
b101101011100 -
b101101011100 8
b101101011100 n
b11111110111100000 C
b101011100001 D
b1011001001011 T
b100101001010 7
b100101001010 S
b101101011100 5
b101101011100 Q
b111111100100 ^
b1011100011 4
b1011100011 \
b101001110110 2
b101001110110 Z
b1101010011010010 F
b10000 o
b101100 ,
b101100 =
b101100 ]
b101100 q
b1010110111 ;
b1010110111 B
b110011 j
b1010111000010000000000000000 E
b100011000000100101110 J
b101111111000 :
b101111111000 K
b101111111000 M
b11010000100 ?
b100100110111 >
b100101001010 O
b1011001001011 N
b1111001011011 P
b101001010011 A
b101001010011 L
b1010110111 @
b10101110000 u
b1110100101 t
b10000 s
b101100 r
b1010111100010 X
b1011100011 W
b1110101110101 Y
b1010110111 $
b1010110111 (
b1010110111 1
b1010110111 V
1#
#6960000
0#
#6965000
b11011001100 6
b11011001100 R
b10011010111 p
b11000000001 3
b11000000001 [
b10010111 .
b10010111 9
b10010111 l
b10011010111 "
b10011010111 )
b10011010111 -
b10011010111 8
b10011010111 n
b110110011000 T
b10010111 7
b10010111 S
b10011010111 5
b10011010111 Q
b11111110011001001 C
b100111001010 D
b11100101101 *
b11100101101 <
b11100101101 G
b11100101101 `
b101101 +
b101101 a
b1100100000011 ^
b110000000010 4
b110000000010 \
b11010010010 2
b11010010010 Z
b101101011100 o
b100101001010 ,
b100101001010 =
b100101001010 ]
b100101001010 q
b1011111101011101 F
b1101 h
b1010111000 ;
b1010111000 B
b1110100101 u
b10000 t
b101101011100 s
b100101001010 r
b100100110111 ?
b11111110010 >
b1010110111 A
b1010110111 L
b101100 @
b10010111 O
b110110011000 N
b1011111010110 P
b101011100001 :
b101011100001 K
b101011100001 M
b1001110010100000000000000000 E
b100011000011110100011 J
b110100 j
b1111100000001 X
b110000000010 W
b11010010010 Y
b1010111000 $
b1010111000 (
b1010111000 1
b1010111000 V
1#
#6970000
0#
#6975000
b10011111011 6
b10011111011 R
b1101100011 p
b110101000 3
b110101000 [
b100111110110 .
b100111110110 9
b100111110110 l
b1101100011 "
b1101100011 )
b1101100011 -
b1101100011 8
b1101100011 n
b1011011110111 T
b100111110110 7
b100111110110 S
b1101100011 5
b1101100011 Q
b1000001010001 ^
b1101010000 4
b1101010000 \
b101011011111 2
b101011011111 Z
b1111010110101000 F
b11111111110001101 C
b110010001110 D
b10011010111 o
b10010111 ,
b10010111 =
b10010111 ]
b10010111 q
b1010111001 ;
b1010111001 B
b110101 j
b1100100011100000000000000000 E
b100111000001001011000 J
b100111001010 :
b100111001010 K
b100111001010 M
b11111110010 ?
b11000000001 >
b1110011110101 O
b100111110110 N
b1011001100010 P
b101100 A
b101100 L
b100101001010 @
b10000 u
b101101011100 t
b10011010111 s
b10010111 r
b1011001001111 X
b1101010000 W
b1110111011110 Y
b1010111001 $
b1010111001 (
b1010111001 1
b1010111001 V
1#
#6980000
0#
#6985000
b101011101100 6
b101011101100 R
b100110111101 p
b11001011000 3
b11001011000 [
b100011010111 .
b100011010111 9
b100011010111 l
b100110111101 "
b100110111101 )
b100110111101 -
b100110111101 8
b100110111101 n
b1010111011000 T
b100011010111 7
b100011010111 S
b100110111101 5
b100110111101 Q
b11111010111100100 C
b1011100101 D
b1100110110001 ^
b110010110000 4
b110010110000 \
b11100111100 2
b11100111100 Z
b1101100011 o
b100111110110 ,
b100111110110 =
b100111110110 ]
b100111110110 q
b11011101111011 F
b1010111010 ;
b1010111010 B
b101101011100 u
b10011010111 t
b1101100011 s
b100111110110 r
b11000000001 ?
b110101000 >
b100101001010 A
b100101001010 L
b10010111 @
b100011010111 O
b1010111011000 N
b1110010111100 P
b110010001110 :
b110010001110 K
b110010001110 M
b10111001010000000000000000 E
b100111000100110000101 J
b110110 j
b1111110101111 X
b110010110000 W
b11100111100 Y
b1010111010 $
b1010111010 (
b1010111010 1
b1010111010 V
1#
#6990000
0#
#6995000
b110111110 6
b110111110 R
b101010110011 p
b10111001001 3
b10111001001 [
b1101111100 .
b1101111100 9
b1101111100 l
b101010110011 "
b101010110011 )
b101010110011 -
b101010110011 8
b101010110011 n
b11111100100111100 C
b11000111101 D
b1000001111101 T
b1101111100 7
b1101111100 S
b101010110011 5
b101010110011 Q
b1100010010011 ^
b101110010010 4
b101110010010 \
b11000011100 2
b11000011100 Z
b111100101001110 F
b100110111101 o
b100011010111 ,
b100011010111 =
b100011010111 ]
b100011010111 q
b1010111011 ;
b1010111011 B
b110111 j
b110001111010000000000000000 E
b100111001000010110010 J
b1011100101 :
b1011100101 K
b1011100101 M
b110101000 ?
b11001011000 >
b1011001111011 O
b1101111100 N
b1110110110010 P
b10010111 A
b10010111 L
b100111110110 @
b10011010111 u
b1101100011 t
b100110111101 s
b100011010111 r
b1111010010001 X
b101110010010 W
b11000011100 Y
b1010111011 $
b1010111011 (
b1010111011 1
b1010111011 V
1#
#7000000
0#
#7005000
b110011001 6
b110011001 R
b1110111001 p
b1100011100 3
b1100011100 [
b1100110010 .
b1100110010 9
b1100110010 l
b1110111001 "
b1110111001 )
b1110111001 -
b1110111001 8
b1110111001 n
b1000000110011 T
b1100110010 7
b1100110010 S
b1110111001 5
b1110111001 Q
b11111110010010100 C
b100110010101 D
b101000111111 *
b101000111111 <
b101000111111 G
b101000111111 `
b101110 +
b101110 a
b1001100111001 ^
b11000111000 4
b11000111000 \
b11000000 2
b11000000 Z
b101010110011 o
b1101111100 ,
b1101111100 =
b1101111100 ]
b1101111100 q
b1011101100100001 F
b1110 h
b1010111100 ;
b1010111100 B
b1101100011 u
b100110111101 t
b101010110011 s
b1101111100 r
b11001011000 ?
b10111001001 >
b100111110110 A
b100111110110 L
b100011010111 @
b1100110010 O
b1000000110011 N
b1110111001 P
b11000111101 :
b11000111101 K
b11000111101 M
b1001100101010000000000000000 E
b100111001011111011111 J
b111000 j
b1100100110111 X
b11000111000 W
b11000000 Y
b1010111100 $
b1010111100 (
b1010111100 1
b1010111100 V
1#
#7010000
0#
#7015000
b100100110110 6
b100100110110 R
b110001000011 p
b100101111000 3
b100101111000 [
b10101101011 .
b10101101011 9
b10101101011 l
b110001000011 "
b110001000011 )
b110001000011 -
b110001000011 8
b110001000011 n
b1001001101100 T
b10101101011 7
b10101101011 S
b110001000011 5
b110001000011 Q
b1001011110000 ^
b10111101111 4
b10111101111 \
b1110101 2
b1110101 Z
b110111110111100 F
b11111100011001000 C
b10111001001 D
b1110111001 o
b1100110010 ,
b1100110010 =
b1100110010 ]
b1100110010 q
b1010111101 ;
b1010111101 B
b111001 j
b101110010010000000000000000 E
b111000000010001000100 J
b100110010101 :
b100110010101 K
b100110010101 M
b10111001001 ?
b1100011100 >
b10101101011 O
b1001001101100 N
b1111101000010 P
b100011010111 A
b100011010111 L
b1101111100 @
b100110111101 u
b101010110011 t
b1110111001 s
b1100110010 r
b1100011101110 X
b10111101111 W
b1110101 Y
b1010111101 $
b1010111101 (
b1010111101 1
b1010111101 V
1#
#7020000
0#
#7025000
b101100100011 6
b101100100011 R
b101010110100 p
b101010010101 3
b101010010101 [
b100101000101 .
b100101000101 9
b100101000101 l
b101010110100 "
b101010110100 )
b101010110100 -
b101010110100 8
b101010110100 n
b1011001000110 T
b100101000101 7
b100101000101 S
b101010110100 5
b101010110100 Q
b11111101011011010 C
b11111011011 D
b1010100101010 ^
b100000101001 4
b100000101001 \
b1010101101 2
b1010101101 Z
b110001000011 o
b10101101011 ,
b10101101011 =
b10101101011 ]
b10101101011 q
b1001100001111101 F
b1010111110 ;
b1010111110 B
b101010110011 u
b1110111001 t
b110001000011 s
b10101101011 r
b1100011100 ?
b100101111000 >
b1101111100 A
b1101111100 L
b1100110010 @
b1110001000100 O
b100101000101 N
b1110110110011 P
b10111001001 :
b10111001001 K
b10111001001 M
b111110110110000000000000000 E
b111000000111010000011 J
b111010 j
b1101100101000 X
b100000101001 W
b1010101101 Y
b1010111110 $
b1010111110 (
b1010111110 1
b1010111110 V
1#
#7030000
0#
#7035000
b110000000111 6
b110000000111 R
b100001011000 p
b11000000010 3
b11000000010 [
b101100001101 .
b101100001101 9
b101100001101 l
b100001011000 "
b100001011000 )
b100001011000 -
b100001011000 8
b100001011000 n
b11111110011101100 C
b100111101101 D
b1100000001110 T
b101100001101 7
b101100001101 S
b100001011000 5
b100001011000 Q
b1100100000101 ^
b110000000100 4
b110000000100 \
b11010000110 2
b11010000110 Z
b1100000100111110 F
b101010110100 o
b100101000101 ,
b100101000101 =
b100101000101 ]
b100101000101 q
b1010111111 ;
b1010111111 B
b111011 j
b1001111011010000000000000000 E
b111000001100011000010 J
b11111011011 :
b11111011011 K
b11111011011 M
b100101111000 ?
b101010010101 >
b1111000001100 O
b101100001101 N
b1101101010111 P
b1100110010 A
b1100110010 L
b10101101011 @
b1110111001 u
b110001000011 t
b101010110100 s
b100101000101 r
b1111100000011 X
b110000000100 W
b11010000110 Y
b1010111111 $
b1010111111 (
b1010111111 1
b1010111111 V
1#
#7040000
0#
#7045000
b11110101100 6
b11110101100 R
b100001111111 p
b1100110 3
b1100110 [
b1001010111 .
b1001010111 9
b1001010111 l
b100001111111 "
b100001111111 )
b100001111111 -
b100001111111 8
b100001111111 n
b111101011000 T
b1001010111 7
b1001010111 S
b100001111111 5
b100001111111 Q
b11111111011111110 C
b101111111111 D
b10001111110 *
b10001111110 <
b10001111110 G
b10001111110 `
b101111 +
b101111 a
b110111001101 ^
b11001100 4
b11001100 \
b100001001101 2
b100001001101 Z
b100001011000 o
b101100001101 ,
b101100001101 =
b101100001101 ]
b101100001101 q
b1110100111111111 F
b1111 h
b1011000000 ;
b1011000000 B
b110001000011 u
b101010110100 t
b100001011000 s
b101100001101 r
b101010010101 ?
b11000000010 >
b10101101011 A
b10101101011 L
b100101000101 @
b1001010111 O
b111101011000 N
b1101101111110 P
b100111101101 :
b100111101101 K
b100111101101 M
b1011111111110000000000000000 E
b111000010001100000001 J
b111100 j
b11001100 X
b110111001101 W
b100001001101 Y
b1011000000 $
b1011000000 (
b1011000000 1
b1011000000 V
1#
#7050000
0#
#7055000
b101010100010 6
b101010100010 R
b101001000111 p
b1010001100 3
b1010001100 [
b100001000011 .
b100001000011 9
b100001000011 l
b101001000111 "
b101001000111 )
b101001000111 -
b101001000111 8
b101001000111 n
b1010101000100 T
b100001000011 7
b100001000011 S
b101001000111 5
b101001000111 Q
b1001000011001 ^
b10100011000 4
b10100011000 \
b110010010111 2
b110010010111 Z
b10010110000000 F
b11111010011110011 C
b111110100 D
b100001111111 o
b1001010111 ,
b1001010111 =
b1001010111 ]
b1001010111 q
b1011000001 ;
b1011000001 B
b111101 j
b1111101000000000000000000 E
b11000101101010000000 J
b101111111111 :
b101111111111 K
b101111111111 M
b11000000010 ?
b1100110 >
b100001000011 O
b1010101000100 N
b1110101000110 P
b100101000101 A
b100101000101 L
b101100001101 @
b101010110100 u
b100001011000 t
b100001111111 s
b1001010111 r
b1100000010111 X
b10100011000 W
b1111110010110 Y
b1011000001 $
b1011000001 (
b1011000001 1
b1011000001 V
1#
#7060000
0#
#7065000
b0 6
b0 R
b100100011001 p
b110000000011 3
b110000000011 [
b0 .
b0 9
b0 l
b100100011001 "
b100100011001 )
b100100011001 -
b100100011001 8
b100100011001 n
b110100000001 T
b0 7
b0 S
b100100011001 5
b100100011001 Q
b11111100111100111 C
b11011101000 D
b1100000000110 ^
b101100000101 4
b101100000101 \
b10110000001 2
b10110000001 Z
b101001000111 o
b100001000011 ,
b100001000011 =
b100001000011 ]
b100001000011 q
b1000011100000010 F
b1011000010 ;
b1011000010 B
b100001011000 u
b100001111111 t
b101001000111 s
b100001000011 r
b1100110 ?
b1010001100 >
b101100001101 A
b101100001101 L
b1001010111 @
b0 O
b110100000001 N
b100100011001 P
b111110100 :
b111110100 K
b111110100 M
b110111010000000000000000000 E
b11000101111011111110 J
b111110 j
b1111000000100 X
b101100000101 W
b10110000001 Y
b1011000010 $
b1011000010 (
b1011000010 1
b1011000010 V
1#
#7070000
0#
#7075000
b101100100000 6
b101100100000 R
b100001110000 p
b11111100010 3
b11111100010 [
b100100111111 .
b100100111111 9
b100100111111 l
b100001110000 "
b100001110000 )
b100001110000 -
b100001110000 8
b100001110000 n
b11111111011011011 C
b101111011100 D
b1011001000000 T
b100100111111 7
b100100111111 S
b100001110000 5
b100001110000 Q
b111111000100 ^
b1011000011 4
b1011000011 \
b101000111110 2
b101000111110 Z
b1110100010000100 F
b100100011001 o
b0 ,
b0 =
b0 ]
b0 q
b1011000011 ;
b1011000011 B
b111111 j
b1011110111000000000000000000 E
b11000110001101111100 J
b11011101000 :
b11011101000 K
b11011101000 M
b1010001100 ?
b110000000011 >
b1110000111110 O
b100100111111 N
b1101101101111 P
b1001010111 A
b1001010111 L
b100001000011 @
b100001111111 u
b101001000111 t
b100100011001 s
b0 r
b1010111000010 X
b1011000011 W
b1110100111101 Y
b1011000011 $
b1011000011 (
b1011000011 1
b1011000011 V
1#
#7080000
0#
#7085000
b1110001111 6
b1110001111 R
b100101101000 p
b110010000010 3
b110010000010 [
b11100011110 .
b11100011110 9
b11100011110 l
b100101101000 "
b100101101000 )
b100101101000 -
b100101101000 8
b100101101000 n
b1010000011111 T
b11100011110 7
b11100011110 S
b100101101000 5
b100101101000 Q
b11111011011001110 C
b1111001111 D
b1111101100 *
b1111101100 <
b1111101100 G
b1111101100 `
b110000 +
b110000 a
b1100100000100 ^
b110000000011 4
b110000000011 \
b11001111011 2
b11001111011 Z
b100001110000 o
b100100111111 ,
b100100111111 =
b100100111111 ]
b100100111111 q
b100101000000110 F
b10000 h
b1011000100 ;
b1011000100 B
b101001000111 u
b100100011001 t
b100001110000 s
b100100111111 r
b110000000011 ?
b11111100010 >
b100001000011 A
b100001000011 L
b0 @
b11100011110 O
b1010000011111 N
b1110001100111 P
b101111011100 :
b101111011100 K
b101111011100 M
b11110011110000000000000000 E
b11000110011111111010 J
b1000000 j
b1111100000010 X
b110000000011 W
b11001111011 Y
b1011000100 $
b1011000100 (
b1011000100 1
b1011000100 V
1#
#7090000
0#
#7095000
b100001101000 6
b100001101000 R
b100100110010 p
b101101110010 3
b101101110010 [
b1111001111 .
b1111001111 9
b1111001111 l
b100100110010 "
b100100110010 )
b100100110010 -
b100100110010 8
b100100110010 n
b1000011010000 T
b1111001111 7
b1111001111 S
b100100110010 5
b100100110010 Q
b1011011100100 ^
b100111100011 4
b100111100011 \
b10001011001 2
b10001011001 Z
b1011101010000 F
b11111010000111001 C
b100111010 D
b100101101000 o
b11100011110 ,
b11100011110 =
b11100011110 ]
b11100011110 q
b1011000101 ;
b1011000101 B
b1000001 j
b1001110100000000000000000 E
b10101101100010110000 J
b1111001111 :
b1111001111 K
b1111001111 M
b11111100010 ?
b110010000010 >
b1011011001110 O
b1111001111 N
b1110000110001 P
b0 A
b0 L
b100100111111 @
b100100011001 u
b100001110000 t
b100101101000 s
b11100011110 r
b1110011100010 X
b100111100011 W
b10001011001 Y
b1011000101 $
b1011000101 (
b1011000101 1
b1011000101 V
1#
#7100000
0#
#7105000
b101110111101 6
b101110111101 R
b100000000101 p
b100111001011 3
b100111001011 [
b101001111001 .
b101001111001 9
b101001111001 l
b100000000101 "
b100000000101 )
b100000000101 -
b100000000101 8
b100000000101 n
b1011101111010 T
b101001111001 7
b101001111001 S
b100000000101 5
b100000000101 Q
b11111001111010010 C
b11010011 D
b1001110010110 ^
b11010010101 4
b11010010101 \
b100001001 2
b100001001 Z
b100100110010 o
b1111001111 ,
b1111001111 =
b1111001111 ]
b1111001111 q
b111101100100 F
b1011000110 ;
b1011000110 B
b100001110000 u
b100101101000 t
b100100110010 s
b1111001111 r
b110010000010 ?
b101101110010 >
b100100111111 A
b100100111111 L
b11100011110 @
b1110101111000 O
b101001111001 N
b100000000101 P
b100111010 :
b100111010 K
b100111010 M
b110100110000000000000000 E
b10101101110010011100 J
b1000010 j
b1100110010100 X
b11010010101 W
b100001001 Y
b1011000110 $
b1011000110 (
b1011000110 1
b1011000110 V
1#
#7110000
0#
#7115000
b101001111001 6
b101001111001 R
b11001001011 p
b11010100000 3
b11010100000 [
b11111110001 .
b11111110001 9
b11111110001 l
b11001001011 "
b11001001011 )
b11001001011 -
b11001001011 8
b11001001011 n
b11111001101101011 C
b1101100 D
b1010011110010 T
b11111110001 7
b11111110001 S
b11001001011 5
b11001001011 Q
b110101000000 ^
b111111 4
b111111 \
b11110110010 2
b11110110010 Z
b11101111000 F
b100000000101 o
b101001111001 ,
b101001111001 =
b101001111001 ]
b101001111001 q
b1011000111 ;
b1011000111 B
b1000011 j
b11011000000000000000000 E
b10101110000010001000 J
b11010011 :
b11010011 K
b11010011 M
b101101110010 ?
b100111001011 >
b1101011110000 O
b11111110001 N
b11001001011 P
b11100011110 A
b11100011110 L
b1111001111 @
b100101101000 u
b100100110010 t
b100000000101 s
b101001111001 r
b111111 X
b110101000000 W
b11110110010 Y
b1011000111 $
b1011000111 (
b1011000111 1
b1011000111 V
1#
#7120000
0#
#7125000
b100010011110 6
b100010011110 R
b1101100011 p
b101111011101 3
b101111011101 [
b10000111011 .
b10000111011 9
b10000111011 l
b1101100011 "
b1101100011 )
b1101100011 -
b1101100011 8
b1101100011 n
b1000100111100 T
b10000111011 7
b10000111011 S
b1101100011 5
b1101100011 Q
b101 C
b110100000110 D
b101111101110 *
b101111101110 <
b101111101110 G
b101111101110 `
b110001 +
b110001 a
b1011110111010 ^
b101010111001 4
b101010111001 \
b10100101001 2
b10100101001 Z
b11001001011 o
b11111110001 ,
b11111110001 =
b11111110001 ]
b11111110001 q
b1111111110001100 F
b10001 h
b1011001000 ;
b1011001000 B
b100100110010 u
b100000000101 t
b11001001011 s
b11111110001 r
b100111001011 ?
b11010100000 >
b1111001111 A
b1111001111 L
b101001111001 @
b1011100111010 O
b10000111011 N
b1101100011 P
b1101100 :
b1101100 K
b1101100 M
b1101000001100000000000000000 E
b10101110010001110100 J
b1000100 j
b1110110111000 X
b101010111001 W
b10100101001 Y
b1011001000 $
b1011001000 (
b1011001000 1
b1011001000 V
1#
#7130000
0#
#7135000
b10100111111 6
b10100111111 R
b101001110100 p
b1110000010 3
b1110000010 [
b101001111110 .
b101001111110 9
b101001111110 l
b101001110100 "
b101001110100 )
b101001110100 -
b101001110100 8
b101001110100 n
b1011101111111 T
b101001111110 7
b101001111110 S
b101001110100 5
b101001110100 Q
b1010000000101 ^
b11100000100 4
b11100000100 \
b101110010 2
b101110010 Z
b1000010000 F
b11111001100111011 C
b111100 D
b1101100011 o
b10000111011 ,
b10000111011 =
b10000111011 ]
b10000111011 q
b1011001001 ;
b1011001001 B
b1000101 j
b1111000000000000000000 E
b1000010010110111110000 J
b101 :
b101 K
b101 M
b11010100000 ?
b101111011101 >
b1110101111101 O
b101001111110 N
b101001110100 P
b101001111001 A
b101001111001 L
b11111110001 @
b100000000101 u
b11001001011 t
b1101100011 s
b10000111011 r
b1101000000011 X
b11100000100 W
b101110010 Y
b1011001001 $
b1011001001 (
b1011001001 1
b1011001001 V
1#
#7140000
0#
#7145000
b101010010111 6
b101010010111 R
b11110110101 p
b11010100100 3
b11010100100 [
b100000101101 .
b100000101101 9
b100000101101 l
b11110110101 "
b11110110101 )
b11110110101 -
b11110110101 8
b11110110101 n
b1010100101110 T
b100000101101 7
b100000101101 S
b11110110101 5
b11110110101 Q
b11111001110111110 C
b10111111 D
b110101001000 ^
b1000111 4
b1000111 \
b11110110100 2
b11110110100 Z
b101001110100 o
b101001111110 ,
b101001111110 =
b101001111110 ]
b101001111110 q
b110000100010 F
b1011001010 ;
b1011001010 B
b11001001011 u
b1101100011 t
b101001110100 s
b101001111110 r
b101111011101 ?
b1110000010 >
b11111110001 A
b11111110001 L
b10000111011 @
b1101100101100 O
b100000101101 N
b11110110101 P
b111100 :
b111100 K
b111100 M
b101111110000000000000000 E
b1000010011100111011110 J
b1000110 j
b1000111 X
b110101001000 W
b11110110100 Y
b1011001010 $
b1011001010 (
b1011001010 1
b1011001010 V
1#
#7150000
0#
#7155000
b1001111101 6
b1001111101 R
b1101111100 p
b10101111100 3
b10101111100 [
b10011111010 .
b10011111010 9
b10011111010 l
b1101111100 "
b1101111100 )
b1101111100 -
b1101111100 8
b1101111100 n
b11111010001000001 C
b101000010 D
b1000111111011 T
b10011111010 7
b10011111010 S
b1101111100 5
b1101111100 Q
b1011111111001 ^
b101011111000 4
b101011111000 \
b10101100010 2
b10101100010 Z
b1011000110100 F
b11110110101 o
b100000101101 ,
b100000101101 =
b100000101101 ]
b100000101101 q
b1011001011 ;
b1011001011 B
b1000111 j
b1010000100000000000000000 E
b1000010100010111001100 J
b10111111 :
b10111111 K
b10111111 M
b1110000010 ?
b11010100100 >
b1011111111001 O
b10011111010 N
b1101111100 P
b10000111011 A
b10000111011 L
b101001111110 @
b1101100011 u
b101001110100 t
b11110110101 s
b100000101101 r
b1110111110111 X
b101011111000 W
b10101100010 Y
b1011001011 $
b1011001011 (
b1011001011 1
b1011001011 V
1#
#7160000
0#
#7165000
b10111100000 6
b10111100000 R
b100100111100 p
b1111100011 3
b1111100011 [
b101111000000 .
b101111000000 9
b101111000000 l
b100100111100 "
b100100111100 )
b100100111100 -
b100100111100 8
b100100111100 n
b1100011000001 T
b101111000000 7
b101111000000 S
b100100111100 5
b100100111100 Q
b11111010011000100 C
b111000101 D
b111010000 *
b111010000 <
b111010000 G
b111010000 `
b110010 +
b110010 a
b1010011000111 ^
b11111000110 4
b11111000110 \
b1000101110 2
b1000101110 Z
b1101111100 o
b10011111010 ,
b10011111010 =
b10011111010 ]
b10011111010 q
b10000001000110 F
b10010 h
b1011001100 ;
b1011001100 B
b101001110100 u
b11110110101 t
b1101111100 s
b10011111010 r
b11010100100 ?
b10101111100 >
b101001111110 A
b101001111110 L
b100000101101 @
b1111010111111 O
b101111000000 N
b100100111100 P
b101000010 :
b101000010 K
b101000010 M
b1110001010000000000000000 E
b1000010101000110111010 J
b1001000 j
b1101011000101 X
b11111000110 W
b1000101110 Y
b1011001100 $
b1011001100 (
b1011001100 1
b1011001100 V
1#
#7170000
0#
#7175000
b10011111001 6
b10011111001 R
b11001101000 p
b11000110 3
b11000110 [
b100111110010 .
b100111110010 9
b100111110010 l
b11001101000 "
b11001101000 )
b11001101000 -
b11001101000 8
b11001101000 n
b1011011110011 T
b100111110010 7
b100111110010 S
b11001101000 5
b11001101000 Q
b111010001101 ^
b110001100 4
b110001100 \
b100011110011 2
b100011110011 Z
b1010111001000000 F
b11111101111011110 C
b100011011111 D
b100100111100 o
b101111000000 ,
b101111000000 =
b101111000000 ]
b101111000000 q
b1011001101 ;
b1011001101 B
b1001001 j
b1000110111110000000000000000 E
b1010001000111000000 J
b111000101 :
b111000101 K
b111000101 M
b10101111100 ?
b1111100011 >
b1110011110001 O
b100111110010 N
b11001101000 P
b100000101101 A
b100000101101 L
b10011111010 @
b11110110101 u
b1101111100 t
b100100111100 s
b101111000000 r
b110001100 X
b111010001101 W
b100011110011 Y
b1011001101 $
b1011001101 (
b1011001101 1
b1011001101 V
1#
#7180000
0#
#7185000
b1101100 6
b1101100 R
b100100011100 p
b11001100000 3
b11001100000 [
b11011000 .
b11011000 9
b11011000 l
b100100011100 "
b100100011100 )
b100100011100 -
b100100011100 8
b100100011100 n
b110111011001 T
b11011000 7
b11011000 S
b100100011100 5
b100100011100 Q
b11111011000010110 C
b1100010111 D
b1100111000001 ^
b110011000000 4
b110011000000 \
b11100100100 2
b11100100100 Z
b11001101000 o
b100111110010 ,
b100111110010 =
b100111110010 ]
b100111110010 q
b11110001110000 F
b1011001110 ;
b1011001110 B
b1101111100 u
b100100111100 t
b11001101000 s
b100111110010 r
b1111100011 ?
b11000110 >
b10011111010 A
b10011111010 L
b101111000000 @
b11011000 O
b110111011001 N
b1110000011011 P
b100011011111 :
b100011011111 K
b100011011111 M
b11000101110000000000000000 E
b1010001001110010000 J
b1001010 j
b1111110111111 X
b110011000000 W
b11100100100 Y
b1011001110 $
b1011001110 (
b1011001110 1
b1011001110 V
1#
#7190000
0#
#7195000
b11101011 6
b11101011 R
b100010101001 p
b100001010100 3
b100001010100 [
b111010110 .
b111010110 9
b111010110 l
b100010101001 "
b100010101001 )
b100010101001 -
b100010101001 8
b100010101001 n
b11111110101001111 C
b101001010000 D
b111011010111 T
b111010110 7
b111010110 S
b100010101001 5
b100010101001 Q
b1000010101000 ^
b1110100111 4
b1110100111 \
b101100001010 2
b101100001010 Z
b1100101010100000 F
b100100011100 o
b11011000 ,
b11011000 =
b11011000 ]
b11011000 q
b1011001111 ;
b1011001111 B
b1001011 j
b1010010100000000000000000000 E
b1010001010101100000 J
b1100010111 :
b1100010111 K
b1100010111 M
b11000110 ?
b11001100000 >
b111010110 O
b111011010111 N
b100010101001 P
b101111000000 A
b101111000000 L
b100111110010 @
b100100111100 u
b11001101000 t
b100100011100 s
b11011000 r
b1011010100110 X
b1110100111 W
b1111000001001 Y
b1011001111 $
b1011001111 (
b1011001111 1
b1011001111 V
1#
#7200000
0#
#7205000
b101000100001 6
b101000100001 R
b110010100011 p
b1001010011 3
b1001010011 [
b11101000001 .
b11101000001 9
b11101000001 l
b110010100011 "
b110010100011 )
b110010100011 -
b110010100011 8
b110010100011 n
b1010001000010 T
b11101000001 7
b11101000001 S
b110010100011 5
b110010100011 Q
b11111011110000111 C
b10010001000 D
b1000001110 *
b1000001110 <
b1000001110 G
b1000001110 `
b110011 +
b110011 a
b1000110100111 ^
b10010100110 4
b10010100110 \
b110000000111 2
b110000000111 Z
b100010101001 o
b111010110 ,
b111010110 =
b111010110 ]
b111010110 q
b101100011010000 F
b10011 h
b1011010000 ;
b1011010000 B
b11001101000 u
b100100011100 t
b100010101001 s
b111010110 r
b11001100000 ?
b100001010100 >
b100111110010 A
b100111110010 L
b11011000 @
b11101000001 O
b1010001000010 N
b1111110100010 P
b101001010000 :
b101001010000 K
b101001010000 M
b100100010000000000000000000 E
b1010001011100110000 J
b1001100 j
b1011110100101 X
b10010100110 W
b1111100000110 Y
b1011010000 $
b1011010000 (
b1011010000 1
b1011010000 V
1#
#7210000
0#
#7215000
b1010110000 6
b1010110000 R
b100101010001 p
b10100001001 3
b10100001001 [
b10101100000 .
b10101100000 9
b10101100000 l
b100101010001 "
b100101010001 )
b100101010001 -
b100101010001 8
b100101010001 n
b11111010001000101 C
b101000110 D
b1001001100001 T
b10101100000 7
b10101100000 S
b100101010001 5
b100101010001 Q
b1011100010011 ^
b101000010010 4
b101000010010 \
b10001110000 2
b10001110000 Z
b1100010100000 F
b110010100011 o
b11101000001 ,
b11101000001 =
b11101000001 ]
b11101000001 q
b1011010001 ;
b1011010001 B
b1001101 j
b1010001100000000000000000 E
b1011100011101100000 J
b10010001000 :
b10010001000 K
b10010001000 M
b100001010100 ?
b1001010011 >
b1100001011111 O
b10101100000 N
b1110001010000 P
b11011000 A
b11011000 L
b111010110 @
b100100011100 u
b100010101001 t
b110010100011 s
b11101000001 r
b1110100010001 X
b101000010010 W
b10001110000 Y
b1011010001 $
b1011010001 (
b1011010001 1
b1011010001 V
1#
#7220000
0#
#7225000
b110001110 6
b110001110 R
b10010000 p
b10000011001 3
b10000011001 [
b1100011100 .
b1100011100 9
b1100011100 l
b10010000 "
b10010000 )
b10010000 -
b10010000 8
b10010000 n
b1000000011101 T
b1100011100 7
b1100011100 S
b10010000 5
b10010000 Q
b11111110101101001 C
b101001101010 D
b1010100110011 ^
b100000110010 4
b100000110010 \
b1010001110 2
b1010001110 Z
b100101010001 o
b10101100000 ,
b10101100000 =
b10101100000 ]
b10101100000 q
b1100110010010010 F
b1011010010 ;
b1011010010 B
b100010101001 u
b110010100011 t
b100101010001 s
b10101100000 r
b1001010011 ?
b10100001001 >
b111010110 A
b111010110 L
b11101000001 @
b1011000011011 O
b1100011100 N
b10010000 P
b101000110 :
b101000110 K
b101000110 M
b1010011010100000000000000000 E
b1011100100101101110 J
b1001110 j
b1101100110001 X
b100000110010 W
b1010001110 Y
b1011010010 $
b1011010010 (
b1011010010 1
b1011010010 V
1#
#7230000
0#
#7235000
b1001010101 6
b1001010101 R
b100111011000 p
b100101111000 3
b100101111000 [
b10010101010 .
b10010101010 9
b10010101010 l
b100111011000 "
b100111011000 )
b100111011000 -
b100111011000 8
b100111011000 n
b11111100110001100 C
b11010001101 D
b1000110101011 T
b10010101010 7
b10010101010 S
b100111011000 5
b100111011000 Q
b1001011110000 ^
b10111101111 4
b10111101111 \
b1001001 2
b1001001 Z
b1000000010000100 F
b10010000 o
b1100011100 ,
b1100011100 =
b1100011100 ]
b1100011100 q
b1011010011 ;
b1011010011 B
b1001111 j
b110100011010000000000000000 E
b1011100101101111100 J
b101001101010 :
b101001101010 K
b101001101010 M
b10100001001 ?
b10000011001 >
b10010101010 O
b1000110101011 N
b1110011010111 P
b11101000001 A
b11101000001 L
b10101100000 @
b110010100011 u
b100101010001 t
b10010000 s
b1100011100 r
b1100011101110 X
b10111101111 W
b1001001 Y
b1011010011 $
b1011010011 (
b1011010011 1
b1011010011 V
1#
#7240000
0#
#7245000
b110001110111 6
b110001110111 R
b101111010100 p
b1110111111 3
b1110111111 [
b101111101101 .
b101111101101 9
b101111101101 l
b101111010100 "
b101111010100 )
b101111010100 -
b101111010100 8
b101111010100 n
b1100011101110 T
b101111101101 7
b101111101101 S
b101111010100 5
b101111010100 Q
b11111010110101111 C
b1010110000 D
b101110111100 *
b101110111100 <
b101110111100 G
b101110111100 `
b110100 +
b110100 a
b1010001111111 ^
b11101111110 4
b11101111110 \
b111010110 2
b111010110 Z
b100111011000 o
b10010101010 ,
b10010101010 =
b10010101010 ]
b10010101010 q
b11010001110110 F
b10100 h
b1011010100 ;
b1011010100 B
b100101010001 u
b10010000 t
b100111011000 s
b10010101010 r
b10000011001 ?
b100101111000 >
b10101100000 A
b10101100000 L
b1100011100 @
b1111011101100 O
b101111101101 N
b1111011010011 P
b11010001101 :
b11010001101 K
b11010001101 M
b10101100000000000000000000 E
b1011100110110001010 J
b1010000 j
b1101001111101 X
b11101111110 W
b111010110 Y
b1011010100 $
b1011010100 (
b1011010100 1
b1011010100 V
1#
#7250000
0#
#7255000
b1011100110 6
b1011100110 R
b1101100 p
b11101100001 3
b11101100001 [
b10111001100 .
b10111001100 9
b10111001100 l
b1101100 "
b1101100 )
b1101100 -
b1101100 8
b1101100 n
b1001011001101 T
b10111001100 7
b10111001100 S
b1101100 5
b1101100 Q
b111011000010 ^
b111000001 4
b111000001 \
b100100011000 2
b100100011000 Z
b1100000001010000 F
b11111110011100101 C
b100111100110 D
b101111010100 o
b101111101101 ,
b101111101101 =
b101111101101 ]
b101111101101 q
b1011010101 ;
b1011010101 B
b1010001 j
b1001111001100000000000000000 E
b1000010010111110110000 J
b1010110000 :
b1010110000 K
b1010110000 M
b100101111000 ?
b1110111111 >
b1100011001011 O
b10111001100 N
b1101100 P
b1100011100 A
b1100011100 L
b10010101010 @
b10010000 u
b100111011000 t
b101111010100 s
b101111101101 r
b111000001 X
b111011000010 W
b100100011000 Y
b1011010101 $
b1011010101 (
b1011010101 1
b1011010101 V
1#
#7260000
0#
#7265000
b11101001000 6
b11101001000 R
b11111000101 p
b10001010001 3
b10001010001 [
b110001111 .
b110001111 9
b110001111 l
b11111000101 "
b11111000101 )
b11111000101 -
b11111000101 8
b11111000101 n
b111010010000 T
b110001111 7
b110001111 S
b11111000101 5
b11111000101 Q
b11111011001101000 C
b1101101001 D
b1010110100011 ^
b100010100010 4
b100010100010 \
b1011110110 2
b1011110110 Z
b1101100 o
b10111001100 ,
b10111001100 =
b10111001100 ]
b10111001100 q
b100000010010100 F
b1011010110 ;
b1011010110 B
b100111011000 u
b101111010100 t
b1101100 s
b10111001100 r
b1110111111 ?
b11101100001 >
b10010101010 A
b10010101010 L
b101111101101 @
b110001111 O
b111010010000 N
b1101011000100 P
b100111100110 :
b100111100110 K
b100111100110 M
b11011010010000000000000000 E
b1000010011101101101100 J
b1010010 j
b1101110100001 X
b100010100010 W
b1011110110 Y
b1011010110 $
b1011010110 (
b1011010110 1
b1011010110 V
1#
#7270000
0#
#7275000
b11110101011 6
b11110101011 R
b100010000100 p
b1000110011 3
b1000110011 [
b1001010101 .
b1001010101 9
b1001010101 l
b100010000100 "
b100010000100 )
b100010000100 -
b100010000100 8
b100010000100 n
b11111110011101100 C
b100111101101 D
b111101010110 T
b1001010101 7
b1001010101 S
b100010000100 5
b100010000100 Q
b1000101100111 ^
b10001100110 4
b10001100110 \
b101110111001 2
b101110111001 Z
b1100000011011000 F
b11111000101 o
b110001111 ,
b110001111 =
b110001111 ]
b110001111 q
b1011010111 ;
b1011010111 B
b1010011 j
b1001111011010000000000000000 E
b1000010100011100101000 J
b1101101001 :
b1101101001 K
b1101101001 M
b11101100001 ?
b10001010001 >
b1001010101 O
b111101010110 N
b100010000100 P
b101111101101 A
b101111101101 L
b10111001100 @
b101111010100 u
b1101100 t
b11111000101 s
b110001111 r
b1011101100101 X
b10001100110 W
b1111010111000 Y
b1011010111 $
b1011010111 (
b1011010111 1
b1011010111 V
1#
#7280000
0#
#7285000
b101011100 6
b101011100 R
b100011100000 p
b100100010111 3
b100100010111 [
b1010111000 .
b1010111000 9
b1010111000 l
b100011100000 "
b100011100000 )
b100011100000 -
b100011100000 8
b100011100000 n
b111110111001 T
b1010111000 7
b1010111000 S
b100011100000 5
b100011100000 Q
b11111011001101111 C
b1101110000 D
b100010101101 *
b100010101101 <
b100010101101 G
b100010101101 `
b110101 +
b110101 a
b1001000101110 ^
b10100101101 4
b10100101101 \
b110001111110 2
b110001111110 Z
b100010000100 o
b1001010101 ,
b1001010101 =
b1001010101 ]
b1001010101 q
b100000100011100 F
b10101 h
b1011011000 ;
b1011011000 B
b1101100 u
b11111000101 t
b100010000100 s
b1001010101 r
b10001010001 ?
b1000110011 >
b10111001100 A
b10111001100 L
b110001111 @
b1010111000 O
b111110111001 N
b1101111011111 P
b100111101101 :
b100111101101 K
b100111101101 M
b11011100000000000000000000 E
b1000010101001011100100 J
b1010100 j
b1100000101100 X
b10100101101 W
b1111101111101 Y
b1011011000 $
b1011011000 (
b1011011000 1
b1011011000 V
1#
#7290000
0#
#7295000
b100100000000 6
b100100000000 R
b101100100000 p
b100101001001 3
b100101001001 [
b10011111111 .
b10011111111 9
b10011111111 l
b101100100000 "
b101100100000 )
b101100100000 -
b101100100000 8
b101100100000 n
b1001000000000 T
b10011111111 7
b10011111111 S
b101100100000 5
b101100100000 Q
b1001010010010 ^
b10110010001 4
b10110010001 \
b110011100000 2
b110011100000 Z
b1110110000001000 F
b11111111100010101 C
b110000010110 D
b100011100000 o
b1010111000 ,
b1010111000 =
b1010111000 ]
b1010111000 q
b1011011001 ;
b1011011001 B
b1010101 j
b1100000101100000000000000000 E
b110001010101111111000 J
b1101110000 :
b1101110000 K
b1101110000 M
b1000110011 ?
b100100010111 >
b1011111111110 O
b10011111111 N
b1111000011111 P
b110001111 A
b110001111 L
b1001010101 @
b11111000101 u
b100010000100 t
b100011100000 s
b1010111000 r
b1100010010000 X
b10110010001 W
b1111111011111 Y
b1011011001 $
b1011011001 (
b1011011001 1
b1011011001 V
1#
#7300000
0#
#7305000
b10110101 6
b10110101 R
b1101000000 p
b101001101101 3
b101001101101 [
b101101010 .
b101101010 9
b101101010 l
b1101000000 "
b1101000000 )
b1101000000 -
b1101000000 8
b1101000000 n
b111001101011 T
b101101010 7
b101101010 S
b1101000000 5
b1101000000 Q
b11111101111011001 C
b100011011010 D
b1010011011010 ^
b11111011001 4
b11111011001 \
b1000100101 2
b1000100101 Z
b101100100000 o
b10011111111 ,
b10011111111 =
b10011111111 ]
b10011111111 q
b1010110001011011 F
b1011011010 ;
b1011011010 B
b100010000100 u
b100011100000 t
b101100100000 s
b10011111111 r
b100100010111 ?
b100101001001 >
b1001010101 A
b1001010101 L
b1010111000 @
b101101010 O
b111001101011 N
b1011000111111 P
b110000010110 :
b110000010110 K
b110000010110 M
b1000110110100000000000000000 E
b110001011010010100101 J
b1010110 j
b1101011011000 X
b11111011001 W
b1000100101 Y
b1011011010 $
b1011011010 (
b1011011010 1
b1011011010 V
1#
#7310000
0#
#7315000
b10111001001 6
b10111001001 R
b11011011111 p
b100010100011 3
b100010100011 [
b101110010010 .
b101110010010 9
b101110010010 l
b11011011111 "
b11011011111 )
b11011011111 -
b11011011111 8
b11011011111 n
b11111100010011101 C
b10110011110 D
b1100010010011 T
b101110010010 7
b101110010010 S
b11011011111 5
b11011011111 Q
b1000101000110 ^
b10001000101 4
b10001000101 \
b101110010000 2
b101110010000 Z
b110110010101110 F
b1101000000 o
b101101010 ,
b101101010 =
b101101010 ]
b101101010 q
b1011011011 ;
b1011011011 B
b1010111 j
b101100111100000000000000000 E
b110001011110101010010 J
b100011011010 :
b100011011010 K
b100011011010 M
b100101001001 ?
b101001101101 >
b1111010010001 O
b101110010010 N
b1100111011110 P
b1010111000 A
b1010111000 L
b10011111111 @
b100011100000 u
b101100100000 t
b1101000000 s
b101101010 r
b1011101000100 X
b10001000101 W
b1111010001111 Y
b1011011011 $
b1011011011 (
b1011011011 1
b1011011011 V
1#
#7320000
0#
#7325000
b101111001111 6
b101111001111 R
b110001100010 p
b11100110111 3
b11100110111 [
b101010011101 .
b101010011101 9
b101010011101 l
b110001100010 "
b110001100010 )
b110001100010 -
b110001100010 8
b110001100010 n
b1011110011110 T
b101010011101 7
b101010011101 S
b110001100010 5
b110001100010 Q
b11111010101100001 C
b1001100010 D
b101000111100 *
b101000111100 <
b101000111100 G
b101000111100 `
b110110 +
b110110 a
b111001101110 ^
b101101101 4
b101101101 \
b100010110110 2
b100010110110 Z
b11011011111 o
b101110010010 ,
b101110010010 =
b101110010010 ]
b101110010010 q
b10110100000001 F
b10110 h
b1011011100 ;
b1011011100 B
b101100100000 u
b1101000000 t
b11011011111 s
b101110010010 r
b101001101101 ?
b100010100011 >
b10011111111 A
b10011111111 L
b101101010 @
b1110110011100 O
b101010011101 N
b1111101100001 P
b10110011110 :
b10110011110 K
b10110011110 M
b10011000100000000000000000 E
b110001100010111111111 J
b1011000 j
b101101101 X
b111001101110 W
b100010110110 Y
b1011011100 $
b1011011100 (
b1011011100 1
b1011011100 V
1#
#7330000
0#
#7335000
b111100110 6
b111100110 R
b110000001001 p
b11010111101 3
b11010111101 [
b1111001100 .
b1111001100 9
b1111001100 l
b110000001001 "
b110000001001 )
b110000001001 -
b110000001001 8
b110000001001 n
b1000011001101 T
b1111001100 7
b1111001100 S
b110000001001 5
b110000001001 Q
b110101111010 ^
b1111001 4
b1111001 \
b11111000000 2
b11111000000 Z
b110001110000 F
b11111001110111110 C
b10111111 D
b110001100010 o
b101010011101 ,
b101010011101 =
b101010011101 ]
b101010011101 q
b1011011101 ;
b1011011101 B
b1011001 j
b101111110000000000000000 E
b111010100001110010000 J
b1001100010 :
b1001100010 K
b1001100010 M
b100010100011 ?
b11100110111 >
b1011011001011 O
b1111001100 N
b1111100001000 P
b101101010 A
b101101010 L
b101110010010 @
b1101000000 u
b11011011111 t
b110001100010 s
b101010011101 r
b1111001 X
b110101111010 W
b11111000000 Y
b1011011101 $
b1011011101 (
b1011011101 1
b1011011101 V
1#
#7340000
0#
#7345000
b110010101001 6
b110010101001 R
b101011010011 p
b1101010101 3
b1101010101 [
b110001010001 .
b110001010001 9
b110001010001 l
b101011010011 "
b101011010011 )
b101011010011 -
b101011010011 8
b101011010011 n
b1100101010010 T
b110001010001 7
b110001010001 S
b101011010011 5
b101011010011 Q
b11111001111010101 C
b11010110 D
b1001110101011 ^
b11010101010 4
b11010101010 \
b11101110 2
b11101110 Z
b110000001001 o
b1111001100 ,
b1111001100 =
b1111001100 ]
b1111001100 q
b111000110100 F
b1011011110 ;
b1011011110 B
b11011011111 u
b110001100010 t
b110000001001 s
b1111001100 r
b11100110111 ?
b11010111101 >
b101110010010 A
b101110010010 L
b101010011101 @
b1111101010000 O
b110001010001 N
b101011010011 P
b10111111 :
b10111111 K
b10111111 M
b110101100000000000000000 E
b111010100110111001100 J
b1011010 j
b1100110101001 X
b11010101010 W
b11101110 Y
b1011011110 $
b1011011110 (
b1011011110 1
b1011011110 V
1#
#7350000
0#
#7355000
b110000111010 6
b110000111010 R
b100111000111 p
b11110011000 3
b11110011000 [
b101101110011 .
b101101110011 9
b101101110011 l
b100111000111 "
b100111000111 )
b100111000111 -
b100111000111 8
b100111000111 n
b11111001111101100 C
b11101101 D
b1100001110100 T
b101101110011 7
b101101110011 S
b100111000111 5
b100111000111 Q
b111100110000 ^
b1000101111 4
b1000101111 \
b100101110010 2
b100101110010 Z
b111111111000 F
b101011010011 o
b110001010001 ,
b110001010001 =
b110001010001 ]
b110001010001 q
b1011011111 ;
b1011011111 B
b1011011 j
b111011010000000000000000 E
b111010101100000001000 J
b11010110 :
b11010110 K
b11010110 M
b11010111101 ?
b1101010101 >
b1111001110010 O
b101101110011 N
b100111000111 P
b101010011101 A
b101010011101 L
b1111001100 @
b110001100010 u
b110000001001 t
b101011010011 s
b110001010001 r
b1000101111 X
b111100110000 W
b100101110010 Y
b1011011111 $
b1011011111 (
b1011011111 1
b1011011111 V
1#
#7360000
0#
#7365000
b100011011101 6
b100011011101 R
b1011011111 p
b10101001 3
b10101001 [
b10010111001 .
b10010111001 9
b10010111001 l
b1011011111 "
b1011011111 )
b1011011111 -
b1011011111 8
b1011011111 n
b1000110111010 T
b10010111001 7
b10010111001 S
b1011011111 5
b1011011111 Q
b11111010000000011 C
b100000100 D
b100010011000 *
b100010011000 <
b100010011000 G
b100010011000 `
b110111 +
b110111 a
b111001010011 ^
b101010010 4
b101010010 \
b100010010011 2
b100010010011 Z
b100111000111 o
b101101110011 ,
b101101110011 =
b101101110011 ]
b101101110011 q
b1000110111100 F
b10111 h
b1011100000 ;
b1011100000 B
b110000001001 u
b101011010011 t
b100111000111 s
b101101110011 r
b1101010101 ?
b11110011000 >
b1111001100 A
b1111001100 L
b110001010001 @
b1011110111000 O
b10010111001 N
b1011011111 P
b11101101 :
b11101101 K
b11101101 M
b1000001000000000000000000 E
b111010110001001000100 J
b1011100 j
b101010010 X
b111001010011 W
b100010010011 Y
b1011100000 $
b1011100000 (
b1011100000 1
b1011100000 V
1#
#7370000
0#
#7375000
b101010 6
b101010 R
b101101001101 p
b1111001101 3
b1111001101 [
b1010100 .
b1010100 9
b1010100 l
b101101001101 "
b101101001101 )
b101101001101 -
b101101001101 8
b101101001101 n
b110101010101 T
b1010100 7
b1010100 S
b101101001101 5
b101101001101 Q
b1010010011011 ^
b11110011010 4
b11110011010 \
b111011000 2
b111011000 Z
b100101100000000 F
b11111011011100111 C
b1111101000 D
b1011011111 o
b10010111001 ,
b10010111001 =
b10010111001 ]
b10010111001 q
b1011100001 ;
b1011100001 B
b1011101 j
b11111010000000000000000000 E
b110001011010100000000 J
b100000100 :
b100000100 K
b100000100 M
b11110011000 ?
b10101001 >
b1010100 O
b110101010101 N
b101101001101 P
b110001010001 A
b110001010001 L
b101101110011 @
b101011010011 u
b100111000111 t
b1011011111 s
b10010111001 r
b1101010011001 X
b11110011010 W
b111011000 Y
b1011100001 $
b1011100001 (
b1011100001 1
b1011100001 V
1#
#7380000
0#
#7385000
b100101101 6
b100101101 R
b11110001011 p
b110011011 3
b110011011 [
b1001011010 .
b1001011010 9
b1001011010 l
b11110001011 "
b11110001011 )
b11110001011 -
b11110001011 8
b11110001011 n
b111101011011 T
b1001011010 7
b1001011010 S
b11110001011 5
b11110001011 Q
b11111111111010000 C
b110011010001 D
b1000000110111 ^
b1100110110 4
b1100110110 \
b101001110011 2
b101001110011 Z
b101101001101 o
b1010100 ,
b1010100 =
b1010100 ]
b1010100 q
b1111101001101000 F
b1011100010 ;
b1011100010 B
b100111000111 u
b1011011111 t
b101101001101 s
b1010100 r
b10101001 ?
b1111001101 >
b101101110011 A
b101101110011 L
b10010111001 @
b1001011010 O
b111101011011 N
b11110001011 P
b1111101000 :
b1111101000 K
b1111101000 M
b1100110100010000000000000000 E
b110001011110110011000 J
b1011110 j
b1011000110101 X
b1100110110 W
b1110101110010 Y
b1011100010 $
b1011100010 (
b1011100010 1
b1011100010 V
1#
#7390000
0#
#7395000
b100011000101 6
b100011000101 R
b10011101001 p
b100100011111 3
b100100011111 [
b10010001001 .
b10010001001 9
b10010001001 l
b10011101001 "
b10011101001 )
b10011101001 -
b10011101001 8
b10011101001 n
b11111101110111000 C
b100010111001 D
b1000110001010 T
b10010001001 7
b10010001001 S
b10011101001 5
b10011101001 Q
b1001000111110 ^
b10100111101 4
b10100111101 \
b110001111000 2
b110001111000 Z
b1010100111010000 F
b11110001011 o
b1001011010 ,
b1001011010 =
b1001011010 ]
b1001011010 q
b1011100011 ;
b1011100011 B
b1011111 j
b1000101110010000000000000000 E
b110001100011000110000 J
b110011010001 :
b110011010001 K
b110011010001 M
b1111001101 ?
b110011011 >
b10010001001 O
b1000110001010 N
b1011111101000 P
b10010111001 A
b10010111001 L
b1010100 @
b1011011111 u
b101101001101 t
b11110001011 s
b1001011010 r
b1100000111100 X
b10100111101 W
b1111101110111 Y
b1011100011 $
b1011100011 (
b1011100011 1
b1011100011 V
1#
#7400000
0#
#7405000
b101100000111 6
b101100000111 R
b10010011100 p
b101000110111 3
b101000110111 [
b100100001101 .
b100100001101 9
b100100001101 l
b10010011100 "
b10010011100 )
b10010011100 -
b10010011100 8
b10010011100 n
b1011000001110 T
b100100001101 7
b100100001101 S
b10010011100 5
b10010011100 Q
b11111011110100000 C
b10010100001 D
b11101100001 *
b11101100001 <
b11101100001 G
b11101100001 `
b111000 +
b111000 a
b1010001101110 ^
b11101101101 4
b11101101101 \
b110100101 2
b110100101 Z
b10011101001 o
b10010001001 ,
b10010001001 =
b10010001001 ]
b10010001001 q
b101100100111000 F
b11000 h
b1011100100 ;
b1011100100 B
b101101001101 u
b11110001011 t
b10011101001 s
b10010001001 r
b110011011 ?
b100100011111 >
b1010100 A
b1010100 L
b1001011010 @
b1110000001100 O
b100100001101 N
b1011110011011 P
b100010111001 :
b100010111001 K
b100010111001 M
b100101000010000000000000000 E
b110001100111011001000 J
b1100000 j
b1101001101100 X
b11101101101 W
b110100101 Y
b1011100100 $
b1011100100 (
b1011100100 1
b1011100100 V
1#
#7410000
0#
#7415000
b100111111110 6
b100111111110 R
b101010111010 p
b10111111001 3
b10111111001 [
b11011111011 .
b11011111011 9
b11011111011 l
b101010111010 "
b101010111010 )
b101010111010 -
b101010111010 8
b101010111010 n
b1001111111100 T
b11011111011 7
b11011111011 S
b101010111010 5
b101010111010 Q
b1100011110011 ^
b101111110010 4
b101111110010 \
b11000101000 2
b11000101000 Z
b1011111110011100 F
b11111110011010000 C
b100111010001 D
b10010011100 o
b100100001101 ,
b100100001101 =
b100100001101 ]
b100100001101 q
b1011100101 ;
b1011100101 B
b1100001 j
b1001110100010000000000000000 E
b101010101010001100100 J
b10010100001 :
b10010100001 K
b10010100001 M
b100100011111 ?
b101000110111 >
b1100111111010 O
b11011111011 N
b1110110111001 P
b1001011010 A
b1001011010 L
b10010001001 @
b11110001011 u
b10011101001 t
b10010011100 s
b100100001101 r
b1111011110001 X
b101111110010 W
b11000101000 Y
b1011100101 $
b1011100101 (
b1011100101 1
b1011100101 V
1#
#7420000
0#
#7425000
b11100101101 6
b11100101101 R
b11110111001 p
b101101110001 3
b101101110001 [
b101011001 .
b101011001 9
b101011001 l
b11110111001 "
b11110111001 )
b11110111001 -
b11110111001 8
b11110111001 n
b111001011010 T
b101011001 7
b101011001 S
b11110111001 5
b11110111001 Q
b11111101101111001 C
b100001111010 D
b1011011100010 ^
b100111100001 4
b100111100001 \
b10000010101 2
b10000010101 Z
b101010111010 o
b11011111011 ,
b11011111011 =
b11011111011 ]
b11011111011 q
b1010010100111011 F
b1011100110 ;
b1011100110 B
b10011101001 u
b10010011100 t
b101010111010 s
b11011111011 r
b101000110111 ?
b10111111001 >
b10010001001 A
b10010001001 L
b100100001101 @
b101011001 O
b111001011010 N
b1101010111000 P
b100111010001 :
b100111010001 K
b100111010001 M
b1000011110100000000000000000 E
b101010101101111000101 J
b1100010 j
b1110011100000 X
b100111100001 W
b10000010101 Y
b1011100110 $
b1011100110 (
b1011100110 1
b1011100110 V
1#
#7430000
0#
#7435000
b1001000011 6
b1001000011 R
b10010011 p
b1000100000 3
b1000100000 [
b10010000110 .
b10010000110 9
b10010000110 l
b10010011 "
b10010011 )
b10010011 -
b10010011 8
b10010011 n
b11111101000100010 C
b11100100011 D
b1000110000111 T
b10010000110 7
b10010000110 S
b10010011 5
b10010011 Q
b1000101000001 ^
b10001000000 4
b10001000000 \
b101101110011 2
b101101110011 Z
b1000101011011010 F
b11110111001 o
b101011001 ,
b101011001 =
b101011001 ]
b101011001 q
b1011100111 ;
b1011100111 B
b1100011 j
b111001000110000000000000000 E
b101010110001100100110 J
b100001111010 :
b100001111010 K
b100001111010 M
b10111111001 ?
b101101110001 >
b10010000110 O
b1000110000111 N
b10010011 P
b100100001101 A
b100100001101 L
b11011111011 @
b10010011100 u
b101010111010 t
b11110111001 s
b101011001 r
b1011100111111 X
b10001000000 W
b1111001110010 Y
b1011100111 $
b1011100111 (
b1011100111 1
b1011100111 V
1#
#7440000
0#
#7445000
b11100001111 6
b11100001111 R
b110011011001 p
b1110110111 3
b1110110111 [
b100011101 .
b100011101 9
b100011101 l
b110011011001 "
b110011011001 )
b110011011001 -
b110011011001 8
b110011011001 n
b111000011110 T
b100011101 7
b100011101 S
b110011011001 5
b110011011001 Q
b11111100011001011 C
b10111001100 D
b1011110101 *
b1011110101 <
b1011110101 G
b1011110101 `
b111001 +
b111001 a
b1010001101111 ^
b11101101110 4
b11101101110 \
b110011110 2
b110011110 Z
b10010011 o
b10010000110 ,
b10010000110 =
b10010000110 ]
b10010000110 q
b111000001111001 F
b11001 h
b1011101000 ;
b1011101000 B
b101010111010 u
b11110111001 t
b10010011 s
b10010000110 r
b101101110001 ?
b1000100000 >
b11011111011 A
b11011111011 L
b101011001 @
b100011101 O
b111000011110 N
b1111111011000 P
b11100100011 :
b11100100011 K
b11100100011 M
b101110011000000000000000000 E
b101010110101010000111 J
b1100100 j
b1101001101101 X
b11101101110 W
b110011110 Y
b1011101000 $
b1011101000 (
b1011101000 1
b1011101000 V
1#
#7450000
0#
#7455000
b101000010011 6
b101000010011 R
b100010001110 p
b1000000011 3
b1000000011 [
b11100100101 .
b11100100101 9
b11100100101 l
b100010001110 "
b100010001110 )
b100010001110 -
b100010001110 8
b100010001110 n
b1010000100110 T
b11100100101 7
b11100100101 S
b100010001110 5
b100010001110 Q
b1000100000111 ^
b10000000110 4
b10000000110 \
b101100110101 2
b101100110101 Z
b1100111111111000 F
b11111110110011000 C
b101010011001 D
b110011011001 o
b100011101 ,
b100011101 =
b100011101 ]
b100011101 q
b1011101001 ;
b1011101001 B
b1100101 j
b1010100110010000000000000000 E
b10001001100000001000 J
b10111001100 :
b10111001100 K
b10111001100 M
b1000100000 ?
b1110110111 >
b1101000100100 O
b11100100101 N
b1101110001101 P
b101011001 A
b101011001 L
b10010000110 @
b11110111001 u
b10010011 t
b110011011001 s
b100011101 r
b1011100000101 X
b10000000110 W
b1111000110100 Y
b1011101001 $
b1011101001 (
b1011101001 1
b1011101001 V
1#
#7460000
0#
#7465000
b100001111 6
b100001111 R
b11011101110 p
b101110001000 3
b101110001000 [
b1000011110 .
b1000011110 9
b1000011110 l
b11011101110 "
b11011101110 )
b11011101110 -
b11011101110 8
b11011101110 n
b111100011111 T
b1000011110 7
b1000011110 S
b11011101110 5
b11011101110 Q
b11111011000101110 C
b1100101111 D
b1011100010000 ^
b101000001111 4
b101000001111 \
b10000111011 2
b10000111011 Z
b100010001110 o
b11100100101 ,
b11100100101 =
b11100100101 ]
b11100100101 q
b11111000000011 F
b1011101010 ;
b1011101010 B
b10010011 u
b110011011001 t
b100010001110 s
b11100100101 r
b1110110111 ?
b1000000011 >
b10010000110 A
b10010000110 L
b100011101 @
b1000011110 O
b111100011111 N
b1100111101101 P
b101010011001 :
b101010011001 K
b101010011001 M
b11001011110000000000000000 E
b10001001101011111101 J
b1100110 j
b1110100001110 X
b101000001111 W
b10000111011 Y
b1011101010 $
b1011101010 (
b1011101010 1
b1011101010 V
1#
#7470000
0#
#7475000
b1000100110 6
b1000100110 R
b101011101111 p
b100100000101 3
b100100000101 [
b10001001100 .
b10001001100 9
b10001001100 l
b101011101111 "
b101011101111 )
b101011101111 -
b101011101111 8
b101011101111 n
b11111101111000101 C
b100011000110 D
b1000101001101 T
b10001001100 7
b10001001100 S
b101011101111 5
b101011101111 Q
b1001000001010 ^
b10100001001 4
b10100001001 \
b110000110100 2
b110000110100 Z
b1010110000001110 F
b11011101110 o
b1000011110 ,
b1000011110 =
b1000011110 ]
b1000011110 q
b1011101011 ;
b1011101011 B
b1100111 j
b1000110001100000000000000000 E
b10001001110111110010 J
b1100101111 :
b1100101111 K
b1100101111 M
b1000000011 ?
b101110001000 >
b1011101001011 O
b10001001100 N
b1110111101110 P
b100011101 A
b100011101 L
b11100100101 @
b110011011001 u
b100010001110 t
b11011101110 s
b1000011110 r
b1100000001000 X
b10100001001 W
b1111100110011 Y
b1011101011 $
b1011101011 (
b1011101011 1
b1011101011 V
1#
#7480000
0#
#7485000
b101110101 6
b101110101 R
b101101100000 p
b1110011100 3
b1110011100 [
b1011101010 .
b1011101010 9
b1011101010 l
b101101100000 "
b101101100000 )
b101101100000 -
b101101100000 8
b101101100000 n
b111111101011 T
b1011101010 7
b1011101010 S
b101101100000 5
b101101100000 Q
b11111010001011011 C
b101011100 D
b10100110100 *
b10100110100 <
b10100110100 G
b10100110100 `
b111010 +
b111010 a
b1010000111001 ^
b11100111000 4
b11100111000 \
b101100000 2
b101100000 Z
b101011101111 o
b10001001100 ,
b10001001100 =
b10001001100 ]
b10001001100 q
b1101000011001 F
b11010 h
b1011101100 ;
b1011101100 B
b100010001110 u
b11011101110 t
b101011101111 s
b10001001100 r
b101110001000 ?
b100100000101 >
b11100100101 A
b11100100101 L
b1000011110 @
b1011101010 O
b111111101011 N
b1111001011111 P
b100011000110 :
b100011000110 K
b100011000110 M
b1010111000000000000000000 E
b10001010000011100111 J
b1101000 j
b1101000110111 X
b11100111000 W
b101100000 Y
b1011101100 $
b1011101100 (
b1011101100 1
b1011101100 V
1#
#7490000
0#
#7495000
b110111101 6
b110111101 R
b11000010 p
b100101101100 3
b100101101100 [
b1101111010 .
b1101111010 9
b1101111010 l
b11000010 "
b11000010 )
b11000010 -
b11000010 8
b11000010 n
b1000001111011 T
b1101111010 7
b1101111010 S
b11000010 5
b11000010 Q
b1001011011000 ^
b10111010111 4
b10111010111 \
b110011111110 2
b110011111110 Z
b1111110000010000 F
b11111111111011100 C
b110011011101 D
b101101100000 o
b1011101010 ,
b1011101010 =
b1011101010 ]
b1011101010 q
b1011101101 ;
b1011101101 B
b1101001 j
b1100110111010000000000000000 E
b11110011001111110000 J
b101011100 :
b101011100 K
b101011100 M
b100100000101 ?
b1110011100 >
b1011001111001 O
b1101111010 N
b11000010 P
b1000011110 A
b1000011110 L
b10001001100 @
b11011101110 u
b101011101111 t
b101101100000 s
b1011101010 r
b1100011010110 X
b10111010111 W
b1111111111101 Y
b1011101101 $
b1011101101 (
b1011101101 1
b1011101101 V
1#
#7500000
0#
#7505000
b1000010100 6
b1000010100 R
b10001110000 p
b1100110100 3
b1100110100 [
b10000101000 .
b10000101000 9
b10000101000 l
b10001110000 "
b10001110000 )
b10001110000 -
b10001110000 8
b10001110000 n
b1000100101001 T
b10000101000 7
b10000101000 S
b10001110000 5
b10001110000 Q
b11111101011101100 C
b11111101101 D
b1001101101001 ^
b11001101000 4
b11001101000 \
b10001100 2
b10001100 Z
b11000010 o
b1101111010 ,
b1101111010 =
b1101111010 ]
b1101111010 q
b1001101011011100 F
b1011101110 ;
b1011101110 B
b101011101111 u
b101101100000 t
b11000010 s
b1101111010 r
b1110011100 ?
b100101101100 >
b10001001100 A
b10001001100 L
b1011101010 @
b10000101000 O
b1000100101001 N
b1011101101111 P
b110011011101 :
b110011011101 K
b110011011101 M
b111111011010000000000000000 E
b11110011100100100100 J
b1101010 j
b1100101100111 X
b11001101000 W
b10001100 Y
b1011101110 $
b1011101110 (
b1011101110 1
b1011101110 V
1#
#7510000
0#
#7515000
b101111101100 6
b101111101100 R
b11111111110 p
b101000001100 3
b101000001100 [
b101011010111 .
b101011010111 9
b101011010111 l
b11111111110 "
b11111111110 )
b11111111110 -
b11111111110 8
b11111111110 n
b11111010111111100 C
b1011111101 D
b1011111011000 T
b101011010111 7
b101011010111 S
b11111111110 5
b11111111110 Q
b1010000011000 ^
b11100010111 4
b11100010111 \
b100111001 2
b100111001 Z
b11100110101000 F
b10001110000 o
b10000101000 ,
b10000101000 =
b10000101000 ]
b10000101000 q
b1011101111 ;
b1011101111 B
b1101011 j
b10111111010000000000000000 E
b11110011111001011000 J
b11111101101 :
b11111101101 K
b11111101101 M
b100101101100 ?
b1100110100 >
b1110111010110 O
b101011010111 N
b1101011111101 P
b1011101010 A
b1011101010 L
b1101111010 @
b101101100000 u
b11000010 t
b10001110000 s
b10000101000 r
b1101000010110 X
b11100010111 W
b100111001 Y
b1011101111 $
b1011101111 (
b1011101111 1
b1011101111 V
1#
#7520000
0#
#7525000
b100110111100 6
b100110111100 R
b1111101 p
b1100011 3
b1100011 [
b11001110111 .
b11001110111 9
b11001110111 l
b1111101 "
b1111101 )
b1111101 -
b1111101 8
b1111101 n
b1001101111000 T
b11001110111 7
b11001110111 S
b1111101 5
b1111101 Q
b11111111000001101 C
b101100001110 D
b101010101000 *
b101010101000 <
b101010101000 G
b101010101000 `
b111011 +
b111011 a
b110111000111 ^
b11000110 4
b11000110 \
b11111100111 2
b11111100111 Z
b11111111110 o
b101011010111 ,
b101011010111 =
b101011010111 ]
b101011010111 q
b1101100001110100 F
b11011 h
b1011110000 ;
b1011110000 B
b11000010 u
b10001110000 t
b11111111110 s
b101011010111 r
b1100110100 ?
b101000001100 >
b1101111010 A
b1101111010 L
b10000101000 @
b1100101110110 O
b11001110111 N
b1111101 P
b1011111101 :
b1011111101 K
b1011111101 M
b1011000011100000000000000000 E
b11110100001110001100 J
b1101100 j
b11000110 X
b110111000111 W
b11111100111 Y
b1011110000 $
b1011110000 (
b1011110000 1
b1011110000 V
1#
#7530000
0#
#7535000
b11110011011 6
b11110011011 R
b11000011011 p
b10010110100 3
b10010110100 [
b1000110101 .
b1000110101 9
b1000110101 l
b11000011011 "
b11000011011 )
b11000011011 -
b11000011011 8
b11000011011 n
b111100110110 T
b1000110101 7
b1000110101 S
b11000011011 5
b11000011011 Q
b1011001101001 ^
b100101101000 4
b100101101000 \
b1110000110 2
b1110000110 Z
b11001010000000 F
b11111010110101111 C
b1010110000 D
b1111101 o
b11001110111 ,
b11001110111 =
b11001110111 ]
b11001110111 q
b1011110001 ;
b1011110001 B
b1101101 j
b10101100000000000000000000 E
b111110100110110000000 J
b101100001110 :
b101100001110 K
b101100001110 M
b101000001100 ?
b1100011 >
b1000110101 O
b111100110110 N
b1100100011010 P
b10000101000 A
b10000101000 L
b101011010111 @
b10001110000 u
b11111111110 t
b1111101 s
b11001110111 r
b1110001100111 X
b100101101000 W
b1110000110 Y
b1011110001 $
b1011110001 (
b1011110001 1
b1011110001 V
1#
#7540000
0#
#7545000
b1000011 6
b1000011 R
b100000100111 p
b100100010100 3
b100100010100 [
b10000110 .
b10000110 9
b10000110 l
b100000100111 "
b100000100111 )
b100000100111 -
b100000100111 8
b100000100111 n
b110110000111 T
b10000110 7
b10000110 S
b100000100111 5
b100000100111 Q
b11111110000001101 C
b100100001110 D
b1001000101000 ^
b10100100111 4
b10100100111 \
b110001000100 2
b110001000100 Z
b11000011011 o
b1000110101 ,
b1000110101 =
b1000110101 ]
b1000110101 q
b1010111111011000 F
b1011110010 ;
b1011110010 B
b11111111110 u
b1111101 t
b11000011011 s
b1000110101 r
b1100011 ?
b10010110100 >
b101011010111 A
b101011010111 L
b11001110111 @
b10000110 O
b110110000111 N
b100000100111 P
b1010110000 :
b1010110000 K
b1010110000 M
b1001000011100000000000000000 E
b111110101100000101000 J
b1101110 j
b1100000100110 X
b10100100111 W
b1111101000011 Y
b1011110010 $
b1011110010 (
b1011110010 1
b1011110010 V
1#
#7550000
0#
#7555000
b101000010 6
b101000010 R
b101001101010 p
b100000111101 3
b100000111101 [
b1010000100 .
b1010000100 9
b1010000100 l
b101001101010 "
b101001101010 )
b101001101010 -
b101001101010 8
b101001101010 n
b11111010101101010 C
b1001101011 D
b111110000101 T
b1010000100 7
b1010000100 S
b101001101010 5
b101001101010 Q
b1000001111010 ^
b1101111001 4
b1101111001 \
b101010010100 2
b101010010100 Z
b10110100110000 F
b100000100111 o
b10000110 ,
b10000110 =
b10000110 ]
b10000110 q
b1011110011 ;
b1011110011 B
b1101111 j
b10011010110000000000000000 E
b111110110001011010000 J
b100100001110 :
b100100001110 K
b100100001110 M
b10010110100 ?
b100100010100 >
b1010000100 O
b111110000101 N
b1110101101001 P
b11001110111 A
b11001110111 L
b1000110101 @
b1111101 u
b11000011011 t
b100000100111 s
b10000110 r
b1011001111000 X
b1101111001 W
b1110110010011 Y
b1011110011 $
b1011110011 (
b1011110011 1
b1011110011 V
1#
#7560000
0#
#7565000
b1001010000 6
b1001010000 R
b110011001011 p
b1010111100 3
b1010111100 [
b10010100000 .
b10010100000 9
b10010100000 l
b110011001011 "
b110011001011 )
b110011001011 -
b110011001011 8
b110011001011 n
b1000110100001 T
b10010100000 7
b10010100000 S
b110011001011 5
b110011001011 Q
b11111101111001000 C
b100011001001 D
b100111111000 *
b100111111000 <
b100111111000 G
b100111111000 `
b111100 +
b111100 a
b1001001111001 ^
b10101111000 4
b10101111000 \
b110010010001 2
b110010010001 Z
b101001101010 o
b1010000100 ,
b1010000100 =
b1010000100 ]
b1010000100 q
b1010101010001000 F
b11100 h
b1011110100 ;
b1011110100 B
b11000011011 u
b100000100111 t
b101001101010 s
b1010000100 r
b100100010100 ?
b100000111101 >
b1000110101 A
b1000110101 L
b10000110 @
b1011110011111 O
b10010100000 N
b1111111001010 P
b1001101011 :
b1001101011 K
b1001101011 M
b1000110010010000000000000000 E
b111110110110101111000 J
b1110000 j
b1100001110111 X
b10101111000 W
b1111110010000 Y
b1011110100 $
b1011110100 (
b1011110100 1
b1011110100 V
1#
#7570000
0#
#7575000
b101100101000 6
b101100101000 R
b10010111110 p
b101001001011 3
b101001001011 [
b100101001111 .
b100101001111 9
b100101001111 l
b10010111110 "
b10010111110 )
b10010111110 -
b10010111110 8
b10010111110 n
b1011001010000 T
b100101001111 7
b100101001111 S
b10010111110 5
b10010111110 Q
b1010010010110 ^
b11110010101 4
b11110010101 \
b110101011 2
b110101011 Z
b110111110100000 F
b11111100011001000 C
b10111001001 D
b110011001011 o
b10010100000 ,
b10010100000 =
b10010100000 ]
b10010100000 q
b1011110101 ;
b1011110101 B
b1110001 j
b101110010010000000000000000 E
b111010111000001100000 J
b100011001001 :
b100011001001 K
b100011001001 M
b100000111101 ?
b1010111100 >
b1110001001110 O
b100101001111 N
b1011110111101 P
b10000110 A
b10000110 L
b1010000100 @
b100000100111 u
b101001101010 t
b110011001011 s
b10010100000 r
b1101010010100 X
b11110010101 W
b110101011 Y
b1011110101 $
b1011110101 (
b1011110101 1
b1011110101 V
1#
#7580000
0#
#7585000
b101010100111 6
b101010100111 R
b100110111100 p
b110010100011 3
b110010100011 [
b100001001101 .
b100001001101 9
b100001001101 l
b100110111100 "
b100110111100 )
b100110111100 -
b100110111100 8
b100110111100 n
b1010101001110 T
b100001001101 7
b100001001101 S
b100110111100 5
b100110111100 Q
b11111111111111111 C
b110100000000 D
b1100101000110 ^
b110001000101 4
b110001000101 \
b11001011001 2
b11001011001 Z
b10010111110 o
b100101001111 ,
b100101001111 =
b100101001111 ]
b100101001111 q
b1111110110101000 F
b1011110110 ;
b1011110110 B
b101001101010 u
b110011001011 t
b10010111110 s
b100101001111 r
b1010111100 ?
b101001001011 >
b1010000100 A
b1010000100 L
b10010100000 @
b1101101001100 O
b100001001101 N
b1110010111011 P
b10111001001 :
b10111001001 K
b10111001001 M
b1101000000000000000000000000 E
b111010111101001011000 J
b1110010 j
b1111101000100 X
b110001000101 W
b11001011001 Y
b1011110110 $
b1011110110 (
b1011110110 1
b1011110110 V
1#
#7590000
0#
#7595000
b100011010000 6
b100011010000 R
b10010100001 p
b10110100010 3
b10110100010 [
b10010011111 .
b10010011111 9
b10010011111 l
b10010100001 "
b10010100001 )
b10010100001 -
b10010100001 8
b10010100001 n
b11111101000110101 C
b11100110110 D
b1000110100000 T
b10010011111 7
b10010011111 S
b10010100001 5
b10010100001 Q
b1100001000101 ^
b101101000100 4
b101101000100 \
b10101010110 2
b10101010110 Z
b1000101110110000 F
b100110111100 o
b100001001101 ,
b100001001101 =
b100001001101 ]
b100001001101 q
b1011110111 ;
b1011110111 B
b1110011 j
b111001101100000000000000000 E
b111011000010001010000 J
b110100000000 :
b110100000000 K
b110100000000 M
b101001001011 ?
b110010100011 >
b10010011111 O
b1000110100000 N
b1011110100000 P
b10010100000 A
b10010100000 L
b100101001111 @
b110011001011 u
b10010111110 t
b100110111100 s
b100001001101 r
b1111001000011 X
b101101000100 W
b10101010110 Y
b1011110111 $
b1011110111 (
b1011110111 1
b1011110111 V
1#
#7600000
0#
#7605000
b111000010 6
b111000010 R
b1000011001 p
b101001001100 3
b101001001100 [
b1110000100 .
b1110000100 9
b1110000100 l
b1000011001 "
b1000011001 )
b1000011001 -
b1000011001 8
b1000011001 n
b1000010000101 T
b1110000100 7
b1110000100 S
b1000011001 5
b1000011001 Q
b11111010001101011 C
b101101100 D
b10111111010 *
b10111111010 <
b10111111010 G
b10111111010 `
b111101 +
b111101 a
b1010010011000 ^
b11110010111 4
b11110010111 \
b110100111 2
b110100111 Z
b10010100001 o
b10010011111 ,
b10010011111 =
b10010011111 ]
b10010011111 q
b1100110111000 F
b11101 h
b1011111000 ;
b1011111000 B
b10010111110 u
b100110111100 t
b10010100001 s
b10010011111 r
b110010100011 ?
b10110100010 >
b100101001111 A
b100101001111 L
b100001001101 @
b1110000100 O
b1000010000101 N
b1000011001 P
b11100110110 :
b11100110110 K
b11100110110 M
b1011011000000000000000000 E
b111011000111001001000 J
b1110100 j
b1101010010110 X
b11110010111 W
b110100111 Y
b1011111000 $
b1011111000 (
b1011111000 1
b1011111000 V
1#
#7610000
0#
#7615000
b101101011101 6
b101101011101 R
b11011100001 p
b100110111111 3
b100110111111 [
b100110111001 .
b100110111001 9
b100110111001 l
b11011100001 "
b11011100001 )
b11011100001 -
b11011100001 8
b11011100001 n
b1011010111010 T
b100110111001 7
b100110111001 S
b11011100001 5
b11011100001 Q
b1001101111110 ^
b11001111101 4
b11001111101 \
b10001011 2
b10001011 Z
b1011000111010000 F
b11111110000011001 C
b100100011010 D
b1000011001 o
b1110000100 ,
b1110000100 =
b1110000100 ]
b1110000100 q
b1011111001 ;
b1011111001 B
b1110101 j
b1001000110100000000000000000 E
b100011011111000110000 J
b101101100 :
b101101100 K
b101101100 M
b10110100010 ?
b101001001100 >
b1110010111000 O
b100110111001 N
b11011100001 P
b100001001101 A
b100001001101 L
b10010011111 @
b100110111100 u
b10010100001 t
b1000011001 s
b1110000100 r
b1100101111100 X
b11001111101 W
b10001011 Y
b1011111001 $
b1011111001 (
b1011111001 1
b1011111001 V
1#
#7620000
0#
#7625000
b1011100 6
b1011100 R
b100010000110 p
b110011011010 3
b110011011010 [
b10111000 .
b10111000 9
b10111000 l
b100010000110 "
b100010000110 )
b100010000110 -
b100010000110 8
b100010000110 n
b110110111001 T
b10111000 7
b10111000 S
b100010000110 5
b100010000110 Q
b11111011111010101 C
b10011010110 D
b1100110110100 ^
b110010110011 4
b110010110011 \
b11010111111 2
b11010111111 Z
b11011100001 o
b100110111001 ,
b100110111001 =
b100110111001 ]
b100110111001 q
b101110111010110 F
b1011111010 ;
b1011111010 B
b10010100001 u
b1000011001 t
b11011100001 s
b100110111001 r
b101001001100 ?
b100110111111 >
b10010011111 A
b10010011111 L
b1110000100 @
b10111000 O
b110110111001 N
b1101110000101 P
b100100011010 :
b100100011010 K
b100100011010 M
b100110101100000000000000000 E
b100011100010000101010 J
b1110110 j
b1111110110010 X
b110010110011 W
b11010111111 Y
b1011111010 $
b1011111010 (
b1011111010 1
b1011111010 V
1#
#7630000
0#
#7635000
b10000101101 6
b10000101101 R
b101110101111 p
b100001011010 3
b100001011010 [
b100001011010 .
b100001011010 9
b100001011010 l
b101110101111 "
b101110101111 )
b101110101111 -
b101110101111 8
b101110101111 n
b11111001110010001 C
b10010010 D
b1010101011011 T
b100001011010 7
b100001011010 S
b101110101111 5
b101110101111 Q
b1000010110100 ^
b1110110011 4
b1110110011 \
b101010111110 2
b101010111110 Z
b100111011100 F
b100010000110 o
b10111000 ,
b10111000 =
b10111000 ]
b10111000 q
b1011111011 ;
b1011111011 B
b1110111 j
b100100100000000000000000 E
b100011100101000100100 J
b10011010110 :
b10011010110 K
b10011010110 M
b100110111111 ?
b110011011010 >
b1101101011001 O
b100001011010 N
b1111010101110 P
b1110000100 A
b1110000100 L
b100110111001 @
b1000011001 u
b11011100001 t
b100010000110 s
b10111000 r
b1011010110010 X
b1110110011 W
b1110110111101 Y
b1011111011 $
b1011111011 (
b1011111011 1
b1011111011 V
1#
#7640000
0#
#7645000
b101110100110 6
b101110100110 R
b100100100111 p
b10110101011 3
b10110101011 [
b101001001011 .
b101001001011 9
b101001001011 l
b100100100111 "
b100100100111 )
b100100100111 -
b100100100111 8
b100100100111 n
b1011101001100 T
b101001001011 7
b101001001011 S
b100100100111 5
b100100100111 Q
b11111110001001110 C
b100101001111 D
b100011100011 *
b100011100011 <
b100011100011 G
b100011100011 `
b111110 +
b111110 a
b1100001010111 ^
b101101010110 4
b101101010110 \
b10101011110 2
b10101011110 Z
b101110101111 o
b100001011010 ,
b100001011010 =
b100001011010 ]
b100001011010 q
b1011010111100010 F
b11110 h
b1011111100 ;
b1011111100 B
b11011100001 u
b100010000110 t
b101110101111 s
b100001011010 r
b110011011010 ?
b100001011010 >
b100110111001 A
b100110111001 L
b10111000 @
b1110101001010 O
b101001001011 N
b100100100111 P
b10010010 :
b10010010 K
b10010010 M
b1001010011110000000000000000 E
b100011101000000011110 J
b1111000 j
b1111001010101 X
b101101010110 W
b10101011110 Y
b1011111100 $
b1011111100 (
b1011111100 1
b1011111100 V
1#
#7650000
0#
#7655000
b101110000100 6
b101110000100 R
b10001101010 p
b11010100100 3
b11010100100 [
b101000000111 .
b101000000111 9
b101000000111 l
b10001101010 "
b10001101010 )
b10001101010 -
b10001101010 8
b10001101010 n
b1011100001000 T
b101000000111 7
b101000000111 S
b10001101010 5
b10001101010 Q
b110101001000 ^
b1000111 4
b1000111 \
b11101001110 2
b11101001110 Z
b101111010001100 F
b11111011111100111 C
b10011101000 D
b100100100111 o
b101001001011 ,
b101001001011 =
b101001001011 ]
b101001001011 q
b1011111101 ;
b1011111101 B
b1111001 j
b100111010000000000000000000 E
b110101000010101110100 J
b100101001111 :
b100101001111 K
b100101001111 M
b100001011010 ?
b10110101011 >
b1110100000110 O
b101000000111 N
b1011101101001 P
b10111000 A
b10111000 L
b100001011010 @
b100010000110 u
b101110101111 t
b100100100111 s
b101001001011 r
b1000111 X
b110101001000 W
b11101001110 Y
b1011111101 $
b1011111101 (
b1011111101 1
b1011111101 V
1#
#7660000
0#
#7665000
b11010100001 6
b11010100001 R
b1101110010 p
b10 3
b10 [
b1000001 .
b1000001 9
b1000001 l
b1101110010 "
b1101110010 )
b1101110010 -
b1101110010 8
b1101110010 n
b110101000010 T
b1000001 7
b1000001 S
b1101110010 5
b1101110010 Q
b11111111001001111 C
b101101010000 D
b110100000101 ^
b100 4
b100 \
b11100001001 2
b11100001001 Z
b10001101010 o
b101000000111 ,
b101000000111 =
b101000000111 ]
b101000000111 q
b1101110010101001 F
b1011111110 ;
b1011111110 B
b101110101111 u
b100100100111 t
b10001101010 s
b101000000111 r
b10110101011 ?
b11010100100 >
b100001011010 A
b100001011010 L
b101001001011 @
b1000001 O
b110101000010 N
b1101110010 P
b10011101000 :
b10011101000 K
b10011101000 M
b1011010100000000000000000000 E
b110101000111001010111 J
b1111010 j
b100 X
b110100000101 W
b11100001001 Y
b1011111110 $
b1011111110 (
b1011111110 1
b1011111110 V
1#
#7670000
0#
#7675000
b10001001101 6
b10001001101 R
b101111111100 p
b110100000 3
b110100000 [
b100010011010 .
b100010011010 9
b100010011010 l
b101111111100 "
b101111111100 )
b101111111100 -
b101111111100 8
b101111111100 n
b11111011110110110 C
b10010110111 D
b1010110011011 T
b100010011010 7
b100010011010 S
b101111111100 5
b101111111100 Q
b1000001000001 ^
b1101000000 4
b1101000000 \
b101001000011 2
b101001000011 Z
b101101011000110 F
b1101110010 o
b1000001 ,
b1000001 =
b1000001 ]
b1000001 q
b1011111111 ;
b1011111111 B
b1111011 j
b100101101110000000000000000 E
b110101001011100111010 J
b101101010000 :
b101101010000 K
b101101010000 M
b11010100100 ?
b10 >
b100010011010 O
b1010110011011 N
b1111011111011 P
b101001001011 A
b101001001011 L
b101000000111 @
b100100100111 u
b10001101010 t
b1101110010 s
b1000001 r
b1011000111111 X
b1101000000 W
b1110101000010 Y
b1011111111 $
b1011111111 (
b1011111111 1
b1011111111 V
1#
#7680000
0#
#7685000
b11101011111 6
b11101011111 R
b10101010000 p
b10111001101 3
b10111001101 [
b110111101 .
b110111101 9
b110111101 l
b10101010000 "
b10101010000 )
b10101010000 -
b10101010000 8
b10101010000 n
b111010111110 T
b110111101 7
b110111101 S
b10101010000 5
b10101010000 Q
b11111111000011110 C
b101100011111 D
b10101011110 *
b10101011110 <
b10101011110 G
b10101011110 `
b111111 +
b111111 a
b1100010011011 ^
b101110011010 4
b101110011010 \
b10110011010 2
b10110011010 Z
b101111111100 o
b100010011010 ,
b100010011010 =
b100010011010 ]
b100010011010 q
b1101100011100011 F
b11111 h
b1100000000 ;
b1100000000 B
b10001101010 u
b1101110010 t
b101111111100 s
b100010011010 r
b10 ?
b110100000 >
b101000000111 A
b101000000111 L
b1000001 @
b110111101 O
b111010111110 N
b10101010000 P
b10010110111 :
b10010110111 K
b10010110111 M
b1011000111110000000000000000 E
b110101010000000011101 J
b1111100 j
b1111010011001 X
b101110011010 W
b10110011010 Y
b1100000000 $
b1100000000 (
b1100000000 1
b1100000000 V
1#
#7690000
0#
#7695000
b10110110000 6
b10110110000 R
b1000100011 p
b1001011111 3
b1001011111 [
b101101100000 .
b101101100000 9
b101101100000 l
b1000100011 "
b1000100011 )
b1000100011 -
b1000100011 8
b1000100011 n
b1100001100001 T
b101101100000 7
b101101100000 S
b1000100011 5
b1000100011 Q
b1000110111111 ^
b10010111110 4
b10010111110 \
b101110111101 2
b101110111101 Z
b1110011000000000 F
b11111111010111110 C
b101110111111 D
b10101010000 o
b110111101 ,
b110111101 =
b110111101 ]
b110111101 q
b1100000001 ;
b1100000001 B
b1111101 j
b1011101111110000000000000000 E
b100000001101000000000 J
b101100011111 :
b101100011111 K
b101100011111 M
b110100000 ?
b10111001101 >
b1111001011111 O
b101101100000 N
b1010100100010 P
b1000001 A
b1000001 L
b100010011010 @
b1101110010 u
b101111111100 t
b10101010000 s
b110111101 r
b1011110111101 X
b10010111110 W
b1111010111100 Y
b1100000001 $
b1100000001 (
b1100000001 1
b1100000001 V
1#
#7700000
0#
#7705000
b1110101100 6
b1110101100 R
b100111011100 p
b11100110001 3
b11100110001 [
b11101011000 .
b11101011000 9
b11101011000 l
b100111011100 "
b100111011100 )
b100111011100 -
b100111011100 8
b100111011100 n
b1010001011001 T
b11101011000 7
b11101011000 S
b100111011100 5
b100111011100 Q
b11111101110000110 C
b100010000111 D
b111001100010 ^
b101100001 4
b101100001 \
b100001011110 2
b100001011110 Z
b1000100011 o
b101101100000 ,
b101101100000 =
b101101100000 ]
b101101100000 q
b1010011010100010 F
b1100000010 ;
b1100000010 B
b101111111100 u
b10101010000 t
b1000100011 s
b101101100000 r
b10111001101 ?
b1001011111 >
b100010011010 A
b100010011010 L
b110111101 @
b11101011000 O
b1010001011001 N
b1110011011011 P
b101110111111 :
b101110111111 K
b101110111111 M
b1000100001110000000000000000 E
b100000001111101011110 J
b1111110 j
b101100001 X
b111001100010 W
b100001011110 Y
b1100000010 $
b1100000010 (
b1100000010 1
b1100000010 V
1#
#7710000
0#
#7715000
b10100100010 6
b10100100010 R
b11000110111 p
b101110101110 3
b101110101110 [
b101001000100 .
b101001000100 9
b101001000100 l
b11000110111 "
b11000110111 )
b11000110111 -
b11000110111 8
b11000110111 n
b11111100001001110 C
b10101001111 D
b1011101000101 T
b101001000100 7
b101001000100 S
b11000110111 5
b11000110111 Q
b1011101011100 ^
b101001011011 4
b101001011011 \
b10001010101 2
b10001010101 Z
b110011101000100 F
b100111011100 o
b11101011000 ,
b11101011000 =
b11101011000 ]
b11101011000 q
b1100000011 ;
b1100000011 B
b1111111 j
b101010011110000000000000000 E
b100000010010010111100 J
b100010000111 :
b100010000111 K
b100010000111 M
b1001011111 ?
b11100110001 >
b1110101000011 O
b101001000100 N
b1100100110110 P
b110111101 A
b110111101 L
b101101100000 @
b10101010000 u
b1000100011 t
b100111011100 s
b11101011000 r
b1110101011010 X
b101001011011 W
b10001010101 Y
b1100000011 $
b1100000011 (
b1100000011 1
b1100000011 V
1#
#7720000
0#
#7725000
b111010111 6
b111010111 R
b11000010001 p
b11010100100 3
b11010100100 [
b1110101110 .
b1110101110 9
b1110101110 l
b11000010001 "
b11000010001 )
b11000010001 -
b11000010001 8
b11000010001 n
b1000010101111 T
b1110101110 7
b1110101110 S
b11000010001 5
b11000010001 Q
b11111010100010110 C
b1000010111 D
b100100101001 *
b100100101001 <
b100100101001 G
b100100101001 `
b1000000 +
b1000000 a
b110101001000 ^
b1000111 4
b1000111 \
b11101000000 2
b11101000000 Z
b11000110111 o
b101001000100 ,
b101001000100 =
b101001000100 ]
b101001000100 q
b10011111100110 F
b0 h
b1000000 e
b1100000100 ;
b1100000100 B
b1000100011 u
b100111011100 t
b11000110111 s
b101001000100 r
b11100110001 ?
b101110101110 >
b101101100000 A
b101101100000 L
b11101011000 @
b1110101110 O
b1000010101111 N
b11000010001 P
b10101001111 :
b10101001111 K
b10101001111 M
b10000101110000000000000000 E
b100000010101000011010 J
b111 /
b111 g
b0 j
b1000111 X
b110101001000 W
b11101000000 Y
b1100000100 $
b1100000100 (
b1100000100 1
b1100000100 V
1#
#7730000
0#
#7735000
b101100111000 6
b101100111000 R
b10101000001 p
b100111011010 3
b100111011010 [
b100101101111 .
b100101101111 9
b100101101111 l
b10101000001 "
b10101000001 )
b10101000001 -
b10101000001 8
b10101000001 n
b1011001110000 T
b100101101111 7
b100101101111 S
b10101000001 5
b10101000001 Q
b1001110110100 ^
b11010110011 4
b11010110011 \
b10101001 2
b10101001 Z
b1011010001011100 F
b11111110001000100 C
b100101000101 D
b11000010001 o
b1110101110 ,
b1110101110 =
b1110101110 ]
b1110101110 q
b1100000101 ;
b1100000101 B
b1 j
b1001010001010000000000000000 E
b110111001111110100100 J
b1000010111 :
b1000010111 K
b1000010111 M
b101110101110 ?
b11010100100 >
b1110001101110 O
b100101101111 N
b10101000001 P
b11101011000 A
b11101011000 L
b101001000100 @
b100111011100 u
b11000110111 t
b11000010001 s
b1110101110 r
b1100110110010 X
b11010110011 W
b10101001 Y
b1100000101 $
b1100000101 (
b1100000101 1
b1100000101 V
1#
#7740000
0#
#7745000
b1101000100 6
b1101000100 R
b11111111 p
b110010111011 3
b110010111011 [
b11010001000 .
b11010001000 9
b11010001000 l
b11111111 "
b11111111 )
b11111111 -
b11111111 8
b11111111 n
b1001110001001 T
b11010001000 7
b11010001000 S
b11111111 5
b11111111 Q
b11111110011011110 C
b100111011111 D
b101111001100 *
b101111001100 <
b101111001100 G
b101111001100 `
b1000001 +
b1000001 a
b1100101110110 ^
b110001110101 4
b110001110101 \
b11001101001 2
b11001101001 Z
b10101000001 o
b100101101111 ,
b100101101111 =
b100101101111 ]
b100101101111 q
b1100000000110011 F
b1 h
b1100000110 ;
b1100000110 B
b11000110111 u
b11000010001 t
b10101000001 s
b100101101111 r
b11010100100 ?
b100111011010 >
b101001000100 A
b101001000100 L
b1110101110 @
b11010001000 O
b1001110001001 N
b11111111 P
b100101000101 :
b100101000101 K
b100101000101 M
b1001110111110000000000000000 E
b110111010100011001101 J
b10 j
b1111101110100 X
b110001110101 W
b11001101001 Y
b1100000110 $
b1100000110 (
b1100000110 1
b1100000110 V
1#
#7750000
0#
#7755000
b1000110 6
b1000110 R
b11011010000 p
b101101001000 3
b101101001000 [
b10001100 .
b10001100 9
b10001100 l
b11011010000 "
b11011010000 )
b11011010000 -
b11011010000 8
b11011010000 n
b110110001101 T
b10001100 7
b10001100 S
b11011010000 5
b11011010000 Q
b1011010010000 ^
b100110001111 4
b100110001111 \
b1110000001 2
b1110000001 Z
b111110100111000 F
b11111100101111111 C
b11010000000 D
b11111111 o
b11010001000 ,
b11010001000 =
b11010001000 ]
b11010001000 q
b1100000111 ;
b1100000111 B
b11 j
b110100000000000000000000000 E
b1000111010101011001000 J
b100111011111 :
b100111011111 K
b100111011111 M
b100111011010 ?
b110010111011 >
b10001100 O
b110110001101 N
b1100111001111 P
b1110101110 A
b1110101110 L
b100101101111 @
b11000010001 u
b10101000001 t
b11111111 s
b11010001000 r
b1110010001110 X
b100110001111 W
b1110000001 Y
b1100000111 $
b1100000111 (
b1100000111 1
b1100000111 V
1#
#7760000
0#
#7765000
b101110111 6
b101110111 R
b1011101111 p
b111001010 3
b111001010 [
b1011101110 .
b1011101110 9
b1011101110 l
b1011101111 "
b1011101111 )
b1011101111 -
b1011101111 8
b1011101111 n
b111111101111 T
b1011101110 7
b1011101110 S
b1011101111 5
b1011101111 Q
b11111110110010010 C
b101010010011 D
b110001010010 *
b110001010010 <
b110001010010 G
b110001010010 `
b1000010 +
b1000010 a
b1000010010101 ^
b1110010100 4
b1110010100 \
b101010000101 2
b101010000101 Z
b11011010000 o
b10001100 ,
b10001100 =
b10001100 ]
b10001100 q
b1100110101101100 F
b10 h
b1100001000 ;
b1100001000 B
b10101000001 u
b11111111 t
b11011010000 s
b10001100 r
b110010111011 ?
b101101001000 >
b100101101111 A
b100101101111 L
b11010001000 @
b1011101110 O
b111111101111 N
b1011101111 P
b11010000000 :
b11010000000 K
b11010000000 M
b1010100100110000000000000000 E
b1000111011011010010100 J
b100 j
b1011010010011 X
b1110010100 W
b1110110000100 Y
b1100001000 $
b1100001000 (
b1100001000 1
b1100001000 V
1#
#7770000
0#
#7775000
b1000001101 6
b1000001101 R
b100011110110 p
b100101111100 3
b100101111100 [
b10000011010 .
b10000011010 9
b10000011010 l
b100011110110 "
b100011110110 )
b100011110110 -
b100011110110 8
b100011110110 n
b1000100011011 T
b10000011010 7
b10000011010 S
b100011110110 5
b100011110110 Q
b1001011111000 ^
b10111110111 4
b10111110111 \
b110011100110 2
b110011100110 Z
b1111011101110000 F
b11111111110110110 C
b110010110111 D
b1011101111 o
b1011101110 ,
b1011101110 =
b1011101110 ]
b1011101110 q
b1100001001 ;
b1100001001 B
b101 j
b1100101101110000000000000000 E
b1001010101100010010000 J
b101010010011 :
b101010010011 K
b101010010011 M
b101101001000 ?
b111001010 >
b10000011010 O
b1000100011011 N
b1101111110101 P
b11010001000 A
b11010001000 L
b10001100 @
b11111111 u
b11011010000 t
b1011101111 s
b1011101110 r
b1100011110110 X
b10111110111 W
b1111111100101 Y
b1100001001 $
b1100001001 (
b1100001001 1
b1100001001 V
1#
#7780000
0#
#7785000
b100001 6
b100001 R
b11010110 p
b1110010010 3
b1110010010 [
b1000010 .
b1000010 9
b1000010 l
b11010110 "
b11010110 )
b11010110 -
b11010110 8
b11010110 n
b110101000011 T
b1000010 7
b1000010 S
b11010110 5
b11010110 Q
b11111010000110111 C
b100111000 D
b10111111100 *
b10111111100 <
b10111111100 G
b10111111100 `
b1000011 +
b1000011 a
b1010000100101 ^
b11100100100 4
b11100100100 \
b100010000 2
b100010000 Z
b100011110110 o
b10000011010 ,
b10000011010 =
b10000011010 ]
b10000011010 q
b1010100011110 F
b11 h
b1100001010 ;
b1100001010 B
b11011010000 u
b1011101111 t
b100011110110 s
b10000011010 r
b111001010 ?
b100101111100 >
b10001100 A
b10001100 L
b1011101110 @
b1000010 O
b110101000011 N
b1001111010101 P
b110010110111 :
b110010110111 K
b110010110111 M
b1001110000000000000000000 E
b1001010110010011100010 J
b110 j
b1101000100011 X
b11100100100 W
b100010000 Y
b1100001010 $
b1100001010 (
b1100001010 1
b1100001010 V
1#
#7790000
0#
#7795000
b1000010011 6
b1000010011 R
b110110110 p
b100000100111 3
b100000100111 [
b10000100110 .
b10000100110 9
b10000100110 l
b110110110 "
b110110110 )
b110110110 -
b110110110 8
b110110110 n
b1000100100111 T
b10000100110 7
b10000100110 S
b110110110 5
b110110110 Q
b1000001001110 ^
b1101001101 4
b1101001101 \
b101000111000 2
b101000111000 Z
b1100100000101000 F
b11111110100111100 C
b101000111101 D
b11010110 o
b1000010 ,
b1000010 =
b1000010 ]
b1000010 q
b1100001011 ;
b1100001011 B
b111 j
b1010001111010000000000000000 E
b100100010111111011000 J
b100111000 :
b100111000 K
b100111000 M
b100101111100 ?
b1110010010 >
b1011100100101 O
b10000100110 N
b110110110 P
b1011101110 A
b1011101110 L
b10000011010 @
b1011101111 u
b100011110110 t
b11010110 s
b1000010 r
b1011001001100 X
b1101001101 W
b1110100110111 Y
b1100001011 $
b1100001011 (
b1100001011 1
b1100001011 V
1#
#7800000
0#
#7805000
b10101011 6
b10101011 R
b11011011110 p
b1110011001 3
b1110011001 [
b101010110 .
b101010110 9
b101010110 l
b11011011110 "
b11011011110 )
b11011011110 -
b11011011110 8
b11011011110 n
b111001010111 T
b101010110 7
b101010110 S
b11011011110 5
b11011011110 Q
b11111101001001010 C
b11101001011 D
b100101100100 *
b100101100100 <
b100101100100 G
b100101100100 `
b1000100 +
b1000100 a
b1010000110011 ^
b11100110010 4
b11100110010 \
b100011010 2
b100011010 Z
b110110110 o
b10000100110 ,
b10000100110 =
b10000100110 ]
b10000100110 q
b1000111000101100 F
b100 h
b1100001100 ;
b1100001100 B
b100011110110 u
b11010110 t
b110110110 s
b10000100110 r
b1110010010 ?
b100000100111 >
b10000011010 A
b10000011010 L
b1000010 @
b101010110 O
b111001010111 N
b1100111011101 P
b101000111101 :
b101000111101 K
b101000111101 M
b111010010110000000000000000 E
b100100011010111010100 J
b1000 j
b1101000110001 X
b11100110010 W
b100011010 Y
b1100001100 $
b1100001100 (
b1100001100 1
b1100001100 V
1#
#7810000
0#
#7815000
b101001000111 6
b101001000111 R
b10111111000 p
b100010110010 3
b100010110010 [
b11110001101 .
b11110001101 9
b11110001101 l
b10111111000 "
b10111111000 )
b10111111000 -
b10111111000 8
b10111111000 n
b1010010001110 T
b11110001101 7
b11110001101 S
b10111111000 5
b10111111000 Q
b1000101100100 ^
b10001100011 4
b10001100011 \
b101101001010 2
b101101001010 Z
b101001101010000 F
b11111011101010111 C
b10001011000 D
b11011011110 o
b101010110 ,
b101010110 =
b101010110 ]
b101010110 q
b1100001101 ;
b1100001101 B
b1001 j
b100010110000000000000000000 E
b111001001110010110000 J
b11101001011 :
b11101001011 K
b11101001011 M
b100000100111 ?
b1110011001 >
b1101010001100 O
b11110001101 N
b1100011110111 P
b1000010 A
b1000010 L
b10000100110 @
b11010110 u
b110110110 t
b11011011110 s
b101010110 r
b1011101100010 X
b10001100011 W
b1111001001001 Y
b1100001101 $
b1100001101 (
b1100001101 1
b1100001101 V
1#
#7820000
0#
#7825000
b10000111111 6
b10000111111 R
b110011001111 p
b101111001110 3
b101111001110 [
b100001111110 .
b100001111110 9
b100001111110 l
b110011001111 "
b110011001111 )
b110011001111 -
b110011001111 8
b110011001111 n
b1010101111111 T
b100001111110 7
b100001111110 S
b110011001111 5
b110011001111 Q
b11111011111100001 C
b10011100010 D
b100100100010 *
b100100100010 <
b100100100010 G
b100100100010 `
b1000101 +
b1000101 a
b1011110011100 ^
b101010011011 4
b101010011011 \
b10001111111 2
b10001111111 Z
b10111111000 o
b11110001101 ,
b11110001101 =
b11110001101 ]
b11110001101 q
b101110111101100 F
b101 h
b1100001110 ;
b1100001110 B
b110110110 u
b11011011110 t
b10111111000 s
b11110001101 r
b1110011001 ?
b100010110010 >
b10000100110 A
b10000100110 L
b101010110 @
b1101101111101 O
b100001111110 N
b1111111001110 P
b10001011000 :
b10001011000 K
b10001011000 M
b100111000100000000000000000 E
b111001010011000010100 J
b1010 j
b1110110011010 X
b101010011011 W
b10001111111 Y
b1100001110 $
b1100001110 (
b1100001110 1
b1100001110 V
1#
#7830000
0#
#7835000
b1100011100 6
b1100011100 R
b100101110101 p
b110001000111 3
b110001000111 [
b11000111000 .
b11000111000 9
b11000111000 l
b100101110101 "
b100101110101 )
b100101110101 -
b100101110101 8
b100101110101 n
b1001100111001 T
b11000111000 7
b11000111000 S
b100101110101 5
b100101110101 Q
b1100010001110 ^
b101110001101 4
b101110001101 \
b10101101111 2
b10101101111 Z
b100011000100100 F
b11111011010101011 C
b1110101100 D
b110011001111 o
b100001111110 ,
b100001111110 =
b100001111110 ]
b100001111110 q
b1100001111 ;
b1100001111 B
b1011 j
b11101011000000000000000000 E
b110111110010111011100 J
b10011100010 :
b10011100010 K
b10011100010 M
b100010110010 ?
b101111001110 >
b1100100110111 O
b11000111000 N
b1110001110100 P
b101010110 A
b101010110 L
b11110001101 @
b11011011110 u
b10111111000 t
b110011001111 s
b100001111110 r
b1111010001100 X
b101110001101 W
b10101101111 Y
b1100001111 $
b1100001111 (
b1100001111 1
b1100001111 V
1#
#7840000
0#
#7845000
b110000011101 6
b110000011101 R
b1111100001 p
b10010100100 3
b10010100100 [
b101100111001 .
b101100111001 9
b101100111001 l
b1111100001 "
b1111100001 )
b1111100001 -
b1111100001 8
b1111100001 n
b1100000111010 T
b101100111001 7
b101100111001 S
b1111100001 5
b1111100001 Q
b11111111110100111 C
b110010101000 D
b101100100000 *
b101100100000 <
b101100100000 G
b101100100000 `
b1000110 +
b1000110 a
b1011001001001 ^
b100101001000 4
b100101001000 \
b1100101000 2
b1100101000 Z
b100101110101 o
b11000111000 ,
b11000111000 =
b11000111000 ]
b11000111000 q
b1111011100000010 F
b110 h
b1100010000 ;
b1100010000 B
b10111111000 u
b110011001111 t
b100101110101 s
b11000111000 r
b101111001110 ?
b110001000111 >
b11110001101 A
b11110001101 L
b100001111110 @
b1111000111000 O
b101100111001 N
b1111100001 P
b1110101100 :
b1110101100 K
b1110101100 M
b1100101010000000000000000000 E
b110111110111011111110 J
b1100 j
b1110001000111 X
b100101001000 W
b1100101000 Y
b1100010000 $
b1100010000 (
b1100010000 1
b1100010000 V
1#
#7850000
0#
#7855000
b101010010011 6
b101010010011 R
b100011010111 p
b11100100101 3
b11100100101 [
b100000100101 .
b100000100101 9
b100000100101 l
b100011010111 "
b100011010111 )
b100011010111 -
b100011010111 8
b100011010111 n
b1010100100110 T
b100000100101 7
b100000100101 S
b100011010111 5
b100011010111 Q
b111001001010 ^
b101001001 4
b101001001 \
b100000101000 2
b100000101000 Z
b1110111000000000 F
b11111111100111000 C
b110000111001 D
b1111100001 o
b101100111001 ,
b101100111001 =
b101100111001 ]
b101100111001 q
b1100010001 ;
b1100010001 B
b1101 j
b1100001110010000000000000000 E
b1000100001001000000000 J
b110010101000 :
b110010101000 K
b110010101000 M
b110001000111 ?
b10010100100 >
b100000100101 O
b1010100100110 N
b1101111010110 P
b100001111110 A
b100001111110 L
b11000111000 @
b110011001111 u
b100101110101 t
b1111100001 s
b101100111001 r
b101001001 X
b111001001010 W
b100000101000 Y
b1100010001 $
b1100010001 (
b1100010001 1
b1100010001 V
1#
#7860000
0#
#7865000
b1010111000 6
b1010111000 R
b11100000000 p
b110000011100 3
b110000011100 [
b10101110000 .
b10101110000 9
b10101110000 l
b11100000000 "
b11100000000 )
b11100000000 -
b11100000000 8
b11100000000 n
b1001001110001 T
b10101110000 7
b10101110000 S
b11100000000 5
b11100000000 Q
b11111100111000111 C
b11011001000 D
b101101011111 *
b101101011111 <
b101101011111 G
b101101011111 `
b1000111 +
b1000111 a
b1100000111000 ^
b101100110111 4
b101100110111 \
b10100010011 2
b10100010011 Z
b100011010111 o
b100000100101 ,
b100000100101 =
b100000100101 ]
b100000100101 q
b1000001011100000 F
b111 h
b1100010010 ;
b1100010010 B
b100101110101 u
b1111100001 t
b100011010111 s
b100000100101 r
b10010100100 ?
b11100100101 >
b11000111000 A
b11000111000 L
b101100111001 @
b10101110000 O
b1001001110001 N
b1100111111111 P
b110000111001 :
b110000111001 K
b110000111001 M
b110110010000000000000000000 E
b1000100001110100100000 J
b1110 j
b1111000110110 X
b101100110111 W
b10100010011 Y
b1100010010 $
b1100010010 (
b1100010010 1
b1100010010 V
1#
#7870000
0#
#7875000
b1010000000 6
b1010000000 R
b10001110001 p
b101011000010 3
b101011000010 [
b10100000000 .
b10100000000 9
b10100000000 l
b10001110001 "
b10001110001 )
b10001110001 -
b10001110001 8
b10001110001 n
b11111111100100011 C
b110000100100 D
b1001000000001 T
b10100000000 7
b10100000000 S
b10001110001 5
b10001110001 Q
b1010110000100 ^
b100010000011 4
b100010000011 \
b1001011101 2
b1001011101 Z
b1110110001010010 F
b11100000000 o
b10101110000 ,
b10101110000 =
b10101110000 ]
b10101110000 q
b1100010011 ;
b1100010011 B
b1111 j
b1100001001000000000000000000 E
b1000101110100110101110 J
b11011001000 :
b11011001000 K
b11011001000 M
b11100100101 ?
b110000011100 >
b10100000000 O
b1001000000001 N
b10001110001 P
b101100111001 A
b101100111001 L
b100000100101 @
b1111100001 u
b100011010111 t
b11100000000 s
b10101110000 r
b1101110000010 X
b100010000011 W
b1001011101 Y
b1100010011 $
b1100010011 (
b1100010011 1
b1100010011 V
1#
#7880000
0#
#7885000
b1110100100 6
b1110100100 R
b100100000010 p
b10000001010 3
b10000001010 [
b11101001000 .
b11101001000 9
b11101001000 l
b100100000010 "
b100100000010 )
b100100000010 -
b100100000010 8
b100100000010 n
b1010001001001 T
b11101001000 7
b11101001000 S
b100100000010 5
b100100000010 Q
b11111110001000110 C
b100101000111 D
b110001001000 *
b110001001000 <
b110001001000 G
b110001001000 `
b1001000 +
b1001000 a
b1010100010101 ^
b100000010100 4
b100000010100 \
b111101100 2
b111101100 Z
b10001110001 o
b10100000000 ,
b10100000000 =
b10100000000 ]
b10100000000 q
b1011001111110011 F
b1000 h
b1100010100 ;
b1100010100 B
b100011010111 u
b11100000000 t
b10001110001 s
b10100000000 r
b110000011100 ?
b101011000010 >
b100000100101 A
b100000100101 L
b10101110000 @
b11101001000 O
b1010001001001 N
b1110000000001 P
b110000100100 :
b110000100100 K
b110000100100 M
b1001010001110000000000000000 E
b1000101111010100001101 J
b10000 j
b1101100010011 X
b100000010100 W
b111101100 Y
b1100010100 $
b1100010100 (
b1100010100 1
b1100010100 V
1#
#7890000
0#
#7895000
b11011011 6
b11011011 R
b100100101010 p
b101110101111 3
b101110101111 [
b110110110 .
b110110110 9
b110110110 l
b100100101010 "
b100100101010 )
b100100101010 -
b100100101010 8
b100100101010 n
b111010110111 T
b110110110 7
b110110110 S
b100100101010 5
b100100101010 Q
b1011101011110 ^
b101001011101 4
b101001011101 \
b10000110011 2
b10000110011 Z
b101001001100000 F
b11111011101010100 C
b10001010101 D
b100100000010 o
b11101001000 ,
b11101001000 =
b11101001000 ]
b11101001000 q
b1100010101 ;
b1100010101 B
b10001 j
b100010101010000000000000000 E
b1001011100110110100000 J
b100101000111 :
b100101000111 K
b100101000111 M
b101011000010 ?
b10000001010 >
b110110110 O
b111010110111 N
b1110000101001 P
b10101110000 A
b10101110000 L
b10100000000 @
b11100000000 u
b10001110001 t
b100100000010 s
b11101001000 r
b1110101011100 X
b101001011101 W
b10000110011 Y
b1100010101 $
b1100010101 (
b1100010101 1
b1100010101 V
1#
#7900000
0#
#7905000
b101100101011 6
b101100101011 R
b10101011 p
b1001100110 3
b1001100110 [
b100101010101 .
b100101010101 9
b100101010101 l
b10101011 "
b10101011 )
b10101011 -
b10101011 8
b10101011 n
b1011001010110 T
b100101010101 7
b100101010101 S
b10101011 5
b10101011 Q
b11111111100111101 C
b110000111110 D
b100001101010 *
b100001101010 <
b100001101010 G
b100001101010 `
b1001001 +
b1001001 a
b1000111001101 ^
b10011001100 4
b10011001100 \
b101110100001 2
b101110100001 Z
b100100101010 o
b110110110 ,
b110110110 =
b110110110 ]
b110110110 q
b1110111000011000 F
b1001 h
b1100010110 ;
b1100010110 B
b10001110001 u
b100100000010 t
b100100101010 s
b110110110 r
b10000001010 ?
b101110101111 >
b10100000000 A
b10100000000 L
b11101001000 @
b1110001010100 O
b100101010101 N
b10101011 P
b10001010101 :
b10001010101 K
b10001010101 M
b1100001111100000000000000000 E
b1001011101100111101000 J
b10010 j
b1011111001011 X
b10011001100 W
b1111010100000 Y
b1100010110 $
b1100010110 (
b1100010110 1
b1100010110 V
1#
#7910000
0#
#7915000
b100111000011 6
b100111000011 R
b100000001011 p
b11000110110 3
b11000110110 [
b11010000101 .
b11010000101 9
b11010000101 l
b100000001011 "
b100000001011 )
b100000001011 -
b100000001011 8
b100000001011 n
b1001110000110 T
b11010000101 7
b11010000101 S
b100000001011 5
b100000001011 Q
b1100101101101 ^
b110001101100 4
b110001101100 \
b11000111110 2
b11000111110 Z
b111010011100100 F
b11111100100001001 C
b11000001010 D
b10101011 o
b100101010101 ,
b100101010101 =
b100101010101 ]
b100101010101 q
b1100010111 ;
b1100010111 B
b10011 j
b110000010100000000000000000 E
b110011111011100011100 J
b110000111110 :
b110000111110 K
b110000111110 M
b101110101111 ?
b1001100110 >
b11010000101 O
b1001110000110 N
b1101100001010 P
b11101001000 A
b11101001000 L
b110110110 @
b100100000010 u
b100100101010 t
b10101011 s
b100101010101 r
b1111101101011 X
b110001101100 W
b11000111110 Y
b1100010111 $
b1100010111 (
b1100010111 1
b1100010111 V
1#
#7920000
0#
#7925000
b1111100000 6
b1111100000 R
b100010101101 p
b101101001111 3
b101101001111 [
b11111000000 .
b11111000000 9
b11111000000 l
b100010101101 "
b100010101101 )
b100010101101 -
b100010101101 8
b100010101101 n
b1010011000001 T
b11111000000 7
b11111000000 S
b100010101101 5
b100010101101 Q
b11111110110010110 C
b101010010111 D
b11100001001 *
b11100001001 <
b11100001001 G
b11100001001 `
b1001010 +
b1001010 a
b1011010011110 ^
b100110011101 4
b100110011101 \
b1101101101 2
b1101101101 Z
b100000001011 o
b11010000101 ,
b11010000101 =
b11010000101 ]
b11010000101 q
b1100111001111010 F
b1010 h
b1100011000 ;
b1100011000 B
b100100101010 u
b10101011 t
b100000001011 s
b11010000101 r
b1001100110 ?
b11000110110 >
b110110110 A
b110110110 L
b100101010101 @
b1101010111111 O
b11111000000 N
b1101110101100 P
b11000001010 :
b11000001010 K
b11000001010 M
b1010100101110000000000000000 E
b110011111111110000110 J
b10100 j
b1110010011100 X
b100110011101 W
b1101101101 Y
b1100011000 $
b1100011000 (
b1100011000 1
b1100011000 V
1#
#7930000
0#
#7935000
b100111110110 6
b100111110110 R
b101110111111 p
b101111101101 3
b101111101101 [
b11011101011 .
b11011101011 9
b11011101011 l
b101110111111 "
b101110111111 )
b101110111111 -
b101110111111 8
b101110111111 n
b1001111101100 T
b11011101011 7
b11011101011 S
b101110111111 5
b101110111111 Q
b1011111011010 ^
b101011011001 4
b101011011001 \
b10010100111 2
b10010100111 Z
b11010000101000 F
b11111010110111011 C
b1010111100 D
b100010101101 o
b11111000000 ,
b11111000000 =
b11111000000 ]
b11111000000 q
b1100011001 ;
b1100011001 B
b10101 j
b10101111000000000000000000 E
b101011100001111011000 J
b101010010111 :
b101010010111 K
b101010010111 M
b11000110110 ?
b101101001111 >
b11011101011 O
b1001111101100 N
b1111010111110 P
b100101010101 A
b100101010101 L
b11010000101 @
b10101011 u
b100000001011 t
b100010101101 s
b11111000000 r
b1110111011000 X
b101011011001 W
b10010100111 Y
b1100011001 $
b1100011001 (
b1100011001 1
b1100011001 V
1#
#7940000
0#
#7945000
b101100100001 6
b101100100001 R
b1111001001 p
b101110000011 3
b101110000011 [
b100101000001 .
b100101000001 9
b100101000001 l
b1111001001 "
b1111001001 )
b1111001001 -
b1111001001 8
b1111001001 n
b1011001000010 T
b100101000001 7
b100101000001 S
b1111001001 5
b1111001001 Q
b11111101101010001 C
b100001010010 D
b101000100100 *
b101000100100 <
b101000100100 G
b101000100100 `
b1001011 +
b1001011 a
b1011100000110 ^
b101000000101 4
b101000000101 \
b1111010001 2
b1111010001 Z
b101110111111 o
b11011101011 ,
b11011101011 =
b11011101011 ]
b11011101011 q
b1010001000011111 F
b1011 h
b1100011010 ;
b1100011010 B
b100000001011 u
b100010101101 t
b101110111111 s
b11011101011 r
b101101001111 ?
b101111101101 >
b11010000101 A
b11010000101 L
b11111000000 @
b1110001000000 O
b100101000001 N
b1111001001 P
b1010111100 :
b1010111100 K
b1010111100 M
b1000010100100000000000000000 E
b101011100101011100001 J
b10110 j
b1110100000100 X
b101000000101 W
b1111010001 Y
b1100011010 $
b1100011010 (
b1100011010 1
b1100011010 V
1#
#7950000
0#
#7955000
b100000001001 6
b100000001001 R
b110001101111 p
b11000101110 3
b11000101110 [
b1100010001 .
b1100010001 9
b1100010001 l
b110001101111 "
b110001101111 )
b110001101111 -
b110001101111 8
b110001101111 n
b1000000010010 T
b1100010001 7
b1100010001 S
b110001101111 5
b110001101111 Q
b1100101011101 ^
b110001011100 4
b110001011100 \
b11000100110 2
b11000100110 Z
b1010001011000 F
b11111010000100111 C
b100101000 D
b1111001001 o
b100101000001 ,
b100101000001 =
b100101000001 ]
b100101000001 q
b1100011011 ;
b1100011011 B
b10111 j
b1001010000000000000000000 E
b111110111001110101000 J
b100001010010 :
b100001010010 K
b100001010010 M
b101111101101 ?
b101110000011 >
b1100010001 O
b1000000010010 N
b1111101101110 P
b11111000000 A
b11111000000 L
b11011101011 @
b100010101101 u
b101110111111 t
b1111001001 s
b100101000001 r
b1111101011011 X
b110001011100 W
b11000100110 Y
b1100011011 $
b1100011011 (
b1100011011 1
b1100011011 V
1#
#7960000
0#
#7965000
b101010001010 6
b101010001010 R
b10111000011 p
b100110010111 3
b100110010111 [
b100000010011 .
b100000010011 9
b100000010011 l
b10111000011 "
b10111000011 )
b10111000011 -
b10111000011 8
b10111000011 n
b1010100010100 T
b100000010011 7
b100000010011 S
b10111000011 5
b10111000011 Q
b11111111001101000 C
b101101101001 D
b101110011110 *
b101110011110 <
b101110011110 G
b101110011110 `
b1001100 +
b1001100 a
b1001100101110 ^
b11000101101 4
b11000101101 \
b110011110110 2
b110011110110 Z
b110001101111 o
b1100010001 ,
b1100010001 =
b1100010001 ]
b1100010001 q
b1101111000110100 F
b1100 h
b1100011100 ;
b1100011100 B
b101110111111 u
b1111001001 t
b110001101111 s
b1100010001 r
b101110000011 ?
b11000101110 >
b11011101011 A
b11011101011 L
b100101000001 @
b1101100010010 O
b100000010011 N
b10111000011 P
b100101000 :
b100101000 K
b100101000 M
b1011011010010000000000000000 E
b111110111110111001100 J
b11000 j
b1100100101100 X
b11000101101 W
b1111111110101 Y
b1100011100 $
b1100011100 (
b1100011100 1
b1100011100 V
1#
#7970000
0#
#7975000
b101001010101 6
b101001010101 R
b101011011001 p
b10110011000 3
b10110011000 [
b11110101001 .
b11110101001 9
b11110101001 l
b101011011001 "
b101011011001 )
b101011011001 -
b101011011001 8
b101011011001 n
b1010010101010 T
b11110101001 7
b11110101001 S
b101011011001 5
b101011011001 Q
b1100000110001 ^
b101100110000 4
b101100110000 \
b10011110110 2
b10011110110 Z
b1000100010111000 F
b11111101000010101 C
b11100010110 D
b10111000011 o
b100000010011 ,
b100000010011 =
b100000010011 ]
b100000010011 q
b1100011101 ;
b1100011101 B
b11001 j
b111000101100000000000000000 E
b1001000001111101001000 J
b101101101001 :
b101101101001 K
b101101101001 M
b11000101110 ?
b100110010111 >
b11110101001 O
b1010010101010 N
b1110111011000 P
b100101000001 A
b100101000001 L
b1100010001 @
b1111001001 u
b110001101111 t
b10111000011 s
b100000010011 r
b1111000101111 X
b101100110000 W
b10011110110 Y
b1100011101 $
b1100011101 (
b1100011101 1
b1100011101 V
1#
#7980000
0#
#7985000
b101110010100 6
b101110010100 R
b100011111100 p
b101111100100 3
b101111100100 [
b101000100111 .
b101000100111 9
b101000100111 l
b100011111100 "
b100011111100 )
b100011111100 -
b100011111100 8
b100011111100 n
b1011100101000 T
b101000100111 7
b101000100111 S
b100011111100 5
b100011111100 Q
b11111100111001100 C
b11011001101 D
b11010101111 *
b11010101111 <
b11010101111 G
b11010101111 `
b1001101 +
b1001101 a
b1011111001000 ^
b101011000111 4
b101011000111 \
b10010001011 2
b10010001011 Z
b101011011001 o
b11110101001 ,
b11110101001 =
b11110101001 ]
b11110101001 q
b1000001100011010 F
b1101 h
b1100011110 ;
b1100011110 B
b110001101111 u
b10111000011 t
b101011011001 s
b11110101001 r
b100110010111 ?
b10110011000 >
b1100010001 A
b1100010001 L
b100000010011 @
b1110100100110 O
b101000100111 N
b1101111111011 P
b11100010110 :
b11100010110 K
b11100010110 M
b110110011010000000000000000 E
b1001000010101011100110 J
b11010 j
b1110111000110 X
b101011000111 W
b10010001011 Y
b1100011110 $
b1100011110 (
b1100011110 1
b1100011110 V
1#
#7990000
0#
#7995000
b11101110000 6
b11101110000 R
b101000110 p
b11010100011 3
b11010100011 [
b111011111 .
b111011111 9
b111011111 l
b101000110 "
b101000110 )
b101000110 -
b101000110 8
b101000110 n
b111011100000 T
b111011111 7
b111011111 S
b101000110 5
b101000110 Q
b110101000110 ^
b1000101 4
b1000101 \
b11100001000 2
b11100001000 Z
b1100010001111110 F
b11111110100001111 C
b101000010000 D
b100011111100 o
b101000100111 ,
b101000100111 =
b101000100111 ]
b101000100111 q
b1100011111 ;
b1100011111 B
b11011 j
b1010000100000000000000000000 E
b101001101010110000010 J
b11011001101 :
b11011001101 K
b11011001101 M
b10110011000 ?
b101111100100 >
b111011111 O
b111011100000 N
b101000110 P
b100000010011 A
b100000010011 L
b11110101001 @
b10111000011 u
b101011011001 t
b100011111100 s
b101000100111 r
b1000101 X
b110101000110 W
b11100001000 Y
b1100011111 $
b1100011111 (
b1100011111 1
b1100011111 V
1#
#8000000
0#
#8005000
b1001011100 6
b1001011100 R
b101010011010 p
b100100000000 3
b100100000000 [
b10010111000 .
b10010111000 9
b10010111000 l
b101010011010 "
b101010011010 )
b101010011010 -
b101010011010 8
b101010011010 n
b1000110111001 T
b10010111000 7
b10010111000 S
b101010011010 5
b101010011010 Q
b11111101100111111 C
b100001000000 D
b11000011000 *
b11000011000 <
b11000011000 G
b11000011000 `
b1001110 +
b1001110 a
b1001000000000 ^
b10011111111 4
b10011111111 \
b101111000000 2
b101111000000 Z
b101000110 o
b111011111 ,
b111011111 =
b111011111 ]
b111011111 q
b1010000011001111 F
b1110 h
b1100100000 ;
b1100100000 B
b101011011001 u
b100011111100 t
b101000110 s
b111011111 r
b101111100100 ?
b11010100011 >
b11110101001 A
b11110101001 L
b101000100111 @
b10010111000 O
b1000110111001 N
b1110110011001 P
b101000010000 :
b101000010000 K
b101000010000 M
b1000010000000000000000000000 E
b101001101110000110001 J
b11100 j
b1011111111110 X
b10011111111 W
b1111010111111 Y
b1100100000 $
b1100100000 (
b1100100000 1
b1100100000 V
1#
#8010000
0#
#8015000
b1010110011 6
b1010110011 R
b111100111 p
b101001101101 3
b101001101101 [
b10101100110 .
b10101100110 9
b10101100110 l
b111100111 "
b111100111 )
b111100111 -
b111100111 8
b111100111 n
b1001001100111 T
b10101100110 7
b10101100110 S
b111100111 5
b111100111 Q
b1010011011010 ^
b11111011001 4
b11111011001 \
b110010111 2
b110010111 Z
b1111010100000000 F
b11111111110000100 C
b110010000101 D
b101010011010 o
b10010111000 ,
b10010111000 =
b10010111000 ]
b10010111000 q
b1100100001 ;
b1100100001 B
b11101 j
b1100100001010000000000000000 E
b100110000101100000000 J
b100001000000 :
b100001000000 K
b100001000000 M
b11010100011 ?
b100100000000 >
b10101100110 O
b1001001100111 N
b111100111 P
b101000100111 A
b101000100111 L
b111011111 @
b100011111100 u
b101000110 t
b101010011010 s
b10010111000 r
b1101011011000 X
b11111011001 W
b110010111 Y
b1100100001 $
b1100100001 (
b1100100001 1
b1100100001 V
1#
#8020000
0#
#8025000
b11100110010 6
b11100110010 R
b1001011011 p
b10001000100 3
b10001000100 [
b101100011 .
b101100011 9
b101100011 l
b1001011011 "
b1001011011 )
b1001011011 -
b1001011011 8
b1001011011 n
b111001100100 T
b101100011 7
b101100011 S
b1001011011 5
b1001011011 Q
b11111010100001100 C
b1000001101 D
b101001001100 *
b101001001100 <
b101001001100 G
b101001001100 `
b1001111 +
b1001111 a
b1010110001001 ^
b100010001000 4
b100010001000 \
b1001000100 2
b1001000100 Z
b111100111 o
b10101100110 ,
b10101100110 =
b10101100110 ]
b10101100110 q
b10011011101000 F
b1111 h
b1100100010 ;
b1100100010 B
b101000110 u
b101010011010 t
b111100111 s
b10101100110 r
b100100000000 ?
b101001101101 >
b111011111 A
b111011111 L
b10010111000 @
b101100011 O
b111001100100 N
b1010101011010 P
b110010000101 :
b110010000101 K
b110010000101 M
b10000011010000000000000000 E
b100110001000100011000 J
b11110 j
b1101110000111 X
b100010001000 W
b1001000100 Y
b1100100010 $
b1100100010 (
b1100100010 1
b1100100010 V
1#
#8030000
0#
#8035000
b100111100011 6
b100111100011 R
b1010101011 p
b1001000011 3
b1001000011 [
b11011000101 .
b11011000101 9
b11011000101 l
b1010101011 "
b1010101011 )
b1010101011 -
b1010101011 8
b1010101011 n
b1001111000110 T
b11011000101 7
b11011000101 S
b1010101011 5
b1010101011 Q
b1000110000111 ^
b10010000110 4
b10010000110 \
b101101000001 2
b101101000001 Z
b1111010111101000 F
b11111111110011101 C
b110010011110 D
b1001011011 o
b101100011 ,
b101100011 =
b101100011 ]
b101100011 q
b1100100011 ;
b1100100011 B
b11111 j
b1100100111100000000000000000 E
b1000000100001000011000 J
b1000001101 :
b1000001101 K
b1000001101 M
b101001101101 ?
b10001000100 >
b1100111000100 O
b11011000101 N
b1010101011 P
b10010111000 A
b10010111000 L
b10101100110 @
b101010011010 u
b111100111 t
b1001011011 s
b101100011 r
b1011110000101 X
b10010000110 W
b1111001000000 Y
b1100100011 $
b1100100011 (
b1100100011 1
b1100100011 V
1#
#8040000
0#
#8045000
b100100000010 6
b100100000010 R
b10111001001 p
b101101110101 3
b101101110101 [
b10100000011 .
b10100000011 9
b10100000011 l
b10111001001 "
b10111001001 )
b10111001001 -
b10111001001 8
b10111001001 n
b1001000000100 T
b10100000011 7
b10100000011 S
b10111001001 5
b10111001001 Q
b11111110101000011 C
b101001000100 D
b100100110110 *
b100100110110 <
b100100110110 G
b100100110110 `
b1010000 +
b1010000 a
b1011011101010 ^
b100111101001 4
b100111101001 \
b1110100001 2
b1110100001 Z
b1010101011 o
b11011000101 ,
b11011000101 =
b11011000101 ]
b11011000101 q
b1100011110011100 F
b10000 h
b1100100100 ;
b1100100100 B
b111100111 u
b1001011011 t
b1010101011 s
b11011000101 r
b10001000100 ?
b1001000011 >
b10101100110 A
b10101100110 L
b101100011 @
b10100000011 O
b1001000000100 N
b1100011001000 P
b110010011110 :
b110010011110 K
b110010011110 M
b1010010001000000000000000000 E
b1000000100110001100100 J
b100000 j
b1110011101000 X
b100111101001 W
b1110100001 Y
b1100100100 $
b1100100100 (
b1100100100 1
b1100100100 V
1#
#8050000
0#
#8055000
b110001010100 6
b110001010100 R
b10000100000 p
b10000010100 3
b10000010100 [
b101110100111 .
b101110100111 9
b101110100111 l
b10000100000 "
b10000100000 )
b10000100000 -
b10000100000 8
b10000100000 n
b1100010101000 T
b101110100111 7
b101110100111 S
b10000100000 5
b10000100000 Q
b1010100101001 ^
b100000101000 4
b100000101000 \
b111011110 2
b111011110 Z
b1100101001101000 F
b11111110101100100 C
b101001100101 D
b10111001001 o
b10100000011 ,
b10100000011 =
b10100000011 ]
b10100000011 q
b1100100101 ;
b1100100101 B
b100001 j
b1010011001010000000000000000 E
b111001110110110011000 J
b101001000100 :
b101001000100 K
b101001000100 M
b1001000011 ?
b101101110101 >
b1111010100110 O
b101110100111 N
b1011100011111 P
b101100011 A
b101100011 L
b11011000101 @
b1001011011 u
b1010101011 t
b10111001001 s
b10100000011 r
b1101100100111 X
b100000101000 W
b111011110 Y
b1100100101 $
b1100100101 (
b1100100101 1
b1100100101 V
1#
#8060000
0#
#8065000
b100010010101 6
b100010010101 R
b100101100001 p
b11100110 3
b11100110 [
b10000101001 .
b10000101001 9
b10000101001 l
b100101100001 "
b100101100001 )
b100101100001 -
b100101100001 8
b100101100001 n
b1000100101010 T
b10000101001 7
b10000101001 S
b100101100001 5
b100101100001 Q
b11111100110010010 C
b11010010011 D
b101010101100 *
b101010101100 <
b101010101100 G
b101010101100 `
b1010001 +
b1010001 a
b111011001101 ^
b111001100 4
b111001100 \
b100010000001 2
b100010000001 Z
b10000100000 o
b101110100111 ,
b101110100111 =
b101110100111 ]
b101110100111 q
b111111100110010 F
b10001 h
b1100100110 ;
b1100100110 B
b1010101011 u
b10111001001 t
b10000100000 s
b101110100111 r
b101101110101 ?
b10000010100 >
b11011000101 A
b11011000101 L
b10100000011 @
b10000101001 O
b1000100101010 N
b1110001100000 P
b101001100101 :
b101001100101 K
b101001100101 M
b110100100110000000000000000 E
b111001111011011001110 J
b100010 j
b111001100 X
b111011001101 W
b100010000001 Y
b1100100110 $
b1100100110 (
b1100100110 1
b1100100110 V
1#
#8070000
0#
#8075000
b10111001011 6
b10111001011 R
b101101110001 p
b1110101000 3
b1110101000 [
b101110010110 .
b101110010110 9
b101110010110 l
b101101110001 "
b101101110001 )
b101101110001 -
b101101110001 8
b101101110001 n
b1100010010111 T
b101110010110 7
b101110010110 S
b101101110001 5
b101101110001 Q
b1010001010001 ^
b11101010000 4
b11101010000 \
b100000010 2
b100000010 Z
b100111001111000 F
b11111011100011101 C
b10000011110 D
b100101100001 o
b10000101001 ,
b10000101001 =
b10000101001 ]
b10000101001 q
b1100100111 ;
b1100100111 B
b100011 j
b100000111100000000000000000 E
b1000011001100110001000 J
b11010010011 :
b11010010011 K
b11010010011 M
b10000010100 ?
b11100110 >
b1111010010101 O
b101110010110 N
b1111001110000 P
b10100000011 A
b10100000011 L
b101110100111 @
b10111001001 u
b10000100000 t
b100101100001 s
b10000101001 r
b1101001001111 X
b11101010000 W
b100000010 Y
b1100100111 $
b1100100111 (
b1100100111 1
b1100100111 V
1#
#8080000
0#
#8085000
b101100010 6
b101100010 R
b11110001001 p
b11101011111 3
b11101011111 [
b1011000100 .
b1011000100 9
b1011000100 l
b11110001001 "
b11110001001 )
b11110001001 -
b11110001001 8
b11110001001 n
b111111000101 T
b1011000100 7
b1011000100 S
b11110001001 5
b11110001001 Q
b11111 C
b110100100000 D
b10001111100 *
b10001111100 <
b10001111100 G
b10001111100 `
b1010010 +
b1010010 a
b111010111110 ^
b110111101 4
b110111101 \
b100001101110 2
b100001101110 Z
b101101110001 o
b101110010110 ,
b101110010110 =
b101110010110 ]
b101110010110 q
b1111111111001100 F
b10010 h
b1100101000 ;
b1100101000 B
b10000100000 u
b100101100001 t
b101101110001 s
b101110010110 r
b11100110 ?
b1110101000 >
b101110100111 A
b101110100111 L
b10000101001 @
b1011000100 O
b111111000101 N
b11110001001 P
b10000011110 :
b10000011110 K
b10000011110 M
b1101001000000000000000000000 E
b1000011010010000110100 J
b100100 j
b110111101 X
b111010111110 W
b100001101110 Y
b1100101000 $
b1100101000 (
b1100101000 1
b1100101000 V
1#
#8090000
0#
#8095000
b1000100100 6
b1000100100 R
b10000001010 p
b100101110111 3
b100101110111 [
b10001001000 .
b10001001000 9
b10001001000 l
b10000001010 "
b10000001010 )
b10000001010 -
b10000001010 8
b10000001010 n
b1000101001001 T
b10001001000 7
b10001001000 S
b10000001010 5
b10000001010 Q
b1001011101110 ^
b10111101101 4
b10111101101 \
b110010011100 2
b110010011100 Z
b1011100010100000 F
b11111110001101110 C
b100101101111 D
b11110001001 o
b1011000100 ,
b1011000100 =
b1011000100 ]
b1011000100 q
b1100101001 ;
b1100101001 B
b100101 j
b1001011011110000000000000000 E
b11100010011101100000 J
b11111 :
b11111 K
b11111 M
b1110101000 ?
b11101011111 >
b1011101000111 O
b10001001000 N
b10000001010 P
b10000101001 A
b10000101001 L
b101110010110 @
b100101100001 u
b101101110001 t
b11110001001 s
b1011000100 r
b1100011101100 X
b10111101101 W
b1111110011011 Y
b1100101001 $
b1100101001 (
b1100101001 1
b1100101001 V
1#
#8100000
0#
#8105000
b10000000010 6
b10000000010 R
b1000100111 p
b1110111001 3
b1110111001 [
b100000000100 .
b100000000100 9
b100000000100 l
b1000100111 "
b1000100111 )
b1000100111 -
b1000100111 8
b1000100111 n
b1010100000101 T
b100000000100 7
b100000000100 S
b1000100111 5
b1000100111 Q
b11111001100001111 C
b10000 D
b110000001000 *
b110000001000 <
b110000001000 G
b110000001000 `
b1010011 +
b1010011 a
b1010001110011 ^
b11101110010 4
b11101110010 \
b100011110 2
b100011110 Z
b10000001010 o
b10001001000 ,
b10001001000 =
b10001001000 ]
b10001001000 q
b100100 F
b10011 h
b1100101010 ;
b1100101010 B
b101101110001 u
b11110001001 t
b10000001010 s
b10001001000 r
b11101011111 ?
b100101110111 >
b101110010110 A
b101110010110 L
b1011000100 @
b100000000100 O
b1010100000101 N
b1000100111 P
b100101101111 :
b100101101111 K
b100101101111 M
b100000000000000000000 E
b11100010101111011100 J
b100110 j
b1101001110001 X
b11101110010 W
b100011110 Y
b1100101010 $
b1100101010 (
b1100101010 1
b1100101010 V
1#
#8110000
0#
#8115000
b101101010 6
b101101010 R
b1010110100 p
b110000011000 3
b110000011000 [
b1011010100 .
b1011010100 9
b1011010100 l
b1010110100 "
b1010110100 )
b1010110100 -
b1010110100 8
b1010110100 n
b111111010101 T
b1011010100 7
b1011010100 S
b1010110100 5
b1010110100 Q
b1100000110000 ^
b101100101111 4
b101100101111 \
b10011011001 2
b10011011001 Z
b1111111010110000 F
b10101 C
b110100010110 D
b1000100111 o
b100000000100 ,
b100000000100 =
b100000000100 ]
b100000000100 q
b1100101011 ;
b1100101011 B
b100111 j
b1101000101100000000000000000 E
b1001100001000101010000 J
b10000 :
b10000 K
b10000 M
b100101110111 ?
b1110111001 >
b1010111010011 O
b1011010100 N
b1010110100 P
b1011000100 A
b1011000100 L
b10001001000 @
b11110001001 u
b10000001010 t
b1000100111 s
b100000000100 r
b1111000101110 X
b101100101111 W
b10011011001 Y
b1100101011 $
b1100101011 (
b1100101011 1
b1100101011 V
1#
#8120000
0#
#8125000
b100010101111 6
b100010101111 R
b10000110011 p
b1100000000 3
b1100000000 [
b10001011101 .
b10001011101 9
b10001011101 l
b10000110011 "
b10000110011 )
b10000110011 -
b10000110011 8
b10000110011 n
b1000101011110 T
b10001011101 7
b10001011101 S
b10000110011 5
b10000110011 Q
b11111011111000000 C
b10011000001 D
b100001101100 *
b100001101100 <
b100001101100 G
b100001101100 `
b1010100 +
b1010100 a
b1001100000001 ^
b11000000000 4
b11000000000 \
b110010101001 2
b110010101001 Z
b1010110100 o
b1011010100 ,
b1011010100 =
b1011010100 ]
b1011010100 q
b101101010101000 F
b10100 h
b1100101100 ;
b1100101100 B
b10000001010 u
b1000100111 t
b1010110100 s
b1011010100 r
b1110111001 ?
b110000011000 >
b10001001000 A
b10001001000 L
b100000000100 @
b1011101011100 O
b10001011101 N
b10000110011 P
b10101 :
b10101 K
b10101 M
b100110000010000000000000000 E
b1001100001110101011000 J
b101000 j
b1100011111111 X
b11000000000 W
b1111110101000 Y
b1100101100 $
b1100101100 (
b1100101100 1
b1100101100 V
1#
#8130000
0#
#8135000
b110011100011 6
b110011100011 R
b1101000011 p
b1111000101 3
b1111000101 [
b110011000101 .
b110011000101 9
b110011000101 l
b1101000011 "
b1101000011 )
b1101000011 -
b1101000011 8
b1101000011 n
b1100111000110 T
b110011000101 7
b110011000101 S
b1101000011 5
b1101000011 Q
b1010010001011 ^
b11110001010 4
b11110001010 \
b100110000 2
b100110000 Z
b1001100101110000 F
b11111101011100101 C
b11111100110 D
b10000110011 o
b10001011101 ,
b10001011101 =
b10001011101 ]
b10001011101 q
b1100101101 ;
b1100101101 B
b101001 j
b111111001100000000000000000 E
b110101011011010010000 J
b10011000001 :
b10011000001 K
b10011000001 M
b110000011000 ?
b1100000000 >
b1111111000100 O
b110011000101 N
b1101000011 P
b100000000100 A
b100000000100 L
b1011010100 @
b1000100111 u
b1010110100 t
b10000110011 s
b10001011101 r
b1101010001001 X
b11110001010 W
b100110000 Y
b1100101101 $
b1100101101 (
b1100101101 1
b1100101101 V
1#
#8140000
0#
#8145000
b10101011101 6
b10101011101 R
b11111101111 p
b101111001 3
b101111001 [
b101010111010 .
b101010111010 9
b101010111010 l
b11111101111 "
b11111101111 )
b11111101111 -
b11111101111 8
b11111101111 n
b1011110111011 T
b101010111010 7
b101010111010 S
b11111101111 5
b11111101111 Q
b11111001111000011 C
b11000100 D
b10011011011 *
b10011011011 <
b10011011011 G
b10011011011 `
b1010101 +
b1010101 a
b111111110011 ^
b1011110010 4
b1011110010 \
b100110010111 2
b100110010111 Z
b1101000011 o
b110011000101 ,
b110011000101 =
b110011000101 ]
b110011000101 q
b110100000100 F
b10101 h
b1100101110 ;
b1100101110 B
b1010110100 u
b10000110011 t
b1101000011 s
b110011000101 r
b1100000000 ?
b1111000101 >
b1011010100 A
b1011010100 L
b10001011101 @
b1110110111001 O
b101010111010 N
b1101011101110 P
b11111100110 :
b11111100110 K
b11111100110 M
b110001000000000000000000 E
b110101011111011111100 J
b101010 j
b1011110010 X
b111111110011 W
b100110010111 Y
b1100101110 $
b1100101110 (
b1100101110 1
b1100101110 V
1#
#8150000
0#
#8155000
b100100010001 6
b100100010001 R
b1110011001 p
b1110100 3
b1110100 [
b10100100001 .
b10100100001 9
b10100100001 l
b1110011001 "
b1110011001 )
b1110011001 -
b1110011001 8
b1110011001 n
b1001000100010 T
b10100100001 7
b10100100001 S
b1110011001 5
b1110011001 Q
b110111101001 ^
b11101000 4
b11101000 \
b11110001011 2
b11110001011 Z
b10000110100110 F
b11111010011000100 C
b111000101 D
b11111101111 o
b101010111010 ,
b101010111010 =
b101010111010 ]
b101010111010 q
b1100101111 ;
b1100101111 B
b101011 j
b1110001010000000000000000 E
b11110111000001011010 J
b11000100 :
b11000100 K
b11000100 M
b1111000101 ?
b101111001 >
b1100000100000 O
b10100100001 N
b1110011001 P
b10001011101 A
b10001011101 L
b110011000101 @
b10000110011 u
b1101000011 t
b11111101111 s
b101010111010 r
b11101000 X
b110111101001 W
b11110001011 Y
b1100101111 $
b1100101111 (
b1100101111 1
b1100101111 V
1#
#8160000
0#
#8165000
b11101000101 6
b11101000101 R
b101100000000 p
b101010101001 3
b101010101001 [
b110001001 .
b110001001 9
b110001001 l
b101100000000 "
b101100000000 )
b101100000000 -
b101100000000 8
b101100000000 n
b111010001010 T
b110001001 7
b110001001 S
b101100000000 5
b101100000000 Q
b11111011000011000 C
b1100011001 D
b100000010110 *
b100000010110 <
b100000010110 G
b100000010110 `
b1010110 +
b1010110 a
b1010101010010 ^
b100001010001 4
b100001010001 \
b111110001 2
b111110001 Z
b1110011001 o
b10100100001 ,
b10100100001 =
b10100100001 ]
b10100100001 q
b11101111001011 F
b10110 h
b1100110000 ;
b1100110000 B
b1101000011 u
b11111101111 t
b1110011001 s
b10100100001 r
b101111001 ?
b1110100 >
b110011000101 A
b110011000101 L
b101010111010 @
b110001001 O
b111010001010 N
b101100000000 P
b111000101 :
b111000101 K
b111000101 M
b11000110010000000000000000 E
b11110111010100110101 J
b101100 j
b1101101010000 X
b100001010001 W
b111110001 Y
b1100110000 $
b1100110000 (
b1100110000 1
b1100110000 V
1#
#8170000
0#
#8175000
b1101001 6
b1101001 R
b11110100001 p
b1001011101 3
b1001011101 [
b11010010 .
b11010010 9
b11010010 l
b11110100001 "
b11110100001 )
b11110100001 -
b11110100001 8
b11110100001 n
b110111010011 T
b11010010 7
b11010010 S
b11110100001 5
b11110100001 Q
b1000110111011 ^
b10010111010 4
b10010111010 \
b101101011001 2
b101101011001 Z
b1101100111100000 F
b11111111000101010 C
b101100101011 D
b101100000000 o
b110001001 ,
b110001001 =
b110001001 ]
b110001001 q
b1100110001 ;
b1100110001 B
b101101 j
b1011001010110000000000000000 E
b110011100011000100000 J
b1100011001 :
b1100011001 K
b1100011001 M
b1110100 ?
b101010101001 >
b11010010 O
b110111010011 N
b11110100001 P
b101010111010 A
b101010111010 L
b10100100001 @
b11111101111 u
b1110011001 t
b101100000000 s
b110001001 r
b1011110111001 X
b10010111010 W
b1111001011000 Y
b1100110001 $
b1100110001 (
b1100110001 1
b1100110001 V
1#
#8180000
0#
#8185000
b100000100110 6
b100000100110 R
b11011110111 p
b1000000010 3
b1000000010 [
b1101001011 .
b1101001011 9
b1101001011 l
b11011110111 "
b11011110111 )
b11011110111 -
b11011110111 8
b11011110111 n
b1000001001100 T
b1101001011 7
b1101001011 S
b11011110111 5
b11011110111 Q
b11111111101000111 C
b110001001000 D
b10000101101 *
b10000101101 <
b10000101101 G
b10000101101 `
b1010111 +
b1010111 a
b1000100000101 ^
b10000000100 4
b10000000100 \
b101010100001 2
b101010100001 Z
b11110100001 o
b11010010 ,
b11010010 =
b11010010 ]
b11010010 q
b1110111111001010 F
b10111 h
b1100110010 ;
b1100110010 B
b1110011001 u
b101100000000 t
b11110100001 s
b11010010 r
b101010101001 ?
b1001011101 >
b10100100001 A
b10100100001 L
b110001001 @
b1101001011 O
b1000001001100 N
b1100111110110 P
b101100101011 :
b101100101011 K
b101100101011 M
b1100010010000000000000000000 E
b110011100111000110110 J
b101110 j
b1011100000011 X
b10000000100 W
b1110110100000 Y
b1100110010 $
b1100110010 (
b1100110010 1
b1100110010 V
1#
#8190000
0#
#8195000
b1101000 6
b1101000 R
b1001000010 p
b1100111111 3
b1100111111 [
b11010000 .
b11010000 9
b11010000 l
b1001000010 "
b1001000010 )
b1001000010 -
b1001000010 8
b1001000010 n
b110111010001 T
b11010000 7
b11010000 S
b1001000010 5
b1001000010 Q
b1001101111111 ^
b11001111110 4
b11001111110 \
b11000 2
b11000 Z
b1110101000110110 F
b11111111011110010 C
b101111110011 D
b11011110111 o
b1101001011 ,
b1101001011 =
b1101001011 ]
b1101001011 q
b1100110011 ;
b1100110011 B
b101111 j
b1011111100110000000000000000 E
b11010101011111001010 J
b110001001000 :
b110001001000 K
b110001001000 M
b1001011101 ?
b1000000010 >
b11010000 O
b110111010001 N
b1010101000001 P
b110001001 A
b110001001 L
b11010010 @
b101100000000 u
b11110100001 t
b11011110111 s
b1101001011 r
b1100101111101 X
b11001111110 W
b11000 Y
b1100110011 $
b1100110011 (
b1100110011 1
b1100110011 V
1#
#8200000
0#
#8205000
b110011100011 6
b110011100011 R
b111100000 p
b1000000010 3
b1000000010 [
b110011000101 .
b110011000101 9
b110011000101 l
b111100000 "
b111100000 )
b111100000 -
b111100000 8
b111100000 n
b1100111000110 T
b110011000101 7
b110011000101 S
b111100000 5
b111100000 Q
b11111010101110000 C
b1001110001 D
b100011111011 *
b100011111011 <
b100011111011 G
b100011111011 `
b1011000 +
b1011000 a
b1000100000101 ^
b10000000100 4
b10000000100 \
b101010011101 2
b101010011101 Z
b1001000010 o
b11010000 ,
b11010000 =
b11010000 ]
b11010000 q
b10111100001001 F
b11000 h
b1100110100 ;
b1100110100 B
b11110100001 u
b11011110111 t
b1001000010 s
b11010000 r
b1000000010 ?
b1100111111 >
b11010010 A
b11010010 L
b1101001011 @
b1111111000100 O
b110011000101 N
b1010011011111 P
b101111110011 :
b101111110011 K
b101111110011 M
b10011100010000000000000000 E
b11010101101111110111 J
b110000 j
b1011100000011 X
b10000000100 W
b1110110011100 Y
b1100110100 $
b1100110100 (
b1100110100 1
b1100110100 V
1#
#8210000
0#
#8215000
b1011011110 6
b1011011110 R
b11011010 p
b11111111101 3
b11111111101 [
b10110111100 .
b10110111100 9
b10110111100 l
b11011010 "
b11011010 )
b11011010 -
b11011010 8
b11011010 n
b1001010111101 T
b10110111100 7
b10110111100 S
b11011010 5
b11011010 Q
b111111111010 ^
b1011111001 4
b1011111001 \
b100110010000 2
b100110010000 Z
b100000000100 F
b11111001110000100 C
b10000101 D
b111100000 o
b110011000101 ,
b110011000101 =
b110011000101 ]
b110011000101 q
b1100110101 ;
b1100110101 B
b110001 j
b100001010000000000000000 E
b111001100001111111100 J
b1001110001 :
b1001110001 K
b1001110001 M
b1100111111 ?
b1000000010 >
b1100010111011 O
b10110111100 N
b11011010 P
b1101001011 A
b1101001011 L
b11010000 @
b11011110111 u
b1001000010 t
b111100000 s
b110011000101 r
b1011111001 X
b111111111010 W
b100110010000 Y
b1100110101 $
b1100110101 (
b1100110101 1
b1100110101 V
1#
#8220000
0#
#8225000
b11100101011 6
b11100101011 R
b1001011 p
b10001111001 3
b10001111001 [
b101010101 .
b101010101 9
b101010101 l
b1001011 "
b1001011 )
b1001011 -
b1001011 8
b1001011 n
b111001010110 T
b101010101 7
b101010101 S
b1001011 5
b1001011 Q
b11111110011000011 C
b100111000100 D
b10101011010 *
b10101011010 <
b10101011010 G
b10101011010 `
b1011001 +
b1011001 a
b1010111110011 ^
b100011110010 4
b100011110010 \
b1010000110 2
b1010000110 Z
b11011010 o
b10110111100 ,
b10110111100 =
b10110111100 ]
b10110111100 q
b1011111000001001 F
b11001 h
b1100110110 ;
b1100110110 B
b1001000010 u
b111100000 t
b11011010 s
b10110111100 r
b1000000010 ?
b11111111101 >
b11010000 A
b11010000 L
b110011000101 @
b1010001010100 O
b101010101 N
b1001011 P
b10000101 :
b10000101 K
b10000101 M
b1001110001000000000000000000 E
b111001100110011110111 J
b110010 j
b1101111110001 X
b100011110010 W
b1010000110 Y
b1100110110 $
b1100110110 (
b1100110110 1
b1100110110 V
1#
#8230000
0#
#8235000
b10011000100 6
b10011000100 R
b1100000001 p
b1001000110 3
b1001000110 [
b100110001000 .
b100110001000 9
b100110001000 l
b1100000001 "
b1100000001 )
b1100000001 -
b1100000001 8
b1100000001 n
b1011010001001 T
b100110001000 7
b100110001000 S
b1100000001 5
b1100000001 Q
b1000110001101 ^
b10010001100 4
b10010001100 \
b101100011111 2
b101100011111 Z
b1001110100000100 F
b11111101100001010 C
b100000001011 D
b1001011 o
b101010101 ,
b101010101 =
b101010101 ]
b101010101 q
b1100110111 ;
b1100110111 B
b110011 j
b1000000010110000000000000000 E
b100010010111011111100 J
b100111000100 :
b100111000100 K
b100111000100 M
b11111111101 ?
b10001111001 >
b100110001000 O
b1011010001001 N
b1100000001 P
b110011000101 A
b110011000101 L
b10110111100 @
b111100000 u
b11011010 t
b1001011 s
b101010101 r
b1011110001011 X
b10010001100 W
b1111000011110 Y
b1100110111 $
b1100110111 (
b1100110111 1
b1100110111 V
1#
#8240000
0#
#8245000
b1100011 6
b1100011 R
b101010110010 p
b11001100000 3
b11001100000 [
b11000110 .
b11000110 9
b11000110 l
b101010110010 "
b101010110010 )
b101010110010 -
b101010110010 8
b101010110010 n
b110111000111 T
b11000110 7
b11000110 S
b101010110010 5
b101010110010 Q
b11111010100101110 C
b1000101111 D
b101110101111 *
b101110101111 <
b101110101111 G
b101110101111 `
b1011010 +
b1011010 a
b1100111000001 ^
b110011000000 4
b110011000000 \
b11001010000 2
b11001010000 Z
b1100000001 o
b100110001000 ,
b100110001000 =
b100110001000 ]
b100110001000 q
b10100110101010 F
b11010 h
b1100111000 ;
b1100111000 B
b11011010 u
b1001011 t
b1100000001 s
b100110001000 r
b10001111001 ?
b1001000110 >
b10110111100 A
b10110111100 L
b101010101 @
b11000110 O
b110111000111 N
b1110110110001 P
b100000001011 :
b100000001011 K
b100000001011 M
b10001011110000000000000000 E
b100010011010001010110 J
b110100 j
b1111110111111 X
b110011000000 W
b11001010000 Y
b1100111000 $
b1100111000 (
b1100111000 1
b1100111000 V
1#
#8250000
0#
#8255000
b111000010 6
b111000010 R
b110000100111 p
b100010000000 3
b100010000000 [
b1110000100 .
b1110000100 9
b1110000100 l
b110000100111 "
b110000100111 )
b110000100111 -
b110000100111 8
b110000100111 n
b1000010000101 T
b1110000100 7
b1110000100 S
b110000100111 5
b110000100111 Q
b1000100000000 ^
b1111111111 4
b1111111111 \
b101010001110 2
b101010001110 Z
b110010111000 F
b11111001111001010 C
b11001011 D
b101010110010 o
b11000110 ,
b11000110 =
b11000110 ]
b11000110 q
b1100111001 ;
b1100111001 B
b110101 j
b110010110000000000000000 E
b1001011001101101001000 J
b1000101111 :
b1000101111 K
b1000101111 M
b1001000110 ?
b11001100000 >
b1011010000011 O
b1110000100 N
b1111100100110 P
b101010101 A
b101010101 L
b100110001000 @
b1001011 u
b1100000001 t
b101010110010 s
b11000110 r
b1011011111110 X
b1111111111 W
b1110110001101 Y
b1100111001 $
b1100111001 (
b1100111001 1
b1100111001 V
1#
#8260000
0#
#8265000
b101110101010 6
b101110101010 R
b100010111101 p
b1101011111 3
b1101011111 [
b101001010011 .
b101001010011 9
b101001010011 l
b100010111101 "
b100010111101 )
b100010111101 -
b100010111101 8
b100010111101 n
b1011101010100 T
b101001010011 7
b101001010011 S
b100010111101 5
b100010111101 Q
b11111111010111010 C
b101110111011 D
b11110110000 *
b11110110000 <
b11110110000 G
b11110110000 `
b1011011 +
b1011011 a
b1001110111111 ^
b11010111110 4
b11010111110 \
b1001010 2
b1001010 Z
b110000100111 o
b1110000100 ,
b1110000100 =
b1110000100 ]
b1110000100 q
b1110010000001001 F
b11011 h
b1100111010 ;
b1100111010 B
b1100000001 u
b101010110010 t
b110000100111 s
b1110000100 r
b11001100000 ?
b100010000000 >
b100110001000 A
b100110001000 L
b11000110 @
b1110101010010 O
b101001010011 N
b100010111101 P
b11001011 :
b11001011 K
b11001011 M
b1011101110110000000000000000 E
b1001011010011011110111 J
b110110 j
b1100110111101 X
b11010111110 W
b1001010 Y
b1100111010 $
b1100111010 (
b1100111010 1
b1100111010 V
1#
#8270000
0#
#8275000
b110011000001 6
b110011000001 R
b1000001100 p
b11011000111 3
b11011000111 [
b110010000001 .
b110010000001 9
b110010000001 l
b1000001100 "
b1000001100 )
b1000001100 -
b1000001100 8
b1000001100 n
b1100110000010 T
b110010000001 7
b110010000001 S
b1000001100 5
b1000001100 Q
b110110001110 ^
b10001101 4
b10001101 \
b11100011000 2
b11100011000 Z
b1001001000100000 F
b11111101010000100 C
b11110000101 D
b100010111101 o
b101001010011 ,
b101001010011 =
b101001010011 ]
b101001010011 q
b1100111011 ;
b1100111011 B
b110111 j
b111100001010000000000000000 E
b110001100110111100000 J
b101110111011 :
b101110111011 K
b101110111011 M
b100010000000 ?
b1101011111 >
b1111110000000 O
b110010000001 N
b1010100001011 P
b11000110 A
b11000110 L
b1110000100 @
b101010110010 u
b110000100111 t
b100010111101 s
b101001010011 r
b10001101 X
b110110001110 W
b11100011000 Y
b1100111011 $
b1100111011 (
b1100111011 1
b1100111011 V
1#
#8280000
0#
#8285000
b110000000101 6
b110000000101 R
b100100000000 p
b101011110 3
b101011110 [
b101100001001 .
b101100001001 9
b101100001001 l
b100100000000 "
b100100000000 )
b100100000000 -
b100100000000 8
b100100000000 n
b1100000001010 T
b101100001001 7
b101100001001 S
b100100000000 5
b100100000000 Q
b11111100101010000 C
b11001010001 D
b1000100111 *
b1000100111 <
b1000100111 G
b1000100111 `
b1011100 +
b1011100 a
b111110111101 ^
b1010111100 4
b1010111100 \
b100101000101 2
b100101000101 Z
b1000001100 o
b110010000001 ,
b110010000001 =
b110010000001 ]
b110010000001 q
b111101001110000 F
b11100 h
b1100111100 ;
b1100111100 B
b110000100111 u
b100010111101 t
b1000001100 s
b110010000001 r
b1101011111 ?
b11011000111 >
b1110000100 A
b1110000100 L
b101001010011 @
b1111000001000 O
b101100001001 N
b1101111111111 P
b11110000101 :
b11110000101 K
b11110000101 M
b110010100010000000000000000 E
b110001101010110010000 J
b111000 j
b1010111100 X
b111110111101 W
b100101000101 Y
b1100111100 $
b1100111100 (
b1100111100 1
b1100111100 V
1#
#8290000
0#
#8295000
b100001010010 6
b100001010010 R
b10000000010 p
b11100100011 3
b11100100011 [
b1110100011 .
b1110100011 9
b1110100011 l
b10000000010 "
b10000000010 )
b10000000010 -
b10000000010 8
b10000000010 n
b1000010100100 T
b1110100011 7
b1110100011 S
b10000000010 5
b10000000010 Q
b111001000110 ^
b101000101 4
b101000101 \
b11111001100 2
b11111001100 Z
b1101110111011100 F
b11111111001001011 C
b101101001100 D
b100100000000 o
b101100001001 ,
b101100001001 =
b101100001001 ]
b101100001001 q
b1100111101 ;
b1100111101 B
b111001 j
b1011010011000000000000000000 E
b1101111011000100100 J
b11001010001 :
b11001010001 K
b11001010001 M
b11011000111 ?
b101011110 >
b1110100011 O
b1000010100100 N
b10000000010 P
b101001010011 A
b101001010011 L
b110010000001 @
b100010111101 u
b1000001100 t
b100100000000 s
b101100001001 r
b101000101 X
b111001000110 W
b11111001100 Y
b1100111101 $
b1100111101 (
b1100111101 1
b1100111101 V
1#
#8300000
0#
#8305000
b10101100110 6
b10101100110 R
b100110101 p
b100111110001 3
b100111110001 [
b101011001100 .
b101011001100 9
b101011001100 l
b100110101 "
b100110101 )
b100110101 -
b100110101 8
b100110101 n
b1011111001101 T
b101011001100 7
b101011001100 S
b100110101 5
b100110101 Q
b11111110111101110 C
b101011101111 D
b1000111011 *
b1000111011 <
b1000111011 G
b1000111011 `
b1011101 +
b1011101 a
b1001111100010 ^
b11011100001 4
b11011100001 \
b1100101 2
b1100101 Z
b10000000010 o
b1110100011 ,
b1110100011 =
b1110100011 ]
b1110100011 q
b1101011010110101 F
b11101 h
b1100111110 ;
b1100111110 B
b1000001100 u
b100100000000 t
b10000000010 s
b1110100011 r
b101011110 ?
b11100100011 >
b110010000001 A
b110010000001 L
b101100001001 @
b101011001100 O
b1011111001101 N
b100110101 P
b101101001100 :
b101101001100 K
b101101001100 M
b1010111011110000000000000000 E
b1101111100001001011 J
b111010 j
b1100111100000 X
b11011100001 W
b1100101 Y
b1100111110 $
b1100111110 (
b1100111110 1
b1100111110 V
1#
#8310000
0#
#8315000
b101011111100 6
b101011111100 R
b11010 p
b10000101 3
b10000101 [
b100011110111 .
b100011110111 9
b100011110111 l
b11010 "
b11010 )
b11010 -
b11010 8
b11010 n
b11111100111011110 C
b11011011111 D
b1010111111000 T
b100011110111 7
b100011110111 S
b11010 5
b11010 Q
b111000001011 ^
b100001010 4
b100001010 \
b11110001101 2
b11110001101 Z
b1000011010110110 F
b100110101 o
b101011001100 ,
b101011001100 =
b101011001100 ]
b101011001100 q
b1100111111 ;
b1100111111 B
b111011 j
b110110111110000000000000000 E
b1110011101101001010 J
b101011101111 :
b101011101111 K
b101011101111 M
b11100100011 ?
b100111110001 >
b100011110111 O
b1010111111000 N
b11010 P
b101100001001 A
b101100001001 L
b1110100011 @
b100100000000 u
b10000000010 t
b100110101 s
b101011001100 r
b100001010 X
b111000001011 W
b11110001101 Y
b1100111111 $
b1100111111 (
b1100111111 1
b1100111111 V
1#
#8320000
0#
#8325000
b10101000001 6
b10101000001 R
b100111000101 p
b110010011100 3
b110010011100 [
b101010000010 .
b101010000010 9
b101010000010 l
b100111000101 "
b100111000101 )
b100111000101 -
b100111000101 8
b100111000101 n
b1011110000011 T
b101010000010 7
b101010000010 S
b100111000101 5
b100111000101 Q
b11111100110110100 C
b11010110101 D
b100011100101 *
b100011100101 <
b100011100101 G
b100011100101 `
b1011110 +
b1011110 a
b1100100111000 ^
b110000110111 4
b110000110111 \
b10110110111 2
b10110110111 Z
b11010 o
b100011110111 ,
b100011110111 =
b100011110111 ]
b100011110111 q
b1000001101111011 F
b11110 h
b1101000000 ;
b1101000000 B
b10000000010 u
b100110101 t
b11010 s
b100011110111 r
b100111110001 ?
b10000101 >
b1110100011 A
b1110100011 L
b101011001100 @
b1110110000001 O
b101010000010 N
b1110011000100 P
b11011011111 :
b11011011111 K
b11011011111 M
b110101101010000000000000000 E
b1110011110110000101 J
b111100 j
b1111100110110 X
b110000110111 W
b10110110111 Y
b1101000000 $
b1101000000 (
b1101000000 1
b1101000000 V
1#
#8330000
0#
#8335000
b1001000000 6
b1001000000 R
b10000010111 p
b1100001 3
b1100001 [
b10010000000 .
b10010000000 9
b10010000000 l
b10000010111 "
b10000010111 )
b10000010111 -
b10000010111 8
b10000010111 n
b1000110000001 T
b10010000000 7
b10010000000 S
b10000010111 5
b10000010111 Q
b110111000011 ^
b11000010 4
b11000010 \
b11101000001 2
b11101000001 Z
b101011111000000 F
b11111011110010001 C
b10010010010 D
b100111000101 o
b101010000010 ,
b101010000010 =
b101010000010 ]
b101010000010 q
b1101000001 ;
b1101000001 B
b111101 j
b100100100100000000000000000 E
b111001110100001000000 J
b11010110101 :
b11010110101 K
b11010110101 M
b10000101 ?
b110010011100 >
b10010000000 O
b1000110000001 N
b10000010111 P
b101011001100 A
b101011001100 L
b100011110111 @
b100110101 u
b11010 t
b100111000101 s
b101010000010 r
b11000010 X
b110111000011 W
b11101000001 Y
b1101000001 $
b1101000001 (
b1101000001 1
b1101000001 V
1#
#8340000
0#
#8345000
b1000100 6
b1000100 R
b10001100101 p
b1111100001 3
b1111100001 [
b10001000 .
b10001000 9
b10001000 l
b10001100101 "
b10001100101 )
b10001100101 -
b10001100101 8
b10001100101 n
b110110001001 T
b10001000 7
b10001000 S
b10001100101 5
b10001100101 Q
b11111111101001011 C
b110001001100 D
b10010011101 *
b10010011101 <
b10010011101 G
b10010011101 `
b1011111 +
b1011111 a
b1010011000011 ^
b11111000010 4
b11111000010 \
b100111110 2
b100111110 Z
b10000010111 o
b10010000000 ,
b10010000000 =
b10010000000 ]
b10010000000 q
b1110111111011011 F
b11111 h
b1101000010 ;
b1101000010 B
b11010 u
b100111000101 t
b10000010111 s
b10010000000 r
b110010011100 ?
b1100001 >
b100011110111 A
b100011110111 L
b101010000010 @
b10001000 O
b110110001001 N
b10001100101 P
b10010010010 :
b10010010010 K
b10010010010 M
b1100010011000000000000000000 E
b111001111000100100101 J
b111110 j
b1101011000001 X
b11111000010 W
b100111110 Y
b1101000010 $
b1101000010 (
b1101000010 1
b1101000010 V
1#
#8350000
0#
#8355000
b101101100111 6
b101101100111 R
b101100110111 p
b100001100110 3
b100001100110 [
b100111001101 .
b100111001101 9
b100111001101 l
b101100110111 "
b101100110111 )
b101100110111 -
b101100110111 8
b101100110111 n
b1011011001110 T
b100111001101 7
b100111001101 S
b101100110111 5
b101100110111 Q
b1000011001100 ^
b1111001011 4
b1111001011 \
b101001000110 2
b101001000110 Z
b10101010000110 F
b11111010100110111 C
b1000111000 D
b10001100101 o
b10001000 ,
b10001000 =
b10001000 ]
b10001000 q
b1101000011 ;
b1101000011 B
b111111 j
b10001110000000000000000000 E
b11110000011101111010 J
b110001001100 :
b110001001100 K
b110001001100 M
b1100001 ?
b1111100001 >
b100111001101 O
b1011011001110 N
b1111000110110 P
b101010000010 A
b101010000010 L
b10010000000 @
b100111000101 u
b10000010111 t
b10001100101 s
b10001000 r
b1011011001010 X
b1111001011 W
b1110101000101 Y
b1101000011 $
b1101000011 (
b1101000011 1
b1101000011 V
1#
#8360000
0#
#8365000
b1101011100 6
b1101011100 R
b1001001000 p
b1000 3
b1000 [
b11010111000 .
b11010111000 9
b11010111000 l
b1001001000 "
b1001001000 )
b1001001000 -
b1001001000 8
b1001001000 n
b1001110111001 T
b11010111000 7
b11010111000 S
b1001001000 5
b1001001000 Q
b11111010010100000 C
b110100001 D
b11000011100 *
b11000011100 <
b11000011100 G
b11000011100 `
b1100000 +
b1100000 a
b110100010001 ^
b10000 4
b10000 \
b11010001001 2
b11010001001 Z
b101100110111 o
b100111001101 ,
b100111001101 =
b100111001101 ]
b100111001101 q
b1111011101001 F
b100000 h
b1101000100 ;
b1101000100 B
b10000010111 u
b10001100101 t
b101100110111 s
b100111001101 r
b1111100001 ?
b100001100110 >
b10010000000 A
b10010000000 L
b10001000 @
b1100110110111 O
b11010111000 N
b1001001000 P
b1000111000 :
b1000111000 K
b1000111000 M
b1101000010000000000000000 E
b11110000110000010111 J
b1000000 j
b10000 X
b110100010001 W
b11010001001 Y
b1101000100 $
b1101000100 (
b1101000100 1
b1101000100 V
1#
#8370000
0#
#8375000
b11110010101 6
b11110010101 R
b101111101000 p
b101101111111 3
b101101111111 [
b1000101001 .
b1000101001 9
b1000101001 l
b101111101000 "
b101111101000 )
b101111101000 -
b101111101000 8
b101111101000 n
b111100101010 T
b1000101001 7
b1000101001 S
b101111101000 5
b101111101000 Q
b1011011111110 ^
b100111111101 4
b100111111101 \
b1101110011 2
b1101110011 Z
b1011110010010000 F
b11111110010100111 C
b100110101000 D
b1001001000 o
b11010111000 ,
b11010111000 =
b11010111000 ]
b11010111000 q
b1101000101 ;
b1101000101 B
b1000001 j
b1001101010000000000000000000 E
b100111111001101110000 J
b110100001 :
b110100001 K
b110100001 M
b100001100110 ?
b1000 >
b1010100101000 O
b1000101001 N
b1111011100111 P
b10001000 A
b10001000 L
b100111001101 @
b10001100101 u
b101100110111 t
b1001001000 s
b11010111000 r
b1110011111100 X
b100111111101 W
b1101110011 Y
b1101000101 $
b1101000101 (
b1101000101 1
b1101000101 V
1#
#8380000
0#
#8385000
b1100111010 6
b1100111010 R
b100101 p
b100100111000 3
b100100111000 [
b11001110100 .
b11001110100 9
b11001110100 l
b100101 "
b100101 )
b100101 -
b100101 8
b100101 n
b1001101110101 T
b11001110100 7
b11001110100 S
b100101 5
b100101 Q
b11111010011010011 C
b111010100 D
b10100011110 *
b10100011110 <
b10100011110 G
b10100011110 `
b1100001 +
b1100001 a
b1001001110000 ^
b10101101111 4
b10101101111 \
b101111100100 2
b101111100100 Z
b101111101000 o
b1000101001 ,
b1000101001 =
b1000101001 ]
b1000101001 q
b10001001110100 F
b100001 h
b1101000110 ;
b1101000110 B
b101100110111 u
b1001001000 t
b101111101000 s
b1000101001 r
b1000 ?
b101101111111 >
b100111001101 A
b100111001101 L
b11010111000 @
b11001110100 O
b1001101110101 N
b100101 P
b100110101000 :
b100110101000 K
b100110101000 M
b1110101000000000000000000 E
b100111111100110001100 J
b1000010 j
b1100001101110 X
b10101101111 W
b1111011100011 Y
b1101000110 $
b1101000110 (
b1101000110 1
b1101000110 V
1#
#8390000
0#
#8395000
b10001000110 6
b10001000110 R
b10011100100 p
b101101011110 3
b101101011110 [
b100010001100 .
b100010001100 9
b100010001100 l
b10011100100 "
b10011100100 )
b10011100100 -
b10011100100 8
b10011100100 n
b1010110001101 T
b100010001100 7
b100010001100 S
b10011100100 5
b10011100100 Q
b1011010111100 ^
b100110111011 4
b100110111011 \
b1100101101 2
b1100101101 Z
b1110001111001100 F
b11111111010100010 C
b101110100011 D
b100101 o
b11001110100 ,
b11001110100 =
b11001110100 ]
b11001110100 q
b1101000111 ;
b1101000111 B
b1000011 j
b1011101000110000000000000000 E
b100001100000000110100 J
b111010100 :
b111010100 K
b111010100 M
b101101111111 ?
b100100111000 >
b1101110001011 O
b100010001100 N
b10011100100 P
b11010111000 A
b11010111000 L
b1000101001 @
b1001001000 u
b101111101000 t
b100101 s
b11001110100 r
b1110010111010 X
b100110111011 W
b1100101101 Y
b1101000111 $
b1101000111 (
b1101000111 1
b1101000111 V
1#
#8400000
0#
#8405000
b11011100110 6
b11011100110 R
b1110000111 p
b10111101010 3
b10111101010 [
b11001011 .
b11001011 9
b11001011 l
b1110000111 "
b1110000111 )
b1110000111 -
b1110000111 8
b1110000111 n
b110111001100 T
b11001011 7
b11001011 S
b1110000111 5
b1110000111 Q
b11111100000101101 C
b10100101110 D
b100100010010 *
b100100010010 <
b100100010010 G
b100100010010 `
b1100010 +
b1100010 a
b1100011010101 ^
b101111010100 4
b101111010100 \
b10101000100 2
b10101000100 Z
b10011100100 o
b100010001100 ,
b100010001100 =
b100010001100 ]
b100010001100 q
b110010010101110 F
b100010 h
b1101001000 ;
b1101001000 B
b101111101000 u
b100101 t
b10011100100 s
b100010001100 r
b100100111000 ?
b101101011110 >
b1000101001 A
b1000101001 L
b11001110100 @
b11001011 O
b110111001100 N
b1011010000110 P
b101110100011 :
b101110100011 K
b101110100011 M
b101001011100000000000000000 E
b100001100010101010010 J
b1000100 j
b1111011010011 X
b101111010100 W
b10101000100 Y
b1101001000 $
b1101001000 (
b1101001000 1
b1101001000 V
1#
#8410000
0#
#8415000
b10111010001 6
b10111010001 R
b101000110 p
b1000001010 3
b1000001010 [
b101110100010 .
b101110100010 9
b101110100010 l
b101000110 "
b101000110 )
b101000110 -
b101000110 8
b101000110 n
b1100010100011 T
b101110100010 7
b101110100010 S
b101000110 5
b101000110 Q
b1000100010101 ^
b10000010100 4
b10000010100 \
b101010000011 2
b101010000011 Z
b110011110000 F
b11111001111000101 C
b11000110 D
b1110000111 o
b11001011 ,
b11001011 =
b11001011 ]
b11001011 q
b1101001001 ;
b1101001001 B
b1000101 j
b110001100000000000000000 E
b111011100001100010000 J
b10100101110 :
b10100101110 K
b10100101110 M
b101101011110 ?
b10111101010 >
b1111010100001 O
b101110100010 N
b101000110 P
b11001110100 A
b11001110100 L
b100010001100 @
b100101 u
b10011100100 t
b1110000111 s
b11001011 r
b1011100010011 X
b10000010100 W
b1110110000010 Y
b1101001001 $
b1101001001 (
b1101001001 1
b1101001001 V
1#
#8420000
0#
#8425000
b10010101001 6
b10010101001 R
b11111000110 p
b11101110110 3
b11101110110 [
b100101010010 .
b100101010010 9
b100101010010 l
b11111000110 "
b11111000110 )
b11111000110 -
b11111000110 8
b11111000110 n
b1011001010011 T
b100101010010 7
b100101010010 S
b11111000110 5
b11111000110 Q
b11111111100110010 C
b110000110011 D
b101001110001 *
b101001110001 <
b101001110001 G
b101001110001 `
b1100011 +
b1100011 a
b111011101100 ^
b111101011 4
b111101011 \
b100001011000 2
b100001011000 Z
b101000110 o
b101110100010 ,
b101110100010 =
b101110100010 ]
b101110100010 q
b1110110111011110 F
b100011 h
b1101001010 ;
b1101001010 B
b10011100100 u
b1110000111 t
b101000110 s
b101110100010 r
b10111101010 ?
b1000001010 >
b100010001100 A
b100010001100 L
b11001011 @
b1110001010001 O
b100101010010 N
b11111000110 P
b11000110 :
b11000110 K
b11000110 M
b1100001100110000000000000000 E
b111011100110000100010 J
b1000110 j
b111101011 X
b111011101100 W
b100001011000 Y
b1101001010 $
b1101001010 (
b1101001010 1
b1101001010 V
1#
#8430000
0#
#8435000
b11001111111 6
b11001111111 R
b110011001 p
b110011001111 3
b110011001111 [
b110011111110 .
b110011111110 9
b110011111110 l
b110011001 "
b110011001 )
b110011001 -
b110011001 8
b110011001 n
b1100111111111 T
b110011111110 7
b110011111110 S
b110011001 5
b110011001 Q
b1100110011110 ^
b110010011101 4
b110010011101 \
b11000000111 2
b11000000111 Z
b100101001010110 F
b11111011011101000 C
b1111101001 D
b11111000110 o
b100101010010 ,
b100101010010 =
b100101010010 ]
b100101010010 q
b1101001011 ;
b1101001011 B
b1000111 j
b11111010010000000000000000 E
b1000100101011110101010 J
b110000110011 :
b110000110011 K
b110000110011 M
b1000001010 ?
b11101110110 >
b1111111111101 O
b110011111110 N
b1010010011000 P
b11001011 A
b11001011 L
b101110100010 @
b1110000111 u
b101000110 t
b11111000110 s
b100101010010 r
b1111110011100 X
b110010011101 W
b11000000111 Y
b1101001011 $
b1101001011 (
b1101001011 1
b1101001011 V
1#
#8440000
0#
#8445000
b101000101 6
b101000101 R
b11110111001 p
b100000100101 3
b100000100101 [
b1010001010 .
b1010001010 9
b1010001010 l
b11110111001 "
b11110111001 )
b11110111001 -
b11110111001 8
b11110111001 n
b111110001011 T
b1010001010 7
b1010001010 S
b11110111001 5
b11110111001 Q
b11111111111111010 C
b110011111011 D
b110000011101 *
b110000011101 <
b110000011101 G
b110000011101 `
b1100100 +
b1100100 a
b1000001001010 ^
b1101001001 4
b1101001001 \
b100110110010 2
b100110110010 Z
b110011001 o
b110011111110 ,
b110011111110 =
b110011111110 ]
b110011111110 q
b1111110011100101 F
b100100 h
b1101001100 ;
b1101001100 B
b101000110 u
b11111000110 t
b110011001 s
b110011111110 r
b11101110110 ?
b110011001111 >
b101110100010 A
b101110100010 L
b100101010010 @
b1010001010 O
b111110001011 N
b11110111001 P
b1111101001 :
b1111101001 K
b1111101001 M
b1100111110110000000000000000 E
b1000100110001000011011 J
b1001000 j
b1101001001 X
b1000001001010 W
b100110110010 Y
b1101001100 $
b1101001100 (
b1101001100 1
b1101001100 V
1#
#8450000
0#
#8455000
b10010100110 6
b10010100110 R
b100101011000 p
b100101101100 3
b100101101100 [
b100101001100 .
b100101001100 9
b100101001100 l
b100101011000 "
b100101011000 )
b100101011000 -
b100101011000 8
b100101011000 n
b1011001001101 T
b100101001100 7
b100101001100 S
b100101011000 5
b100101011000 Q
b1001011011000 ^
b10111010111 4
b10111010111 \
b110000111110 2
b110000111110 Z
b1111110001100100 F
b11111111111111001 C
b110011111010 D
b11110111001 o
b1010001010 ,
b1010001010 =
b1010001010 ]
b1010001010 q
b1101001101 ;
b1101001101 B
b1001001 j
b1100111110100000000000000000 E
b1001111110111110011100 J
b110011111011 :
b110011111011 K
b110011111011 M
b110011001111 ?
b100000100101 >
b100101001100 O
b1011001001101 N
b1110001010111 P
b100101010010 A
b100101010010 L
b110011111110 @
b11111000110 u
b110011001 t
b11110111001 s
b1010001010 r
b1100011010110 X
b10111010111 W
b1111100111101 Y
b1101001101 $
b1101001101 (
b1101001101 1
b1101001101 V
1#
#8460000
0#
#8465000
b110011111100 6
b110011111100 R
b100 p
b11001001101 3
b11001001101 [
b110011110111 .
b110011110111 9
b110011110111 l
b100 "
b100 )
b100 -
b100 8
b100 n
b1100111111000 T
b110011110111 7
b110011110111 S
b100 5
b100 Q
b11111100010000000 C
b10110000001 D
b10111000100 *
b10111000100 <
b10111000100 G
b10111000100 `
b1100101 +
b1100101 a
b1100110011011 ^
b110010011010 4
b110010011010 \
b10111111110 2
b10111111110 Z
b100101011000 o
b100101001100 ,
b100101001100 =
b100101001100 ]
b100101001100 q
b110100101000111 F
b100101 h
b1101001110 ;
b1101001110 B
b110011001 u
b11110111001 t
b100101011000 s
b100101001100 r
b100000100101 ?
b100101101100 >
b110011111110 A
b110011111110 L
b1010001010 @
b110011110111 O
b1100111111000 N
b100 P
b110011111010 :
b110011111010 K
b110011111010 M
b101100000010000000000000000 E
b1001111111101110111001 J
b1001010 j
b1111110011001 X
b110010011010 W
b10111111110 Y
b1101001110 $
b1101001110 (
b1101001110 1
b1101001110 V
1#
#8470000
0#
#8475000
b101010000110 6
b101010000110 R
b101000001010 p
b100000100011 3
b100000100011 [
b100000001011 .
b100000001011 9
b100000001011 l
b101000001010 "
b101000001010 )
b101000001010 -
b101000001010 8
b101000001010 n
b1010100001100 T
b100000001011 7
b100000001011 S
b101000001010 5
b101000001010 Q
b1000001000110 ^
b1101000101 4
b1101000101 \
b100110101000 2
b100110101000 Z
b100101001001000 F
b11111011011011000 C
b1111011001 D
b100 o
b110011110111 ,
b110011110111 =
b110011110111 ]
b110011110111 q
b1101001111 ;
b1101001111 B
b1001011 j
b11110110010000000000000000 E
b100110000110110111000 J
b10110000001 :
b10110000001 K
b10110000001 M
b100101101100 ?
b11001001101 >
b1101100001010 O
b100000001011 N
b1110100001001 P
b1010001010 A
b1010001010 L
b100101001100 @
b11110111001 u
b100101011000 t
b100 s
b110011110111 r
b1101000101 X
b1000001000110 W
b100110101000 Y
b1101001111 $
b1101001111 (
b1101001111 1
b1101001111 V
1#
#8480000
0#
#8485000
b10010 6
b10010 R
b10101110011 p
b110000101110 3
b110000101110 [
b100100 .
b100100 9
b100100 l
b10101110011 "
b10101110011 )
b10101110011 -
b10101110011 8
b10101110011 n
b110100100101 T
b100100 7
b100100 S
b10101110011 5
b10101110011 Q
b11111010111110001 C
b1011110010 D
b10001100000 *
b10001100000 <
b10001100000 G
b10001100000 `
b1100110 +
b1100110 a
b1100001011100 ^
b101101011011 4
b101101011011 \
b10010111011 2
b10010111011 Z
b101000001010 o
b100000001011 ,
b100000001011 =
b100000001011 ]
b100000001011 q
b11100010000100 F
b100110 h
b1101010000 ;
b1101010000 B
b100101011000 u
b100 t
b101000001010 s
b100000001011 r
b11001001101 ?
b100000100011 >
b100101001100 A
b100101001100 L
b110011110111 @
b100100 O
b110100100101 N
b10101110011 P
b1111011001 :
b1111011001 K
b1111011001 M
b10111100100000000000000000 E
b100110001001101111100 J
b1001100 j
b1111001011010 X
b101101011011 W
b10010111011 Y
b1101010000 $
b1101010000 (
b1101010000 1
b1101010000 V
1#
#8490000
0#
#8495000
b101110100 6
b101110100 R
b101000000101 p
b100000111011 3
b100000111011 [
b1011101000 .
b1011101000 9
b1011101000 l
b101000000101 "
b101000000101 )
b101000000101 -
b101000000101 8
b101000000101 n
b111111101001 T
b1011101000 7
b1011101000 S
b101000000101 5
b101000000101 Q
b1000001110110 ^
b1101110101 4
b1101110101 \
b100111010100 2
b100111010100 Z
b1000001000000000 F
b11111100110101000 C
b11010101001 D
b10101110011 o
b100100 ,
b100100 =
b100100 ]
b100100 q
b1101010001 ;
b1101010001 B
b1001101 j
b110101010010000000000000000 E
b11100111111000000000 J
b1011110010 :
b1011110010 K
b1011110010 M
b100000100011 ?
b110000101110 >
b1011101000 O
b111111101001 N
b101000000101 P
b110011110111 A
b110011110111 L
b100000001011 @
b100 u
b101000001010 t
b10101110011 s
b100100 r
b1011001110100 X
b1101110101 W
b1110011010011 Y
b1101010001 $
b1101010001 (
b1101010001 1
b1101010001 V
1#
#8500000
0#
#8505000
b11101011010 6
b11101011010 R
b101100010 p
b1100011101 3
b1100011101 [
b110110011 .
b110110011 9
b110110011 l
b101100010 "
b101100010 )
b101100010 -
b101100010 8
b101100010 n
b111010110100 T
b110110011 7
b110110011 S
b101100010 5
b101100010 Q
b11111011111001111 C
b10011010000 D
b101101 *
b101101 <
b101101 G
b101101 `
b1100111 +
b1100111 a
b1001100111011 ^
b11000111010 4
b11000111010 \
b110010010111 2
b110010010111 Z
b101000000101 o
b1011101000 ,
b1011101000 =
b1011101000 ]
b1011101000 q
b101110110100000 F
b100111 h
b1101010010 ;
b1101010010 B
b101000001010 u
b10101110011 t
b101000000101 s
b1011101000 r
b110000101110 ?
b100000111011 >
b100000001011 A
b100000001011 L
b100100 @
b110110011 O
b111010110100 N
b101100010 P
b11010101001 :
b11010101001 K
b11010101001 M
b100110100000000000000000000 E
b11101000001001100000 J
b1001110 j
b1100100111001 X
b11000111010 W
b1111110010110 Y
b1101010010 $
b1101010010 (
b1101010010 1
b1101010010 V
1#
#8510000
0#
#8515000
b1001111010 6
b1001111010 R
b100001010101 p
b1010000011 3
b1010000011 [
b10011110100 .
b10011110100 9
b10011110100 l
b100001010101 "
b100001010101 )
b100001010101 -
b100001010101 8
b100001010101 n
b1000111110101 T
b10011110100 7
b10011110100 S
b100001010101 5
b100001010101 Q
b1001000000111 ^
b10100000110 4
b10100000110 \
b101101100001 2
b101101100001 Z
b1100110010010110 F
b11111110101100100 C
b101001100101 D
b101100010 o
b110110011 ,
b110110011 =
b110110011 ]
b110110011 q
b1101010011 ;
b1101010011 B
b1001111 j
b1010011001010000000000000000 E
b1001010101101010 J
b10011010000 :
b10011010000 K
b10011010000 M
b100000111011 ?
b1100011101 >
b1011111110011 O
b10011110100 N
b1101101010100 P
b100100 A
b100100 L
b1011101000 @
b10101110011 u
b101000000101 t
b101100010 s
b110110011 r
b1100000000101 X
b10100000110 W
b1111001100000 Y
b1101010011 $
b1101010011 (
b1101010011 1
b1101010011 V
1#
#8520000
0#
#8525000
b100110 6
b100110 R
b10110000100 p
b10000100100 3
b10000100100 [
b1001100 .
b1001100 9
b1001100 l
b10110000100 "
b10110000100 )
b10110000100 -
b10110000100 8
b10110000100 n
b110101001101 T
b1001100 7
b1001100 S
b10110000100 5
b10110000100 Q
b11111010000010110 C
b100010111 D
b10001010000 *
b10001010000 <
b10001010000 G
b10001010000 `
b1101000 +
b1101000 a
b1010101001001 ^
b100001001000 4
b100001001000 \
b110100000 2
b110100000 Z
b100001010101 o
b10011110100 ,
b10011110100 =
b10011110100 ]
b10011110100 q
b1010101101001 F
b101000 h
b1101010100 ;
b1101010100 B
b101000000101 u
b101100010 t
b100001010101 s
b10011110100 r
b1100011101 ?
b1010000011 >
b1011101000 A
b1011101000 L
b110110011 @
b1001100 O
b110101001101 N
b1100010000011 P
b101001100101 :
b101001100101 K
b101001100101 M
b1000101110000000000000000 E
b1001010110010111 J
b1010000 j
b1101101000111 X
b100001001000 W
b110100000 Y
b1101010100 $
b1101010100 (
b1101010100 1
b1101010100 V
1#
#8530000
0#
#8535000
b101100101 6
b101100101 R
b10011100 p
b100001010001 3
b100001010001 [
b1011001010 .
b1011001010 9
b1011001010 l
b10011100 "
b10011100 )
b10011100 -
b10011100 8
b10011100 n
b111111001011 T
b1011001010 7
b1011001010 S
b10011100 5
b10011100 Q
b1000010100010 ^
b1110100001 4
b1110100001 \
b100111111000 2
b100111111000 Z
b1110010111000000 F
b11111111010111001 C
b101110111010 D
b10110000100 o
b1001100 ,
b1001100 =
b1001100 ]
b1001100 q
b1101010101 ;
b1101010101 B
b1010001 j
b1011101110100000000000000000 E
b11100101101001000000 J
b100010111 :
b100010111 K
b100010111 M
b1010000011 ?
b10000100100 >
b1010111001001 O
b1011001010 N
b10011100 P
b110110011 A
b110110011 L
b10011110100 @
b101100010 u
b100001010101 t
b10110000100 s
b1001100 r
b1011010100000 X
b1110100001 W
b1110011110111 Y
b1101010101 $
b1101010101 (
b1101010101 1
b1101010101 V
1#
#8540000
0#
#8545000
b100001010111 6
b100001010111 R
b11000111011 p
b1100010000 3
b1100010000 [
b1110101101 .
b1110101101 9
b1110101101 l
b11000111011 "
b11000111011 )
b11000111011 -
b11000111011 8
b11000111011 n
b1000010101110 T
b1110101101 7
b1110101101 S
b11000111011 5
b11000111011 Q
b11111111101010001 C
b110001010010 D
b11000010111 *
b11000010111 <
b11000010111 G
b11000010111 `
b1101001 +
b1101001 a
b1001100100001 ^
b11000100000 4
b11000100000 \
b110001110101 2
b110001110101 Z
b10011100 o
b1011001010 ,
b1011001010 =
b1011001010 ]
b1011001010 q
b1111000101110000 F
b101001 h
b1101010110 ;
b1101010110 B
b100001010101 u
b10110000100 t
b10011100 s
b1011001010 r
b10000100100 ?
b100001010001 >
b10011110100 A
b10011110100 L
b1001100 @
b1110101101 O
b1000010101110 N
b1100100111010 P
b101110111010 :
b101110111010 K
b101110111010 M
b1100010100100000000000000000 E
b11100101111010010000 J
b1010010 j
b1100100011111 X
b11000100000 W
b1111101110100 Y
b1101010110 $
b1101010110 (
b1101010110 1
b1101010110 V
1#
#8550000
0#
#8555000
b11001001111 6
b11001001111 R
b11111011 p
b1110000010 3
b1110000010 [
b110010011110 .
b110010011110 9
b110010011110 l
b11111011 "
b11111011 )
b11111011 -
b11111011 8
b11111011 n
b1100110011111 T
b110010011110 7
b110010011110 S
b11111011 5
b11111011 Q
b1010000000101 ^
b11100000100 4
b11100000100 \
b1010110 2
b1010110 Z
b10000101000110 F
b11111010011000100 C
b111000101 D
b11000111011 o
b1110101101 ,
b1110101101 =
b1110101101 ]
b1110101101 q
b1101010111 ;
b1101010111 B
b1010011 j
b1110001010000000000000000 E
b101000101000010111010 J
b110001010010 :
b110001010010 K
b110001010010 M
b100001010001 ?
b1100010000 >
b1111110011101 O
b110010011110 N
b1001111111010 P
b1001100 A
b1001100 L
b1011001010 @
b10110000100 u
b10011100 t
b11000111011 s
b1110101101 r
b1101000000011 X
b11100000100 W
b1010110 Y
b1101010111 $
b1101010111 (
b1101010111 1
b1101010111 V
1#
#8560000
0#
#8565000
b100011001000 6
b100011001000 R
b100000101 p
b11111111011 3
b11111111011 [
b10010001111 .
b10010001111 9
b10010001111 l
b100000101 "
b100000101 )
b100000101 -
b100000101 8
b100000101 n
b1000110010000 T
b10010001111 7
b10010001111 S
b100000101 5
b100000101 Q
b11111011010100100 C
b1110100101 D
b100100000011 *
b100100000011 <
b100100000011 G
b100100000011 `
b1101010 +
b1101010 a
b111111110110 ^
b1011110101 4
b1011110101 \
b100101000110 2
b100101000110 Z
b11111011 o
b110010011110 ,
b110010011110 =
b110010011110 ]
b110010011110 q
b100011000101111 F
b101010 h
b1101011000 ;
b1101011000 B
b10011100 u
b11000111011 t
b11111011 s
b110010011110 r
b1100010000 ?
b1110000010 >
b1011001010 A
b1011001010 L
b1110101101 @
b1011110001110 O
b10010001111 N
b100000101 P
b111000101 :
b111000101 K
b111000101 M
b11101001010000000000000000 E
b101000101011011010001 J
b1010100 j
b1011110101 X
b111111110110 W
b100101000110 Y
b1101011000 $
b1101011000 (
b1101011000 1
b1101011000 V
1#
#8570000
0#
#8575000
b1110101001 6
b1110101001 R
b1000 p
b1111110100 3
b1111110100 [
b11101010010 .
b11101010010 9
b11101010010 l
b1000 "
b1000 )
b1000 -
b1000 8
b1000 n
b1010001010011 T
b11101010010 7
b11101010010 S
b1000 5
b1000 Q
b1010011101001 ^
b11111101000 4
b11111101000 \
b100110110 2
b100110110 Z
b100010111111000 F
b11111011010101011 C
b1110101100 D
b100000101 o
b10010001111 ,
b10010001111 =
b10010001111 ]
b10010001111 q
b1101011001 ;
b1101011001 B
b1010101 j
b11101011000000000000000000 E
b111100010001000001000 J
b1110100101 :
b1110100101 K
b1110100101 M
b1110000010 ?
b11111111011 >
b1101001010001 O
b11101010010 N
b1000 P
b1110101101 A
b1110101101 L
b110010011110 @
b11000111011 u
b11111011 t
b100000101 s
b10010001111 r
b1101011100111 X
b11111101000 W
b100110110 Y
b1101011001 $
b1101011001 (
b1101011001 1
b1101011001 V
1#
#8580000
0#
#8585000
b100000100101 6
b100000100101 R
b100011110010 p
b10101010110 3
b10101010110 [
b1101001001 .
b1101001001 9
b1101001001 l
b100011110010 "
b100011110010 )
b100011110010 -
b100011110010 8
b100011110010 n
b1000001001010 T
b1101001001 7
b1101001001 S
b100011110010 5
b100011110010 Q
b11111100000110001 C
b10100110010 D
b101101110101 *
b101101110101 <
b101101110101 G
b101101110101 `
b1101011 +
b1101011 a
b1011110101101 ^
b101010101100 4
b101010101100 \
b1111111000 2
b1111111000 Z
b1000 o
b11101010010 ,
b11101010010 =
b11101010010 ]
b11101010010 q
b110001111110101 F
b101011 h
b1101011010 ;
b1101011010 B
b11111011 u
b100000101 t
b1000 s
b11101010010 r
b11111111011 ?
b1111110100 >
b110010011110 A
b110010011110 L
b10010001111 @
b1101001001 O
b1000001001010 N
b100011110010 P
b1110101100 :
b1110101100 K
b1110101100 M
b101001100100000000000000000 E
b111100010101100001011 J
b1010110 j
b1110110101011 X
b101010101100 W
b1111111000 Y
b1101011010 $
b1101011010 (
b1101011010 1
b1101011010 V
1#
#8590000
0#
#8595000
b101101100001 6
b101101100001 R
b110001011110 p
b1101010010 3
b1101010010 [
b100111000001 .
b100111000001 9
b100111000001 l
b110001011110 "
b110001011110 )
b110001011110 -
b110001011110 8
b110001011110 n
b1011011000010 T
b100111000001 7
b100111000001 S
b110001011110 5
b110001011110 Q
b1001110100101 ^
b11010100100 4
b11010100100 \
b110011101111 2
b110011101111 Z
b101001111011110 F
b11111011101101000 C
b10001101001 D
b100011110010 o
b1101001001 ,
b1101001001 =
b1101001001 ]
b1101001001 q
b1101011011 ;
b1101011011 B
b1010111 j
b100011010010000000000000000 E
b1001100110011000100010 J
b10100110010 :
b10100110010 K
b10100110010 M
b1111110100 ?
b10101010110 >
b1110011000000 O
b100111000001 N
b1111101011101 P
b10010001111 A
b10010001111 L
b11101010010 @
b100000101 u
b1000 t
b100011110010 s
b1101001001 r
b1100110100011 X
b11010100100 W
b1111111101110 Y
b1101011011 $
b1101011011 (
b1101011011 1
b1101011011 V
1#
#8600000
0#
#8605000
b110001011110 6
b110001011110 R
b1011101001 p
b1110 3
b1110 [
b101110111011 .
b101110111011 9
b101110111011 l
b1011101001 "
b1011101001 )
b1011101001 -
b1011101001 8
b1011101001 n
b1100010111100 T
b101110111011 7
b101110111011 S
b1011101001 5
b1011101001 Q
b11111011000010000 C
b1100010001 D
b100110001101 *
b100110001101 <
b100110001101 G
b100110001101 `
b1101100 +
b1101100 a
b110100011101 ^
b11100 4
b11100 \
b11001100101 2
b11001100101 Z
b110001011110 o
b100111000001 ,
b100111000001 =
b100111000001 ]
b100111000001 q
b11100101101001 F
b101100 h
b1101011100 ;
b1101011100 B
b1000 u
b100011110010 t
b110001011110 s
b100111000001 r
b10101010110 ?
b1101010010 >
b11101010010 A
b11101010010 L
b1101001001 @
b1111010111010 O
b101110111011 N
b1011101001 P
b10001101001 :
b10001101001 K
b10001101001 M
b11000100010000000000000000 E
b1001100111000110010111 J
b1011000 j
b11100 X
b110100011101 W
b11001100101 Y
b1101011100 $
b1101011100 (
b1101011100 1
b1101011100 V
1#
#8610000
0#
#8615000
b1100101101 6
b1100101101 R
b111000 p
b11110001100 3
b11110001100 [
b11001011010 .
b11001011010 9
b11001011010 l
b111000 "
b111000 )
b111000 -
b111000 8
b111000 n
b1001101011011 T
b11001011010 7
b11001011010 S
b111000 5
b111000 Q
b111100011000 ^
b1000010111 4
b1000010111 \
b100001011110 2
b100001011110 Z
b1010011001010100 F
b11111101110010010 C
b100010010011 D
b1011101001 o
b101110111011 ,
b101110111011 =
b101110111011 ]
b101110111011 q
b1101011101 ;
b1101011101 B
b1011001 j
b1000100100110000000000000000 E
b1000000001010110101100 J
b1100010001 :
b1100010001 K
b1100010001 M
b1101010010 ?
b1110 >
b1100101011001 O
b11001011010 N
b111000 P
b1101001001 A
b1101001001 L
b100111000001 @
b100011110010 u
b110001011110 t
b1011101001 s
b101110111011 r
b1000010111 X
b111100011000 W
b100001011110 Y
b1101011101 $
b1101011101 (
b1101011101 1
b1101011101 V
1#
#8620000
0#
#8625000
b100100101010 6
b100100101010 R
b100101110 p
b10011011100 3
b10011011100 [
b10101010011 .
b10101010011 9
b10101010011 l
b100101110 "
b100101110 )
b100101110 -
b100101110 8
b100101110 n
b1001001010100 T
b10101010011 7
b10101010011 S
b100101110 5
b100101110 Q
b11111110100101011 C
b101000101100 D
b10100101000 *
b10100101000 <
b10100101000 G
b10100101000 `
b1101101 +
b1101101 a
b1011010111001 ^
b100110111000 4
b100110111000 \
b1011111100 2
b1011111100 Z
b111000 o
b11001011010 ,
b11001011010 =
b11001011010 ]
b11001011010 q
b1100010111000111 F
b101101 h
b1101011110 ;
b1101011110 B
b110001011110 u
b1011101001 t
b111000 s
b11001011010 r
b1110 ?
b11110001100 >
b100111000001 A
b100111000001 L
b101110111011 @
b10101010011 O
b1001001010100 N
b100101110 P
b100010010011 :
b100010010011 K
b100010010011 M
b1010001011000000000000000000 E
b1000000001111100111001 J
b1011010 j
b1110010110111 X
b100110111000 W
b1011111100 Y
b1101011110 $
b1101011110 (
b1101011110 1
b1101011110 V
1#
#8630000
0#
#8635000
b10001110011 6
b10001110011 R
b110001111 p
b10001011001 3
b10001011001 [
b100011100110 .
b100011100110 9
b100011100110 l
b110001111 "
b110001111 )
b110001111 -
b110001111 8
b110001111 n
b1010111100111 T
b100011100110 7
b100011100110 S
b110001111 5
b110001111 Q
b1010110110011 ^
b100010110010 4
b100010110010 \
b111110100 2
b111110100 Z
b1001001101010000 F
b11111101010001100 C
b11110001101 D
b100101110 o
b10101010011 ,
b10101010011 =
b10101010011 ]
b10101010011 q
b1101011111 ;
b1101011111 B
b1011011 j
b111100011010000000000000000 E
b100010101110010110000 J
b101000101100 :
b101000101100 K
b101000101100 M
b11110001100 ?
b10011011100 >
b100011100110 O
b1010111100111 N
b110001111 P
b101110111011 A
b101110111011 L
b11001011010 @
b1011101001 u
b111000 t
b100101110 s
b10101010011 r
b1101110110001 X
b100010110010 W
b111110100 Y
b1101011111 $
b1101011111 (
b1101011111 1
b1101011111 V
1#
#8640000
0#
#8645000
b1110011 6
b1110011 R
b101111001110 p
b11000100011 3
b11000100011 [
b11100110 .
b11100110 9
b11100110 l
b101111001110 "
b101111001110 )
b101111001110 -
b101111001110 8
b101111001110 n
b110111100111 T
b11100110 7
b11100110 S
b101111001110 5
b101111001110 Q
b11111101010110001 C
b11110110010 D
b100101101010 *
b100101101010 <
b100101101010 G
b100101101010 `
b1101110 +
b1101110 a
b1100101000111 ^
b110001000110 4
b110001000110 \
b10110000110 2
b10110000110 Z
b110001111 o
b100011100110 ,
b100011100110 =
b100011100110 ]
b100011100110 q
b1001011000101000 F
b101110 h
b1101100000 ;
b1101100000 B
b111000 u
b100101110 t
b110001111 s
b100011100110 r
b10011011100 ?
b10001011001 >
b11001011010 A
b11001011010 L
b10101010011 @
b11100110 O
b110111100111 N
b1111011001101 P
b11110001101 :
b11110001101 K
b11110001101 M
b111101100100000000000000000 E
b100010110000111011000 J
b1011100 j
b1111101000101 X
b110001000110 W
b10110000110 Y
b1101100000 $
b1101100000 (
b1101100000 1
b1101100000 V
1#
#8650000
0#
#8655000
b10 6
b10 R
b101010100010 p
b100010100100 3
b100010100100 [
b100 .
b100 9
b100 l
b101010100010 "
b101010100010 )
b101010100010 -
b101010100010 8
b101010100010 n
b110100000101 T
b100 7
b100 S
b101010100010 5
b101010100010 Q
b1000101001000 ^
b10001000111 4
b10001000111 \
b101010000110 2
b101010000110 Z
b1111101001000000 F
b11111111111010101 C
b110011010110 D
b101111001110 o
b11100110 ,
b11100110 =
b11100110 ]
b11100110 q
b1101100001 ;
b1101100001 B
b1011101 j
b1100110101100000000000000000 E
b111111100010111000000 J
b11110110010 :
b11110110010 K
b11110110010 M
b10001011001 ?
b11000100011 >
b100 O
b110100000101 N
b1110110100001 P
b10101010011 A
b10101010011 L
b100011100110 @
b100101110 u
b110001111 t
b101111001110 s
b11100110 r
b1011101000110 X
b10001000111 W
b1110110000101 Y
b1101100001 $
b1101100001 (
b1101100001 1
b1101100001 V
1#
#8660000
0#
#8665000
b101011011110 6
b101011011110 R
b100100010001 p
b110110011 3
b110110011 [
b100010111011 .
b100010111011 9
b100010111011 l
b100100010001 "
b100100010001 )
b100100010001 -
b100100010001 8
b100100010001 n
b1010110111100 T
b100010111011 7
b100010111011 S
b100100010001 5
b100100010001 Q
b11111011101010100 C
b10001010101 D
b101101000100 *
b101101000100 <
b101101000100 G
b101101000100 `
b1101111 +
b1101111 a
b1000001100111 ^
b1101100110 4
b1101100110 \
b100110100011 2
b100110100011 Z
b101010100010 o
b100 ,
b100 =
b100 ]
b100 q
b101001011010110 F
b101111 h
b1101100010 ;
b1101100010 B
b110001111 u
b101111001110 t
b101010100010 s
b100 r
b11000100011 ?
b100010100100 >
b100011100110 A
b100011100110 L
b11100110 @
b100010111011 O
b1010110111100 N
b1110000010000 P
b110011010110 :
b110011010110 K
b110011010110 M
b100010101010000000000000000 E
b111111100111100101010 J
b1011110 j
b1011001100101 X
b1101100110 W
b1110010100010 Y
b1101100010 $
b1101100010 (
b1101100010 1
b1101100010 V
1#
#8670000
0#
#8675000
b100100011110 6
b100100011110 R
b100110010010 p
b11000001111 3
b11000001111 [
b10100111011 .
b10100111011 9
b10100111011 l
b100110010010 "
b100110010010 )
b100110010010 -
b100110010010 8
b100110010010 n
b1001000111100 T
b10100111011 7
b10100111011 S
b100110010010 5
b100110010010 Q
b1100100011111 ^
b110000011110 4
b110000011110 \
b10101011000 2
b10101011000 Z
b100101111111000 F
b11111011100000001 C
b10000000010 D
b100100010001 o
b100010111011 ,
b100010111011 =
b100010111011 ]
b100010111011 q
b1101100011 ;
b1101100011 B
b1011111 j
b100000000100000000000000000 E
b1001100001110000001000 J
b10001010101 :
b10001010101 K
b10001010101 M
b100010100100 ?
b110110011 >
b1100000111010 O
b10100111011 N
b1110010010001 P
b11100110 A
b11100110 L
b100 @
b101111001110 u
b101010100010 t
b100100010001 s
b100010111011 r
b1111100011101 X
b110000011110 W
b10101011000 Y
b1101100011 $
b1101100011 (
b1101100011 1
b1101100011 V
1#
#8680000
0#
#8685000
b1000000011 6
b1000000011 R
b100100000011 p
b101011010000 3
b101011010000 [
b10000000110 .
b10000000110 9
b10000000110 l
b100100000011 "
b100100000011 )
b100100000011 -
b100100000011 8
b100100000011 n
b1000100000111 T
b10000000110 7
b10000000110 S
b100100000011 5
b100100000011 Q
b11111110001010011 C
b100101010100 D
b110001011110 *
b110001011110 <
b110001011110 G
b110001011110 `
b1110000 +
b1110000 a
b1010110100000 ^
b100010011111 4
b100010011111 \
b111010111 2
b111010111 Z
b100110010010 o
b10100111011 ,
b10100111011 =
b10100111011 ]
b10100111011 q
b1011010010110100 F
b110000 h
b1101100100 ;
b1101100100 B
b101010100010 u
b100100010001 t
b100110010010 s
b10100111011 r
b110110011 ?
b11000001111 >
b100 A
b100 L
b100010111011 @
b1011100000101 O
b10000000110 N
b1110000000010 P
b10000000010 :
b10000000010 K
b10000000010 M
b1001010101000000000000000000 E
b1001100010011101001100 J
b1100000 j
b1101110011110 X
b100010011111 W
b111010111 Y
b1101100100 $
b1101100100 (
b1101100100 1
b1101100100 V
1#
#8690000
0#
#8695000
b1010000111 6
b1010000111 R
b110001101000 p
b101000110110 3
b101000110110 [
b10100001110 .
b10100001110 9
b10100001110 l
b110001101000 "
b110001101000 )
b110001101000 -
b110001101000 8
b110001101000 n
b1001000001111 T
b10100001110 7
b10100001110 S
b110001101000 5
b110001101000 Q
b1010001101100 ^
b11101101011 4
b11101101011 \
b10100001 2
b10100001 Z
b110100101001000 F
b11111100010000010 C
b10110000011 D
b100100000011 o
b10000000110 ,
b10000000110 =
b10000000110 ]
b10000000110 q
b1101100101 ;
b1101100101 B
b1100001 j
b101100000110000000000000000 E
b1010011110111010111000 J
b100101010100 :
b100101010100 K
b100101010100 M
b11000001111 ?
b101011010000 >
b10100001110 O
b1001000001111 N
b1111101100111 P
b100010111011 A
b100010111011 L
b10100111011 @
b100100010001 u
b100110010010 t
b100100000011 s
b10000000110 r
b1101001101010 X
b11101101011 W
b10100001 Y
b1101100101 $
b1101100101 (
b1101100101 1
b1101100101 V
1#
#8700000
0#
#8705000
b10101011111 6
b10101011111 R
b110010111001 p
b10000111010 3
b10000111010 [
b101010111110 .
b101010111110 9
b101010111110 l
b110010111001 "
b110010111001 )
b110010111001 -
b110010111001 8
b110010111001 n
b1011110111111 T
b101010111110 7
b101010111110 S
b110010111001 5
b110010111001 Q
b11111010011101111 C
b111110000 D
b10101000011 *
b10101000011 <
b10101000011 G
b10101000011 `
b1110001 +
b1110001 a
b1010101110101 ^
b100001110100 4
b100001110100 \
b110101000 2
b110101000 Z
b110001101000 o
b10100001110 ,
b10100001110 =
b10100001110 ]
b10100001110 q
b10001011101010 F
b110001 h
b1101100110 ;
b1101100110 B
b100110010010 u
b100100000011 t
b110001101000 s
b10100001110 r
b101011010000 ?
b101000110110 >
b10100111011 A
b10100111011 L
b10000000110 @
b1110110111101 O
b101010111110 N
b1111110111000 P
b10110000011 :
b10110000011 K
b10110000011 M
b1111100000000000000000000 E
b1010011111101100010110 J
b1100010 j
b1101101110011 X
b100001110100 W
b110101000 Y
b1101100110 $
b1101100110 (
b1101100110 1
b1101100110 V
1#
#8710000
0#
#8715000
b1011111011 6
b1011111011 R
b1000010110 p
b10010010 3
b10010010 [
b10111110110 .
b10111110110 9
b10111110110 l
b1000010110 "
b1000010110 )
b1000010110 -
b1000010110 8
b1000010110 n
b1001011110111 T
b10111110110 7
b10111110110 S
b1000010110 5
b1000010110 Q
b111000100101 ^
b100100100 4
b100100100 \
b11101010111 2
b11101010111 Z
b10100001001110 F
b11111010100011101 C
b1000011110 D
b110010111001 o
b101010111110 ,
b101010111110 =
b101010111110 ]
b101010111110 q
b1101100111 ;
b1101100111 B
b1100011 j
b10000111100000000000000000 E
b100011110000110110010 J
b111110000 :
b111110000 K
b111110000 M
b101000110110 ?
b10000111010 >
b1100011110101 O
b10111110110 N
b1000010110 P
b10000000110 A
b10000000110 L
b10100001110 @
b100100000011 u
b110001101000 t
b110010111001 s
b101010111110 r
b100100100 X
b111000100101 W
b11101010111 Y
b1101100111 $
b1101100111 (
b1101100111 1
b1101100111 V
1#
#8720000
0#
#8725000
b1110010110 6
b1110010110 R
b1011110000 p
b10010101111 3
b10010101111 [
b11100101100 .
b11100101100 9
b11100101100 l
b1011110000 "
b1011110000 )
b1011110000 -
b1011110000 8
b1011110000 n
b1010000101101 T
b11100101100 7
b11100101100 S
b1011110000 5
b1011110000 Q
b11111101000010100 C
b11100010101 D
b11011011101 *
b11011011101 <
b11011011101 G
b11011011101 `
b1110010 +
b1110010 a
b1011001011111 ^
b100101011110 4
b100101011110 \
b1010001110 2
b1010001110 Z
b1000010110 o
b10111110110 ,
b10111110110 =
b10111110110 ]
b10111110110 q
b1000101000001011 F
b110010 h
b1101101000 ;
b1101101000 B
b110001101000 u
b110010111001 t
b1000010110 s
b10111110110 r
b10000111010 ?
b10010010 >
b10100001110 A
b10100001110 L
b101010111110 @
b1101000101011 O
b11100101100 N
b1011110000 P
b1000011110 :
b1000011110 K
b1000011110 M
b111000101010000000000000000 E
b100011110011011110101 J
b1100100 j
b1110001011101 X
b100101011110 W
b1010001110 Y
b1101101000 $
b1101101000 (
b1101101000 1
b1101101000 V
1#
#8730000
0#
#8735000
b1001101001 6
b1001101001 R
b1110101001 p
b101111001011 3
b101111001011 [
b10011010010 .
b10011010010 9
b10011010010 l
b1110101001 "
b1110101001 )
b1110101001 -
b1110101001 8
b1110101001 n
b1000111010011 T
b10011010010 7
b10011010010 S
b1110101001 5
b1110101001 Q
b1011110010110 ^
b101010010101 4
b101010010101 \
b1111000011 2
b1111000011 Z
b1100011100111000 F
b11111110100110101 C
b101000110110 D
b1011110000 o
b11100101100 ,
b11100101100 =
b11100101100 ]
b11100101100 q
b1101101001 ;
b1101101001 B
b1100101 j
b1010001101100000000000000000 E
b101110110000011001000 J
b11100010101 :
b11100010101 K
b11100010101 M
b10010010 ?
b10010101111 >
b10011010010 O
b1000111010011 N
b1110101001 P
b101010111110 A
b101010111110 L
b10111110110 @
b110010111001 u
b1000010110 t
b1011110000 s
b11100101100 r
b1110110010100 X
b101010010101 W
b1111000011 Y
b1101101001 $
b1101101001 (
b1101101001 1
b1101101001 V
1#
#8740000
0#
#8745000
b100000010110 6
b100000010110 R
b100011000001 p
b10000011110 3
b10000011110 [
b1100101011 .
b1100101011 9
b1100101011 l
b100011000001 "
b100011000001 )
b100011000001 -
b100011000001 8
b100011000001 n
b1000000101100 T
b1100101011 7
b1100101011 S
b100011000001 5
b100011000001 Q
b11111111111000001 C
b110011000010 D
b11111110110 *
b11111110110 <
b11111110110 G
b11111110110 `
b1110011 +
b1110011 a
b1010100111101 ^
b100000111100 4
b100000111100 \
b101101000 2
b101101000 Z
b1110101001 o
b10011010010 ,
b10011010010 =
b10011010010 ]
b10011010010 q
b1111100101011011 F
b110011 h
b1101101010 ;
b1101101010 B
b1000010110 u
b1011110000 t
b1110101001 s
b10011010010 r
b10010101111 ?
b101111001011 >
b10111110110 A
b10111110110 L
b11100101100 @
b1100101011 O
b1000000101100 N
b1101111000000 P
b101000110110 :
b101000110110 K
b101000110110 M
b1100110000100000000000000000 E
b101110110011110100101 J
b1100110 j
b1101100111011 X
b100000111100 W
b101101000 Y
b1101101010 $
b1101101010 (
b1101101010 1
b1101101010 V
1#
#8750000
0#
#8755000
b100111110111 6
b100111110111 R
b11101101011 p
b1101001011 3
b1101001011 [
b11011101101 .
b11011101101 9
b11011101101 l
b11101101011 "
b11101101011 )
b11101101011 -
b11101101011 8
b11101101011 n
b1001111101110 T
b11011101101 7
b11011101101 S
b11101101011 5
b11101101011 Q
b1001110010111 ^
b11010010110 4
b11010010110 \
b110011000001 2
b110011000001 Z
b1111111000100100 F
b11 C
b110100000100 D
b100011000001 o
b1100101011 ,
b1100101011 =
b1100101011 ]
b1100101011 q
b1101101011 ;
b1101101011 B
b1100111 j
b1101000001000000000000000000 E
b110110010110111011100 J
b110011000010 :
b110011000010 K
b110011000010 M
b101111001011 ?
b10000011110 >
b11011101101 O
b1001111101110 N
b1101001101010 P
b11100101100 A
b11100101100 L
b10011010010 @
b1011110000 u
b1110101001 t
b100011000001 s
b1100101011 r
b1100110010101 X
b11010010110 W
b1111111000000 Y
b1101101011 $
b1101101011 (
b1101101011 1
b1101101011 V
1#
#8760000
0#
#8765000
b100011101011 6
b100011101011 R
b10011001111 p
b101110101101 3
b101110101101 [
b10011010101 .
b10011010101 9
b10011010101 l
b10011001111 "
b10011001111 )
b10011001111 -
b10011001111 8
b10011001111 n
b1000111010110 T
b10011010101 7
b10011010101 S
b10011001111 5
b10011001111 Q
b11111100100000001 C
b11000000010 D
b11101110000 *
b11101110000 <
b11101110000 G
b11101110000 `
b1110100 +
b1110100 a
b1011101011010 ^
b101001011001 4
b101001011001 \
b1110000001 2
b1110000001 Z
b11101101011 o
b11011101101 ,
b11011101101 =
b11011101101 ]
b11011101101 q
b111010000101110 F
b110100 h
b1101101100 ;
b1101101100 B
b1110101001 u
b100011000001 t
b11101101011 s
b11011101101 r
b10000011110 ?
b1101001011 >
b10011010010 A
b10011010010 L
b1100101011 @
b1011111010100 O
b10011010101 N
b10011001111 P
b11 :
b11 K
b11 M
b110000000100000000000000000 E
b110110011010111010010 J
b1101000 j
b1110101011000 X
b101001011001 W
b1110000001 Y
b1101101100 $
b1101101100 (
b1101101100 1
b1101101100 V
1#
#8770000
0#
#8775000
b101100010111 6
b101100010111 R
b101000101010 p
b10000100001 3
b10000100001 [
b100100101101 .
b100100101101 9
b100100101101 l
b101000101010 "
b101000101010 )
b101000101010 -
b101000101010 8
b101000101010 n
b1011000101110 T
b100100101101 7
b100100101101 S
b101000101010 5
b101000101010 Q
b1010101000011 ^
b100001000010 4
b100001000010 \
b101101000 2
b101101000 Z
b1100110011000000 F
b11111110101111111 C
b101010000000 D
b10011001111 o
b10011010101 ,
b10011010101 =
b10011010101 ]
b10011010101 q
b1101101101 ;
b1101101101 B
b1101001 j
b1010100000000000000000000000 E
b110010111001101000000 J
b11000000010 :
b11000000010 K
b11000000010 M
b1101001011 ?
b101110101101 >
b1110000101100 O
b100100101101 N
b1110100101001 P
b1100101011 A
b1100101011 L
b11011101101 @
b100011000001 u
b11101101011 t
b10011001111 s
b10011010101 r
b1101101000001 X
b100001000010 W
b101101000 Y
b1101101101 $
b1101101101 (
b1101101101 1
b1101101101 V
1#
#8780000
0#
#8785000
b1000110110 6
b1000110110 R
b100101101110 p
b110011001110 3
b110011001110 [
b10001101100 .
b10001101100 9
b10001101100 l
b100101101110 "
b100101101110 )
b100101101110 -
b100101101110 8
b100101101110 n
b1000101101101 T
b10001101100 7
b10001101100 S
b100101101110 5
b100101101110 Q
b11111100100001110 C
b11000001111 D
b10010110110 *
b10010110110 <
b10010110110 G
b10010110110 `
b1110101 +
b1110101 a
b1100110011100 ^
b110010011011 4
b110010011011 \
b10110111111 2
b10110111111 Z
b101000101010 o
b100100101101 ,
b100100101101 =
b100100101101 ]
b100100101101 q
b111010101010000 F
b110101 h
b1101101110 ;
b1101101110 B
b11101101011 u
b10011001111 t
b101000101010 s
b100100101101 r
b101110101101 ?
b10000100001 >
b11011101101 A
b11011101101 L
b10011010101 @
b10001101100 O
b1000101101101 N
b1110001101101 P
b101010000000 :
b101010000000 K
b101010000000 M
b110000011110000000000000000 E
b110010111101010110000 J
b1101010 j
b1111110011010 X
b110010011011 W
b10110111111 Y
b1101101110 $
b1101101110 (
b1101101110 1
b1101101110 V
1#
#8790000
0#
#8795000
b10101110010 6
b10101110010 R
b101111000111 p
b101001101110 3
b101001101110 [
b101011100100 .
b101011100100 9
b101011100100 l
b101111000111 "
b101111000111 )
b101111000111 -
b101111000111 8
b101111000111 n
b1011111100101 T
b101011100100 7
b101011100100 S
b101111000111 5
b101111000111 Q
b1010011011100 ^
b11111011011 4
b11111011011 \
b11111101 2
b11111101 Z
b111101111001100 F
b11111100101011001 C
b11001011010 D
b100101101110 o
b10001101100 ,
b10001101100 =
b10001101100 ]
b10001101100 q
b1101101111 ;
b1101101111 B
b1101011 j
b110010110100000000000000000 E
b100000010100000110100 J
b11000001111 :
b11000001111 K
b11000001111 M
b10000100001 ?
b110011001110 >
b1110111100011 O
b101011100100 N
b1111011000110 P
b10011010101 A
b10011010101 L
b100100101101 @
b10011001111 u
b101000101010 t
b100101101110 s
b10001101100 r
b1101011011010 X
b11111011011 W
b11111101 Y
b1101101111 $
b1101101111 (
b1101101111 1
b1101101111 V
1#
#8800000
0#
#8805000
b101000011 6
b101000011 R
b1011010011 p
b11100101010 3
b11100101010 [
b1010000110 .
b1010000110 9
b1010000110 l
b1011010011 "
b1011010011 )
b1011010011 -
b1011010011 8
b1011010011 n
b111110000111 T
b1010000110 7
b1010000110 S
b1011010011 5
b1011010011 Q
b11111110001000010 C
b100101000011 D
b100000011001 *
b100000011001 <
b100000011001 G
b100000011001 `
b1110110 +
b1110110 a
b111001010100 ^
b101010011 4
b101010011 \
b11101110100 2
b11101110100 Z
b101111000111 o
b101011100100 ,
b101011100100 =
b101011100100 ]
b101011100100 q
b1011010100010110 F
b110110 h
b1101110000 ;
b1101110000 B
b101000101010 u
b100101101110 t
b101111000111 s
b101011100100 r
b110011001110 ?
b101001101110 >
b100100101101 A
b100100101101 L
b10001101100 @
b1010000110 O
b111110000111 N
b1011010011 P
b11001011010 :
b11001011010 K
b11001011010 M
b1001010000110000000000000000 E
b100000010110011101010 J
b1101100 j
b101010011 X
b111001010100 W
b11101110100 Y
b1101110000 $
b1101110000 (
b1101110000 1
b1101110000 V
1#
#8810000
0#
#8815000
b1010111 6
b1010111 R
b100000101010 p
b100101111100 3
b100101111100 [
b10101110 .
b10101110 9
b10101110 l
b100000101010 "
b100000101010 )
b100000101010 -
b100000101010 8
b100000101010 n
b110110101111 T
b10101110 7
b10101110 S
b100000101010 5
b100000101010 Q
b1001011111000 ^
b10111110111 4
b10111110111 \
b110000010110 2
b110000010110 Z
b101101000010000 F
b11111011110101110 C
b10010101111 D
b1011010011 o
b1010000110 ,
b1010000110 =
b1010000110 ]
b1010000110 q
b1101110001 ;
b1101110001 B
b1101101 j
b100101011110000000000000000 E
b110111101010111110000 J
b100101000011 :
b100101000011 K
b100101000011 M
b101001101110 ?
b11100101010 >
b10101110 O
b110110101111 N
b1101100101001 P
b10001101100 A
b10001101100 L
b101011100100 @
b100101101110 u
b101111000111 t
b1011010011 s
b1010000110 r
b1100011110110 X
b10111110111 W
b1111100010101 Y
b1101110001 $
b1101110001 (
b1101110001 1
b1101110001 V
1#
#8820000
0#
#8825000
b101001001 6
b101001001 R
b11000110101 p
b1000010000 3
b1000010000 [
b1010010010 .
b1010010010 9
b1010010010 l
b11000110101 "
b11000110101 )
b11000110101 -
b11000110101 8
b11000110101 n
b111110010011 T
b1010010010 7
b1010010010 S
b11000110101 5
b11000110101 Q
b11111101011000110 C
b11111000111 D
b10100100110 *
b10100100110 <
b10100100110 G
b10100100110 `
b1110111 +
b1110111 a
b1000100100001 ^
b10000100000 4
b10000100000 \
b101000111101 2
b101000111101 Z
b100000101010 o
b10101110 ,
b10101110 =
b10101110 ]
b10101110 q
b1001011011110111 F
b110111 h
b1101110010 ;
b1101110010 B
b101111000111 u
b1011010011 t
b100000101010 s
b10101110 r
b11100101010 ?
b100101111100 >
b101011100100 A
b101011100100 L
b1010000110 @
b1010010010 O
b111110010011 N
b11000110101 P
b10010101111 :
b10010101111 K
b10010101111 M
b111110001110000000000000000 E
b110111101111000001001 J
b1101110 j
b1011100011111 X
b10000100000 W
b1110100111100 Y
b1101110010 $
b1101110010 (
b1101110010 1
b1101110010 V
1#
#8830000
0#
#8835000
b101110100111 6
b101110100111 R
b11111000000 p
b100110000011 3
b100110000011 [
b101001001101 .
b101001001101 9
b101001001101 l
b11111000000 "
b11111000000 )
b11111000000 -
b11111000000 8
b11111000000 n
b1011101001110 T
b101001001101 7
b101001001101 S
b11111000000 5
b11111000000 Q
b1001100000110 ^
b11000000101 4
b11000000101 \
b110000100000 2
b110000100000 Z
b11111100010100 F
b11111011001000101 C
b1101000110 D
b11000110101 o
b1010010010 ,
b1010010010 =
b1010010010 ]
b1010010010 q
b1101110011 ;
b1101110011 B
b1101111 j
b11010001100000000000000000 E
b100011011110011101100 J
b11111000111 :
b11111000111 K
b11111000111 M
b100101111100 ?
b1000010000 >
b1110101001100 O
b101001001101 N
b1101010111111 P
b1010000110 A
b1010000110 L
b10101110 @
b1011010011 u
b100000101010 t
b11000110101 s
b1010010010 r
b1100100000100 X
b11000000101 W
b1111100011111 Y
b1101110011 $
b1101110011 (
b1101110011 1
b1101110011 V
1#
#8840000
0#
#8845000
b111111010 6
b111111010 R
b101001101001 p
b1100000 3
b1100000 [
b1111110100 .
b1111110100 9
b1111110100 l
b101001101001 "
b101001101001 )
b101001101001 -
b101001101001 8
b101001101001 n
b1000011110101 T
b1111110100 7
b1111110100 S
b101001101001 5
b101001101001 Q
b11111010100011000 C
b1000011001 D
b110001001010 *
b110001001010 <
b110001001010 G
b110001001010 `
b1111000 +
b1111000 a
b110111000001 ^
b11000000 4
b11000000 \
b11011011001 2
b11011011001 Z
b11111000000 o
b101001001101 ,
b101001001101 =
b101001001101 ]
b101001001101 q
b10011111101110 F
b111000 h
b1101110100 ;
b1101110100 B
b100000101010 u
b11000110101 t
b11111000000 s
b101001001101 r
b1000010000 ?
b100110000011 >
b10101110 A
b10101110 L
b1010010010 @
b1011011110011 O
b1111110100 N
b1110101101000 P
b1101000110 :
b1101000110 K
b1101000110 M
b10000110010000000000000000 E
b100011100001000010010 J
b1110000 j
b11000000 X
b110111000001 W
b11011011001 Y
b1101110100 $
b1101110100 (
b1101110100 1
b1101110100 V
1#
#8850000
0#
#8855000
b100011010110 6
b100011010110 R
b1111001 p
b101000110101 3
b101000110101 [
b10010101011 .
b10010101011 9
b10010101011 l
b1111001 "
b1111001 )
b1111001 -
b1111001 8
b1111001 n
b1000110101100 T
b10010101011 7
b10010101011 S
b1111001 5
b1111001 Q
b1010001101010 ^
b11101101001 4
b11101101001 \
b1111111 2
b1111111 Z
b111100001111000 F
b11111100101001000 C
b11001001001 D
b101001101001 o
b1111110100 ,
b1111110100 =
b1111110100 ]
b1111110100 q
b1101110101 ;
b1101110101 B
b1110001 j
b110010010010000000000000000 E
b1010100110111110001000 J
b1000011001 :
b1000011001 K
b1000011001 M
b100110000011 ?
b1100000 >
b1011110101010 O
b10010101011 N
b1111001 P
b1010010010 A
b1010010010 L
b101001001101 @
b11000110101 u
b11111000000 t
b101001101001 s
b1111110100 r
b1101001101000 X
b11101101001 W
b1111111 Y
b1101110101 $
b1101110101 (
b1101110101 1
b1101110101 V
1#
#8860000
0#
#8865000
b100001001011 6
b100001001011 R
b10000000100 p
b101010010001 3
b101010010001 [
b1110010101 .
b1110010101 9
b1110010101 l
b10000000100 "
b10000000100 )
b10000000100 -
b10000000100 8
b10000000100 n
b1000010010110 T
b1110010101 7
b1110010101 S
b10000000100 5
b10000000100 Q
b11111010110000010 C
b1010000011 D
b11100110011 *
b11100110011 <
b11100110011 G
b11100110011 `
b1111001 +
b1111001 a
b1010100100010 ^
b100000100001 4
b100000100001 \
b100110101 2
b100110101 Z
b1111001 o
b10010101011 ,
b10010101011 =
b10010101011 ]
b10010101011 q
b10111000101110 F
b111001 h
b1101110110 ;
b1101110110 B
b11111000000 u
b101001101001 t
b1111001 s
b10010101011 r
b1100000 ?
b101000110101 >
b101001001101 A
b101001001101 L
b1111110100 @
b1110010101 O
b1000010010110 N
b10000000100 P
b11001001001 :
b11001001001 K
b11001001001 M
b10100000110000000000000000 E
b1010100111101111010010 J
b1110010 j
b1101100100000 X
b100000100001 W
b100110101 Y
b1101110110 $
b1101110110 (
b1101110110 1
b1101110110 V
1#
#8870000
0#
#8875000
b100110111100 6
b100110111100 R
b101110001 p
b1110000110 3
b1110000110 [
b11001110111 .
b11001110111 9
b11001110111 l
b101110001 "
b101110001 )
b101110001 -
b101110001 8
b101110001 n
b1001101111000 T
b11001110111 7
b11001110111 S
b101110001 5
b101110001 Q
b1010000001101 ^
b11100001100 4
b11100001100 \
b11110 2
b11110 Z
b1010111101111110 F
b11111110000000010 C
b100100000011 D
b10000000100 o
b1110010101 ,
b1110010101 =
b1110010101 ]
b1110010101 q
b1101110111 ;
b1101110111 B
b1110011 j
b1001000000110000000000000000 E
b110001110101010000010 J
b1010000011 :
b1010000011 K
b1010000011 M
b101000110101 ?
b101010010001 >
b1100101110110 O
b11001110111 N
b101110001 P
b1111110100 A
b1111110100 L
b10010101011 @
b101001101001 u
b1111001 t
b10000000100 s
b1110010101 r
b1101000001011 X
b11100001100 W
b11110 Y
b1101110111 $
b1101110111 (
b1101110111 1
b1101110111 V
1#
#8880000
0#
#8885000
b11011010111 6
b11011010111 R
b100010101001 p
b101101111000 3
b101101111000 [
b10101101 .
b10101101 9
b10101101 l
b100010101001 "
b100010101001 )
b100010101001 -
b100010101001 8
b100010101001 n
b110110101110 T
b10101101 7
b10101101 S
b100010101001 5
b100010101001 Q
b11111011001001111 C
b1101010000 D
b110001101000 *
b110001101000 <
b110001101000 G
b110001101000 `
b1111010 +
b1111010 a
b1011011110000 ^
b100111101111 4
b100111101111 \
b1011111111 2
b1011111111 Z
b101110001 o
b11001110111 ,
b11001110111 =
b11001110111 ]
b11001110111 q
b11111101001011 F
b111010 h
b1101111000 ;
b1101111000 B
b1111001 u
b10000000100 t
b101110001 s
b11001110111 r
b101010010001 ?
b1110000110 >
b10010101011 A
b10010101011 L
b1110010101 @
b10101101 O
b110110101110 N
b1101110101000 P
b100100000011 :
b100100000011 K
b100100000011 M
b11010100000000000000000000 E
b110001111000110110101 J
b1110100 j
b1110011101110 X
b100111101111 W
b1011111111 Y
b1101111000 $
b1101111000 (
b1101111000 1
b1101111000 V
1#
#8890000
0#
#8895000
b100111110011 6
b100111110011 R
b1000101 p
b1000010011 3
b1000010011 [
b11011100101 .
b11011100101 9
b11011100101 l
b1000101 "
b1000101 )
b1000101 -
b1000101 8
b1000101 n
b1001111100110 T
b11011100101 7
b11011100101 S
b1000101 5
b1000101 Q
b1000100100111 ^
b10000100110 4
b10000100110 \
b101000110101 2
b101000110101 Z
b1011011101000000 F
b11111110001111001 C
b100101111010 D
b100010101001 o
b10101101 ,
b10101101 =
b10101101 ]
b10101101 q
b1101111001 ;
b1101111001 B
b1110101 j
b1001011110100000000000000000 E
b1010110000100011000000 J
b1101010000 :
b1101010000 K
b1101010000 M
b1110000110 ?
b101101111000 >
b1100111100100 O
b11011100101 N
b1000101 P
b1110010101 A
b1110010101 L
b11001110111 @
b10000000100 u
b101110001 t
b100010101001 s
b10101101 r
b1011100100101 X
b10000100110 W
b1110100110100 Y
b1101111001 $
b1101111001 (
b1101111001 1
b1101111001 V
1#
#8900000
0#
#8905000
b101111000 6
b101111000 R
b100111111110 p
b101110110000 3
b101110110000 [
b1011110000 .
b1011110000 9
b1011110000 l
b100111111110 "
b100111111110 )
b100111111110 -
b100111111110 8
b100111111110 n
b111111110001 T
b1011110000 7
b1011110000 S
b100111111110 5
b100111111110 Q
b11111111110000000 C
b110010000001 D
b1000110011 *
b1000110011 <
b1000110011 G
b1000110011 `
b1111011 +
b1111011 a
b1011101100000 ^
b101001011111 4
b101001011111 \
b1101101011 2
b1101101011 Z
b1000101 o
b11011100101 ,
b11011100101 =
b11011100101 ]
b11011100101 q
b1111001011011000 F
b111011 h
b1101111010 ;
b1101111010 B
b101110001 u
b100010101001 t
b1000101 s
b11011100101 r
b101101111000 ?
b1000010011 >
b11001110111 A
b11001110111 L
b10101101 @
b1011110000 O
b111111110001 N
b1110011111101 P
b100101111010 :
b100101111010 K
b100101111010 M
b1100100000010000000000000000 E
b1010110001010100101000 J
b1110110 j
b1110101011110 X
b101001011111 W
b1101101011 Y
b1101111010 $
b1101111010 (
b1101111010 1
b1101111010 V
1#
#8910000
0#
#8915000
b11010010111 6
b11010010111 R
b100101101 p
b100110110110 3
b100110110110 [
b101101 .
b101101 9
b101101 l
b100101101 "
b100101101 )
b100101101 -
b100101101 8
b100101101 n
b110100101110 T
b101101 7
b101101 S
b100101101 5
b100101101 Q
b1001101101100 ^
b11001101011 4
b11001101011 \
b110001110110 2
b110001110110 Z
b101000010110010 F
b11111011100100000 C
b10000100001 D
b100111111110 o
b1011110000 ,
b1011110000 =
b1011110000 ]
b1011110000 q
b1101111011 ;
b1101111011 B
b1110111 j
b100001000010000000000000000 E
b1111010010101001110 J
b110010000001 :
b110010000001 K
b110010000001 M
b1000010011 ?
b101110110000 >
b101101 O
b110100101110 N
b1010000101100 P
b10101101 A
b10101101 L
b11011100101 @
b100010101001 u
b1000101 t
b100111111110 s
b1011110000 r
b1100101101010 X
b11001101011 W
b1111101110101 Y
b1101111011 $
b1101111011 (
b1101111011 1
b1101111011 V
1#
#8920000
0#
#8925000
b10110000011 6
b10110000011 R
b1011000100 p
b100001010101 3
b100001010101 [
b101100000110 .
b101100000110 9
b101100000110 l
b1011000100 "
b1011000100 )
b1011000100 -
b1011000100 8
b1011000100 n
b1100000000111 T
b101100000110 7
b101100000110 S
b1011000100 5
b1011000100 Q
b11111111010101111 C
b101110110000 D
b101100100001 *
b101100100001 <
b101100100001 G
b101100100001 `
b1111100 +
b1111100 a
b1000010101010 ^
b1110101001 4
b1110101001 \
b100110110010 2
b100110110010 Z
b100101101 o
b101101 ,
b101101 =
b101101 ]
b101101 q
b1110010101111111 F
b111100 h
b1101111100 ;
b1101111100 B
b1000101 u
b100111111110 t
b100101101 s
b101101 r
b101110110000 ?
b100110110110 >
b11011100101 A
b11011100101 L
b1011110000 @
b1111000000101 O
b101100000110 N
b1011000100 P
b10000100001 :
b10000100001 K
b10000100001 M
b1011101100000000000000000000 E
b1111010011110000001 J
b1111000 j
b1011010101000 X
b1110101001 W
b1110010110001 Y
b1101111100 $
b1101111100 (
b1101111100 1
b1101111100 V
1#
#8930000
0#
#8935000
b11101010000 6
b11101010000 R
b10001000001 p
b11000001 3
b11000001 [
b110011111 .
b110011111 9
b110011111 l
b10001000001 "
b10001000001 )
b10001000001 -
b10001000001 8
b10001000001 n
b111010100000 T
b110011111 7
b110011111 S
b10001000001 5
b10001000001 Q
b111010000011 ^
b110000010 4
b110000010 \
b11110001001 2
b11110001001 Z
b10100000100 F
b11111001101100111 C
b1101000 D
b1011000100 o
b101100000110 ,
b101100000110 =
b101100000110 ]
b101100000110 q
b1101111101 ;
b1101111101 B
b1111001 j
b11010000000000000000000 E
b1001101100011011111100 J
b101110110000 :
b101110110000 K
b101110110000 M
b100110110110 ?
b100001010101 >
b110011111 O
b111010100000 N
b1011101000000 P
b1011110000 A
b1011110000 L
b101101 @
b100111111110 u
b100101101 t
b1011000100 s
b101100000110 r
b110000010 X
b111010000011 W
b11110001001 Y
b1101111101 $
b1101111101 (
b1101111101 1
b1101111101 V
1#
#8940000
0#
#8945000
b11011001011 6
b11011001011 R
b110011000110 p
b100100001111 3
b100100001111 [
b10010101 .
b10010101 9
b10010101 l
b110011000110 "
b110011000110 )
b110011000110 -
b110011000110 8
b110011000110 n
b110110010110 T
b10010101 7
b10010101 S
b110011000110 5
b110011000110 Q
b11111101110100000 C
b100010100001 D
b10110001101 *
b10110001101 <
b10110001101 G
b10110001101 `
b1111101 +
b1111101 a
b1001000011110 ^
b10100011101 4
b10100011101 \
b101100100010 2
b101100100010 Z
b10001000001 o
b110011111 ,
b110011111 =
b110011111 ]
b110011111 q
b1010011011100011 F
b111101 h
b1101111110 ;
b1101111110 B
b100101101 u
b1011000100 t
b10001000001 s
b110011111 r
b100001010101 ?
b11000001 >
b101101 A
b101101 L
b101100000110 @
b1001110010100 O
b10010101 N
b1111111000101 P
b1101000 :
b1101000 K
b1101000 M
b1000101000010000000000000000 E
b1001101101001000011101 J
b1111010 j
b1100000011100 X
b10100011101 W
b1111000100001 Y
b1101111110 $
b1101111110 (
b1101111110 1
b1101111110 V
1#
#8950000
0#
#8955000
b1101010011 6
b1101010011 R
b1001100101 p
b1000001010 3
b1000001010 [
b11010100110 .
b11010100110 9
b11010100110 l
b1001100101 "
b1001100101 )
b1001100101 -
b1001100101 8
b1001100101 n
b1001110100111 T
b11010100110 7
b11010100110 S
b1001100101 5
b1001100101 Q
b1000100010101 ^
b10000010100 4
b10000010100 \
b101000010111 2
b101000010111 Z
b1100101110011010 F
b11111110101101010 C
b101001101011 D
b110011000110 o
b10010101 ,
b10010101 =
b10010101 ]
b10010101 q
b1101111111 ;
b1101111111 B
b1111011 j
b1010011010110000000000000000 E
b100110110001001100110 J
b100010100001 :
b100010100001 K
b100010100001 M
b11000001 ?
b100100001111 >
b11010100110 O
b1001110100111 N
b1001100101 P
b101100000110 A
b101100000110 L
b110011111 @
b1011000100 u
b10001000001 t
b110011000110 s
b10010101 r
b1011100010011 X
b10000010100 W
b1110100010110 Y
b1101111111 $
b1101111111 (
b1101111111 1
b1101111111 V
1#
#8960000
0#
#8965000
b11000000101 6
b11000000101 R
b10000110101 p
b10100010011 3
b10100010011 [
b110000001010 .
b110000001010 9
b110000001010 l
b10000110101 "
b10000110101 )
b10000110101 -
b10000110101 8
b10000110101 n
b1100100001011 T
b110000001010 7
b110000001010 S
b10000110101 5
b10000110101 Q
b11111111100110111 C
b110000111000 D
b100101001011 *
b100101001011 <
b100101001011 G
b100101001011 `
b1111110 +
b1111110 a
b1011100100111 ^
b101000100110 4
b101000100110 \
b1100100110 2
b1100100110 Z
b1001100101 o
b11010100110 ,
b11010100110 =
b11010100110 ]
b11010100110 q
b1110111100001101 F
b111110 h
b1110000000 ;
b1110000000 B
b10001000001 u
b110011000110 t
b1001100101 s
b11010100110 r
b100100001111 ?
b1000001010 >
b110011111 A
b110011111 L
b10010101 @
b1111100001001 O
b110000001010 N
b1011100110100 P
b101001101011 :
b101001101011 K
b101001101011 M
b1100001110000000000000000000 E
b100110110011111110011 J
b1111100 j
b1110100100101 X
b101000100110 W
b1100100110 Y
b1110000000 $
b1110000000 (
b1110000000 1
b1110000000 V
1#
#8970000
0#
#8975000
b110011100111 6
b110011100111 R
b101011110 p
b101000101 3
b101000101 [
b110011001101 .
b110011001101 9
b110011001101 l
b101011110 "
b101011110 )
b101011110 -
b101011110 8
b101011110 n
b1100111001110 T
b110011001101 7
b110011001101 S
b101011110 5
b101011110 Q
b111110001011 ^
b1010001010 4
b1010001010 \
b100010001001 2
b100010001001 Z
b1111100110000000 F
b11111111111001100 C
b110011001101 D
b10000110101 o
b110000001010 ,
b110000001010 =
b110000001010 ]
b110000001010 q
b1110000001 ;
b1110000001 B
b1111101 j
b1100110011010000000000000000 E
b1000001000011010000000 J
b110000111000 :
b110000111000 K
b110000111000 M
b1000001010 ?
b10100010011 >
b1111111001100 O
b110011001101 N
b1010001011101 P
b10010101 A
b10010101 L
b11010100110 @
b110011000110 u
b1001100101 t
b10000110101 s
b110000001010 r
b1010001010 X
b111110001011 W
b100010001001 Y
b1110000001 $
b1110000001 (
b1110000001 1
b1110000001 V
1#
#8980000
0#
#8985000
b1100111001 6
b1100111001 R
b11011011010 p
b110100111 3
b110100111 [
b11001110010 .
b11001110010 9
b11001110010 l
b11011011010 "
b11011011010 )
b11011011010 -
b11011011010 8
b11011011010 n
b1001101110011 T
b11001110010 7
b11001110010 S
b11011011010 5
b11011011010 Q
b11111110011010110 C
b100111010111 D
b11011000010 *
b11011000010 <
b11011000010 G
b11011000010 `
b1111111 +
b1111111 a
b1000001001111 ^
b1101001110 4
b1101001110 \
b100101001011 2
b100101001011 Z
b101011110 o
b110011001101 ,
b110011001101 =
b110011001101 ]
b110011001101 q
b1011111100110101 F
b111111 h
b1110000010 ;
b1110000010 B
b1001100101 u
b10000110101 t
b101011110 s
b110011001101 r
b10100010011 ?
b101000101 >
b11010100110 A
b11010100110 L
b110000001010 @
b11001110010 O
b1001101110011 N
b1100111011001 P
b110011001101 :
b110011001101 K
b110011001101 M
b1001110101110000000000000000 E
b1000001000111111001011 J
b1111110 j
b1101001110 X
b1000001001111 W
b100101001011 Y
b1110000010 $
b1110000010 (
b1110000010 1
b1110000010 V
1#
#8990000
0#
#8995000
b10001110000 6
b10001110000 R
b1000110011 p
b101101111011 3
b101101111011 [
b100011100000 .
b100011100000 9
b100011100000 l
b1000110011 "
b1000110011 )
b1000110011 -
b1000110011 8
b1000110011 n
b1010111100001 T
b100011100000 7
b100011100000 S
b1000110011 5
b1000110011 Q
b1011011110110 ^
b100111110101 4
b100111110101 \
b1011101111 2
b1011101111 Z
b1111111101111100 F
b10001 C
b110100010010 D
b11011011010 o
b11001110010 ,
b11001110010 =
b11001110010 ]
b11001110010 q
b1110000011 ;
b1110000011 B
b1111111 j
b1101000100100000000000000000 E
b101111011010010000100 J
b100111010111 :
b100111010111 K
b100111010111 M
b101000101 ?
b110100111 >
b100011100000 O
b1010111100001 N
b1000110011 P
b110000001010 A
b110000001010 L
b110011001101 @
b10000110101 u
b101011110 t
b11011011010 s
b11001110010 r
b1110011110100 X
b100111110101 W
b1011101111 Y
b1110000011 $
b1110000011 (
b1110000011 1
b1110000011 V
1#
#9000000
0#
#9005000
b11001101111 6
b11001101111 R
b110010111100 p
b11000110010 3
b11000110010 [
b110011011110 .
b110011011110 9
b110011011110 l
b110010111100 "
b110010111100 )
b110010111100 -
b110010111100 8
b110010111100 n
b1100111011111 T
b110011011110 7
b110011011110 S
b110010111100 5
b110010111100 Q
b11111110111001011 C
b101011001100 D
b1100101100101 ^
b110001100100 4
b110001100100 \
b10101011100 2
b10101011100 Z
b1000110011 o
b100011100000 ,
b100011100000 =
b100011100000 ]
b100011100000 q
b1101001010111010 F
b100011101100 *
b100011101100 <
b100011101100 G
b100011101100 `
b0 +
b0 a
b0 h
b1110000100 ;
b1110000100 B
b101011110 u
b11011011010 t
b1000110011 s
b100011100000 r
b110100111 ?
b101101111011 >
b110011001101 A
b110011001101 L
b11001110010 @
b1111111011101 O
b110011011110 N
b110010111100 P
b10001 :
b10001 K
b10001 M
b1010110011000000000000000000 E
b101111011101101000110 J
0m
1!
b10 i
b0 j
b1111101100011 X
b110001100100 W
b10101011100 Y
b1110000100 $
b1110000100 (
b1110000100 1
b1110000100 V
1#
#9010000
0#
#9015000
b100010011111 6
b100010011111 R
b100010100111 p
b10000111101 .
b10000111101 9
b10000111101 l
b100010100111 "
b100010100111 )
b100010100111 -
b100010100111 8
b100010100111 n
b1000100111110 T
b10000111101 7
b10000111101 S
b100010100111 5
b100010100111 Q
b1001001001010000 F
b11111101010001101 C
b11110001110 D
b0 i
b111100011100000000000000000 E
b111110101110110110000 J
b101011001100 :
b101011001100 K
b101011001100 M
b101101111011 ?
b11000110010 >
b10000111101 O
b1000100111110 N
b1101110100110 P
b11001110010 A
b11001110010 L
b100011100000 @
1#
#9020000
0#
#9025000
b1001110001 3
b1001110001 [
b100000110111 6
b100000110111 R
b101011011011 2
b101011011011 Z
b1000111100011 ^
b10011100010 4
b10011100010 \
b1101101101 .
b1101101101 9
b1101101101 l
b101010010 "
b101010010 )
b101010010 -
b101010010 8
b101010010 n
b1000001101110 T
b1101101101 7
b1101101101 S
b101010010 5
b101010010 Q
b1110111011010 Y
b1011111100001 X
b10011100010 W
b101011110 ,
b101011110 =
b101011110 ]
b101011110 q
b100011100000 p
b0 0
b0 f
b0 k
b1 e
b11000110010 ?
b100011100000 A
b100011100000 L
b1101101101 O
b1000001101110 N
b101010010 P
b11110001110 :
b11110001110 K
b11110001110 M
b1 /
b1 g
1m
0!
1#
